CRITICAL - 2025-08-28 09:49:07 --> ErrorException: Undefined variable $min_support
[Method: GET, Route: analisis]
in APPPATH\Views\analisis\index.php on line 9.
 1 APPPATH\Views\analisis\index.php(9): CodeIgniter\Debug\Exceptions->errorHandler(2, 'Undefined variable $min_support', 'C:\\laragon\\www\\apriori\\app\\Views\\analisis\\index.php', 9)
 2 SYSTEMPATH\View\View.php(224): include('C:\\laragon\\www\\apriori\\app\\Views\\analisis\\index.php')
 3 SYSTEMPATH\View\View.php(227): CodeIgniter\View\View->CodeIgniter\View\{closure}()
 4 SYSTEMPATH\Common.php(1173): CodeIgniter\View\View->render('analisis/index', [], true)
 5 APPPATH\Controllers\Analisis.php(12): view('analisis/index')
 6 SYSTEMPATH\CodeIgniter.php(933): App\Controllers\Analisis->index()
 7 SYSTEMPATH\CodeIgniter.php(507): CodeIgniter\CodeIgniter->runController(Object(App\Controllers\Analisis))
 8 SYSTEMPATH\CodeIgniter.php(354): CodeIgniter\CodeIgniter->handleRequest(null, Object(Config\Cache), false)
 9 SYSTEMPATH\Boot.php(334): CodeIgniter\CodeIgniter->run()
10 SYSTEMPATH\Boot.php(67): CodeIgniter\Boot::runCodeIgniter(Object(CodeIgniter\CodeIgniter))
11 FCPATH\index.php(59): CodeIgniter\Boot::bootWeb(Object(Config\Paths))
CRITICAL - 2025-08-28 09:49:29 --> ErrorException: Undefined variable $min_support
[Method: GET, Route: analisis]
in APPPATH\Views\analisis\index.php on line 9.
 1 APPPATH\Views\analisis\index.php(9): CodeIgniter\Debug\Exceptions->errorHandler(2, 'Undefined variable $min_support', 'C:\\laragon\\www\\apriori\\app\\Views\\analisis\\index.php', 9)
 2 SYSTEMPATH\View\View.php(224): include('C:\\laragon\\www\\apriori\\app\\Views\\analisis\\index.php')
 3 SYSTEMPATH\View\View.php(227): CodeIgniter\View\View->CodeIgniter\View\{closure}()
 4 SYSTEMPATH\Common.php(1173): CodeIgniter\View\View->render('analisis/index', [], true)
 5 APPPATH\Controllers\Analisis.php(12): view('analisis/index')
 6 SYSTEMPATH\CodeIgniter.php(933): App\Controllers\Analisis->index()
 7 SYSTEMPATH\CodeIgniter.php(507): CodeIgniter\CodeIgniter->runController(Object(App\Controllers\Analisis))
 8 SYSTEMPATH\CodeIgniter.php(354): CodeIgniter\CodeIgniter->handleRequest(null, Object(Config\Cache), false)
 9 SYSTEMPATH\Boot.php(334): CodeIgniter\CodeIgniter->run()
10 SYSTEMPATH\Boot.php(67): CodeIgniter\Boot::runCodeIgniter(Object(CodeIgniter\CodeIgniter))
11 FCPATH\index.php(59): CodeIgniter\Boot::bootWeb(Object(Config\Paths))
CRITICAL - 2025-08-28 09:49:52 --> ErrorException: Undefined variable $min_support
[Method: GET, Route: analisis]
in APPPATH\Views\analisis\index.php on line 9.
 1 APPPATH\Views\analisis\index.php(9): CodeIgniter\Debug\Exceptions->errorHandler(2, 'Undefined variable $min_support', 'C:\\laragon\\www\\apriori\\app\\Views\\analisis\\index.php', 9)
 2 SYSTEMPATH\View\View.php(224): include('C:\\laragon\\www\\apriori\\app\\Views\\analisis\\index.php')
 3 SYSTEMPATH\View\View.php(227): CodeIgniter\View\View->CodeIgniter\View\{closure}()
 4 SYSTEMPATH\Common.php(1173): CodeIgniter\View\View->render('analisis/index', [], true)
 5 APPPATH\Controllers\Analisis.php(12): view('analisis/index')
 6 SYSTEMPATH\CodeIgniter.php(933): App\Controllers\Analisis->index()
 7 SYSTEMPATH\CodeIgniter.php(507): CodeIgniter\CodeIgniter->runController(Object(App\Controllers\Analisis))
 8 SYSTEMPATH\CodeIgniter.php(354): CodeIgniter\CodeIgniter->handleRequest(null, Object(Config\Cache), false)
 9 SYSTEMPATH\Boot.php(334): CodeIgniter\CodeIgniter->run()
10 SYSTEMPATH\Boot.php(67): CodeIgniter\Boot::runCodeIgniter(Object(CodeIgniter\CodeIgniter))
11 FCPATH\index.php(59): CodeIgniter\Boot::bootWeb(Object(Config\Paths))
CRITICAL - 2025-08-28 09:50:01 --> ErrorException: Undefined variable $min_support
[Method: GET, Route: analisis]
in APPPATH\Views\analisis\index.php on line 9.
 1 APPPATH\Views\analisis\index.php(9): CodeIgniter\Debug\Exceptions->errorHandler(2, 'Undefined variable $min_support', 'C:\\laragon\\www\\apriori\\app\\Views\\analisis\\index.php', 9)
 2 SYSTEMPATH\View\View.php(224): include('C:\\laragon\\www\\apriori\\app\\Views\\analisis\\index.php')
 3 SYSTEMPATH\View\View.php(227): CodeIgniter\View\View->CodeIgniter\View\{closure}()
 4 SYSTEMPATH\Common.php(1173): CodeIgniter\View\View->render('analisis/index', [], true)
 5 APPPATH\Controllers\Analisis.php(12): view('analisis/index')
 6 SYSTEMPATH\CodeIgniter.php(933): App\Controllers\Analisis->index()
 7 SYSTEMPATH\CodeIgniter.php(507): CodeIgniter\CodeIgniter->runController(Object(App\Controllers\Analisis))
 8 SYSTEMPATH\CodeIgniter.php(354): CodeIgniter\CodeIgniter->handleRequest(null, Object(Config\Cache), false)
 9 SYSTEMPATH\Boot.php(334): CodeIgniter\CodeIgniter->run()
10 SYSTEMPATH\Boot.php(67): CodeIgniter\Boot::runCodeIgniter(Object(CodeIgniter\CodeIgniter))
11 FCPATH\index.php(59): CodeIgniter\Boot::bootWeb(Object(Config\Paths))
CRITICAL - 2025-08-28 09:50:02 --> ErrorException: Undefined variable $min_support
[Method: GET, Route: analisis]
in APPPATH\Views\analisis\index.php on line 9.
 1 APPPATH\Views\analisis\index.php(9): CodeIgniter\Debug\Exceptions->errorHandler(2, 'Undefined variable $min_support', 'C:\\laragon\\www\\apriori\\app\\Views\\analisis\\index.php', 9)
 2 SYSTEMPATH\View\View.php(224): include('C:\\laragon\\www\\apriori\\app\\Views\\analisis\\index.php')
 3 SYSTEMPATH\View\View.php(227): CodeIgniter\View\View->CodeIgniter\View\{closure}()
 4 SYSTEMPATH\Common.php(1173): CodeIgniter\View\View->render('analisis/index', [], true)
 5 APPPATH\Controllers\Analisis.php(12): view('analisis/index')
 6 SYSTEMPATH\CodeIgniter.php(933): App\Controllers\Analisis->index()
 7 SYSTEMPATH\CodeIgniter.php(507): CodeIgniter\CodeIgniter->runController(Object(App\Controllers\Analisis))
 8 SYSTEMPATH\CodeIgniter.php(354): CodeIgniter\CodeIgniter->handleRequest(null, Object(Config\Cache), false)
 9 SYSTEMPATH\Boot.php(334): CodeIgniter\CodeIgniter->run()
10 SYSTEMPATH\Boot.php(67): CodeIgniter\Boot::runCodeIgniter(Object(CodeIgniter\CodeIgniter))
11 FCPATH\index.php(59): CodeIgniter\Boot::bootWeb(Object(Config\Paths))
CRITICAL - 2025-08-28 09:50:04 --> ErrorException: Undefined variable $min_support
[Method: GET, Route: analisis]
in APPPATH\Views\analisis\index.php on line 9.
 1 APPPATH\Views\analisis\index.php(9): CodeIgniter\Debug\Exceptions->errorHandler(2, 'Undefined variable $min_support', 'C:\\laragon\\www\\apriori\\app\\Views\\analisis\\index.php', 9)
 2 SYSTEMPATH\View\View.php(224): include('C:\\laragon\\www\\apriori\\app\\Views\\analisis\\index.php')
 3 SYSTEMPATH\View\View.php(227): CodeIgniter\View\View->CodeIgniter\View\{closure}()
 4 SYSTEMPATH\Common.php(1173): CodeIgniter\View\View->render('analisis/index', [], true)
 5 APPPATH\Controllers\Analisis.php(12): view('analisis/index')
 6 SYSTEMPATH\CodeIgniter.php(933): App\Controllers\Analisis->index()
 7 SYSTEMPATH\CodeIgniter.php(507): CodeIgniter\CodeIgniter->runController(Object(App\Controllers\Analisis))
 8 SYSTEMPATH\CodeIgniter.php(354): CodeIgniter\CodeIgniter->handleRequest(null, Object(Config\Cache), false)
 9 SYSTEMPATH\Boot.php(334): CodeIgniter\CodeIgniter->run()
10 SYSTEMPATH\Boot.php(67): CodeIgniter\Boot::runCodeIgniter(Object(CodeIgniter\CodeIgniter))
11 FCPATH\index.php(59): CodeIgniter\Boot::bootWeb(Object(Config\Paths))
CRITICAL - 2025-08-28 09:51:32 --> ErrorException: Undefined variable $min_support
[Method: GET, Route: analisis]
in APPPATH\Views\analisis\index.php on line 9.
 1 APPPATH\Views\analisis\index.php(9): CodeIgniter\Debug\Exceptions->errorHandler(2, 'Undefined variable $min_support', 'C:\\laragon\\www\\apriori\\app\\Views\\analisis\\index.php', 9)
 2 SYSTEMPATH\View\View.php(224): include('C:\\laragon\\www\\apriori\\app\\Views\\analisis\\index.php')
 3 SYSTEMPATH\View\View.php(227): CodeIgniter\View\View->CodeIgniter\View\{closure}()
 4 SYSTEMPATH\Common.php(1173): CodeIgniter\View\View->render('analisis/index', [], true)
 5 APPPATH\Controllers\Analisis.php(12): view('analisis/index')
 6 SYSTEMPATH\CodeIgniter.php(933): App\Controllers\Analisis->index()
 7 SYSTEMPATH\CodeIgniter.php(507): CodeIgniter\CodeIgniter->runController(Object(App\Controllers\Analisis))
 8 SYSTEMPATH\CodeIgniter.php(354): CodeIgniter\CodeIgniter->handleRequest(null, Object(Config\Cache), false)
 9 SYSTEMPATH\Boot.php(334): CodeIgniter\CodeIgniter->run()
10 SYSTEMPATH\Boot.php(67): CodeIgniter\Boot::runCodeIgniter(Object(CodeIgniter\CodeIgniter))
11 FCPATH\index.php(59): CodeIgniter\Boot::bootWeb(Object(Config\Paths))
CRITICAL - 2025-08-28 09:55:29 --> ErrorException: Undefined variable $min_support
[Method: GET, Route: analisis]
in APPPATH\Views\analisis\index.php on line 9.
 1 APPPATH\Views\analisis\index.php(9): CodeIgniter\Debug\Exceptions->errorHandler(2, 'Undefined variable $min_support', 'C:\\laragon\\www\\apriori\\app\\Views\\analisis\\index.php', 9)
 2 SYSTEMPATH\View\View.php(224): include('C:\\laragon\\www\\apriori\\app\\Views\\analisis\\index.php')
 3 SYSTEMPATH\View\View.php(227): CodeIgniter\View\View->CodeIgniter\View\{closure}()
 4 SYSTEMPATH\Common.php(1173): CodeIgniter\View\View->render('analisis/index', [], true)
 5 APPPATH\Controllers\Analisis.php(12): view('analisis/index')
 6 SYSTEMPATH\CodeIgniter.php(933): App\Controllers\Analisis->index()
 7 SYSTEMPATH\CodeIgniter.php(507): CodeIgniter\CodeIgniter->runController(Object(App\Controllers\Analisis))
 8 SYSTEMPATH\CodeIgniter.php(354): CodeIgniter\CodeIgniter->handleRequest(null, Object(Config\Cache), false)
 9 SYSTEMPATH\Boot.php(334): CodeIgniter\CodeIgniter->run()
10 SYSTEMPATH\Boot.php(67): CodeIgniter\Boot::runCodeIgniter(Object(CodeIgniter\CodeIgniter))
11 FCPATH\index.php(59): CodeIgniter\Boot::bootWeb(Object(Config\Paths))
DEBUG - 2025-08-28 09:55:41 --> Session: Class initialized using 'CodeIgniter\Session\Handlers\FileHandler' driver.
CRITICAL - 2025-08-28 09:55:41 --> ErrorException: Undefined variable $min_support
[Method: GET, Route: analisis]
in APPPATH\Views\analisis\index.php on line 9.
 1 APPPATH\Views\analisis\index.php(9): CodeIgniter\Debug\Exceptions->errorHandler(2, 'Undefined variable $min_support', 'C:\\laragon\\www\\apriori\\app\\Views\\analisis\\index.php', 9)
 2 SYSTEMPATH\View\View.php(224): include('C:\\laragon\\www\\apriori\\app\\Views\\analisis\\index.php')
 3 SYSTEMPATH\View\View.php(227): CodeIgniter\View\View->CodeIgniter\View\{closure}()
 4 SYSTEMPATH\Common.php(1173): CodeIgniter\View\View->render('analisis/index', [], true)
 5 APPPATH\Controllers\Analisis.php(12): view('analisis/index')
 6 SYSTEMPATH\CodeIgniter.php(933): App\Controllers\Analisis->index()
 7 SYSTEMPATH\CodeIgniter.php(507): CodeIgniter\CodeIgniter->runController(Object(App\Controllers\Analisis))
 8 SYSTEMPATH\CodeIgniter.php(354): CodeIgniter\CodeIgniter->handleRequest(null, Object(Config\Cache), false)
 9 SYSTEMPATH\Boot.php(334): CodeIgniter\CodeIgniter->run()
10 SYSTEMPATH\Boot.php(67): CodeIgniter\Boot::runCodeIgniter(Object(CodeIgniter\CodeIgniter))
11 FCPATH\index.php(59): CodeIgniter\Boot::bootWeb(Object(Config\Paths))
DEBUG - 2025-08-28 09:57:21 --> Session: Class initialized using 'CodeIgniter\Session\Handlers\FileHandler' driver.
DEBUG - 2025-08-28 09:57:33 --> Session: Class initialized using 'CodeIgniter\Session\Handlers\FileHandler' driver.
DEBUG - 2025-08-28 10:01:23 --> Session: Class initialized using 'CodeIgniter\Session\Handlers\FileHandler' driver.
DEBUG - 2025-08-28 10:01:27 --> Session: Class initialized using 'CodeIgniter\Session\Handlers\FileHandler' driver.
DEBUG - 2025-08-28 10:02:52 --> Session: Class initialized using 'CodeIgniter\Session\Handlers\FileHandler' driver.
DEBUG - 2025-08-28 10:02:56 --> Session: Class initialized using 'CodeIgniter\Session\Handlers\FileHandler' driver.
DEBUG - 2025-08-28 10:03:12 --> Session: Class initialized using 'CodeIgniter\Session\Handlers\FileHandler' driver.
DEBUG - 2025-08-28 10:04:27 --> Session: Class initialized using 'CodeIgniter\Session\Handlers\FileHandler' driver.
DEBUG - 2025-08-28 10:04:49 --> Session: Class initialized using 'CodeIgniter\Session\Handlers\FileHandler' driver.
DEBUG - 2025-08-28 10:04:54 --> Session: Class initialized using 'CodeIgniter\Session\Handlers\FileHandler' driver.
DEBUG - 2025-08-28 10:04:57 --> Session: Class initialized using 'CodeIgniter\Session\Handlers\FileHandler' driver.
DEBUG - 2025-08-28 10:05:00 --> Session: Class initialized using 'CodeIgniter\Session\Handlers\FileHandler' driver.
DEBUG - 2025-08-28 10:06:48 --> Session: Class initialized using 'CodeIgniter\Session\Handlers\FileHandler' driver.
DEBUG - 2025-08-28 10:06:50 --> Session: Class initialized using 'CodeIgniter\Session\Handlers\FileHandler' driver.
DEBUG - 2025-08-28 10:06:54 --> Session: Class initialized using 'CodeIgniter\Session\Handlers\FileHandler' driver.
DEBUG - 2025-08-28 10:06:57 --> Session: Class initialized using 'CodeIgniter\Session\Handlers\FileHandler' driver.
DEBUG - 2025-08-28 10:06:59 --> Session: Class initialized using 'CodeIgniter\Session\Handlers\FileHandler' driver.
DEBUG - 2025-08-28 10:07:46 --> Session: Class initialized using 'CodeIgniter\Session\Handlers\FileHandler' driver.
DEBUG - 2025-08-28 10:09:02 --> Session: Class initialized using 'CodeIgniter\Session\Handlers\FileHandler' driver.
DEBUG - 2025-08-28 10:09:05 --> Session: Class initialized using 'CodeIgniter\Session\Handlers\FileHandler' driver.
DEBUG - 2025-08-28 10:09:08 --> Session: Class initialized using 'CodeIgniter\Session\Handlers\FileHandler' driver.
DEBUG - 2025-08-28 10:09:09 --> Session: Class initialized using 'CodeIgniter\Session\Handlers\FileHandler' driver.
DEBUG - 2025-08-28 10:09:12 --> Session: Class initialized using 'CodeIgniter\Session\Handlers\FileHandler' driver.
DEBUG - 2025-08-28 10:11:50 --> Session: Class initialized using 'CodeIgniter\Session\Handlers\FileHandler' driver.
DEBUG - 2025-08-28 10:12:14 --> Session: Class initialized using 'CodeIgniter\Session\Handlers\FileHandler' driver.
DEBUG - 2025-08-28 10:12:15 --> Session: Class initialized using 'CodeIgniter\Session\Handlers\FileHandler' driver.
DEBUG - 2025-08-28 10:12:39 --> Session: Class initialized using 'CodeIgniter\Session\Handlers\FileHandler' driver.
DEBUG - 2025-08-28 10:12:40 --> Session: Class initialized using 'CodeIgniter\Session\Handlers\FileHandler' driver.
DEBUG - 2025-08-28 10:12:42 --> Session: Class initialized using 'CodeIgniter\Session\Handlers\FileHandler' driver.
DEBUG - 2025-08-28 10:14:47 --> Session: Class initialized using 'CodeIgniter\Session\Handlers\FileHandler' driver.
DEBUG - 2025-08-28 10:14:48 --> Session: Class initialized using 'CodeIgniter\Session\Handlers\FileHandler' driver.
CRITICAL - 2025-08-28 10:14:48 --> ErrorException: Undefined array key 3
[Method: POST, Route: analisis/proses]
in APPPATH\Libraries\AprioriService.php on line 89.
 1 APPPATH\Libraries\AprioriService.php(89): CodeIgniter\Debug\Exceptions->errorHandler(2, 'Undefined array key 3', 'C:\\laragon\\www\\apriori\\app\\Libraries\\AprioriService.php', 89)
 2 APPPATH\Libraries\AprioriService.php(28): App\Libraries\AprioriService->_findFrequentItemsets()
 3 APPPATH\Controllers\Analisis.php(27): App\Libraries\AprioriService->run(10.0, 60.0, 1.2)
 4 SYSTEMPATH\CodeIgniter.php(933): App\Controllers\Analisis->proses()
 5 SYSTEMPATH\CodeIgniter.php(507): CodeIgniter\CodeIgniter->runController(Object(App\Controllers\Analisis))
 6 SYSTEMPATH\CodeIgniter.php(354): CodeIgniter\CodeIgniter->handleRequest(null, Object(Config\Cache), false)
 7 SYSTEMPATH\Boot.php(334): CodeIgniter\CodeIgniter->run()
 8 SYSTEMPATH\Boot.php(67): CodeIgniter\Boot::runCodeIgniter(Object(CodeIgniter\CodeIgniter))
 9 FCPATH\index.php(59): CodeIgniter\Boot::bootWeb(Object(Config\Paths))
DEBUG - 2025-08-28 10:14:57 --> Session: Class initialized using 'CodeIgniter\Session\Handlers\FileHandler' driver.
CRITICAL - 2025-08-28 10:14:57 --> ErrorException: Undefined array key 3
[Method: POST, Route: analisis/proses]
in APPPATH\Libraries\AprioriService.php on line 89.
 1 APPPATH\Libraries\AprioriService.php(89): CodeIgniter\Debug\Exceptions->errorHandler(2, 'Undefined array key 3', 'C:\\laragon\\www\\apriori\\app\\Libraries\\AprioriService.php', 89)
 2 APPPATH\Libraries\AprioriService.php(28): App\Libraries\AprioriService->_findFrequentItemsets()
 3 APPPATH\Controllers\Analisis.php(27): App\Libraries\AprioriService->run(10.0, 60.0, 1.2)
 4 SYSTEMPATH\CodeIgniter.php(933): App\Controllers\Analisis->proses()
 5 SYSTEMPATH\CodeIgniter.php(507): CodeIgniter\CodeIgniter->runController(Object(App\Controllers\Analisis))
 6 SYSTEMPATH\CodeIgniter.php(354): CodeIgniter\CodeIgniter->handleRequest(null, Object(Config\Cache), false)
 7 SYSTEMPATH\Boot.php(334): CodeIgniter\CodeIgniter->run()
 8 SYSTEMPATH\Boot.php(67): CodeIgniter\Boot::runCodeIgniter(Object(CodeIgniter\CodeIgniter))
 9 FCPATH\index.php(59): CodeIgniter\Boot::bootWeb(Object(Config\Paths))
DEBUG - 2025-08-28 10:15:25 --> Session: Class initialized using 'CodeIgniter\Session\Handlers\FileHandler' driver.
DEBUG - 2025-08-28 10:15:37 --> Session: Class initialized using 'CodeIgniter\Session\Handlers\FileHandler' driver.
DEBUG - 2025-08-28 10:15:38 --> Session: Class initialized using 'CodeIgniter\Session\Handlers\FileHandler' driver.
CRITICAL - 2025-08-28 10:15:38 --> ErrorException: Undefined array key 3
[Method: POST, Route: analisis/proses]
in APPPATH\Libraries\AprioriService.php on line 89.
 1 APPPATH\Libraries\AprioriService.php(89): CodeIgniter\Debug\Exceptions->errorHandler(2, 'Undefined array key 3', 'C:\\laragon\\www\\apriori\\app\\Libraries\\AprioriService.php', 89)
 2 APPPATH\Libraries\AprioriService.php(28): App\Libraries\AprioriService->_findFrequentItemsets()
 3 APPPATH\Controllers\Analisis.php(27): App\Libraries\AprioriService->run(10.0, 60.0, 1.2)
 4 SYSTEMPATH\CodeIgniter.php(933): App\Controllers\Analisis->proses()
 5 SYSTEMPATH\CodeIgniter.php(507): CodeIgniter\CodeIgniter->runController(Object(App\Controllers\Analisis))
 6 SYSTEMPATH\CodeIgniter.php(354): CodeIgniter\CodeIgniter->handleRequest(null, Object(Config\Cache), false)
 7 SYSTEMPATH\Boot.php(334): CodeIgniter\CodeIgniter->run()
 8 SYSTEMPATH\Boot.php(67): CodeIgniter\Boot::runCodeIgniter(Object(CodeIgniter\CodeIgniter))
 9 FCPATH\index.php(59): CodeIgniter\Boot::bootWeb(Object(Config\Paths))
DEBUG - 2025-08-28 10:15:38 --> Session: Class initialized using 'CodeIgniter\Session\Handlers\FileHandler' driver.
CRITICAL - 2025-08-28 10:15:38 --> ErrorException: Undefined array key 3
[Method: POST, Route: analisis/proses]
in APPPATH\Libraries\AprioriService.php on line 89.
 1 APPPATH\Libraries\AprioriService.php(89): CodeIgniter\Debug\Exceptions->errorHandler(2, 'Undefined array key 3', 'C:\\laragon\\www\\apriori\\app\\Libraries\\AprioriService.php', 89)
 2 APPPATH\Libraries\AprioriService.php(28): App\Libraries\AprioriService->_findFrequentItemsets()
 3 APPPATH\Controllers\Analisis.php(27): App\Libraries\AprioriService->run(10.0, 60.0, 1.2)
 4 SYSTEMPATH\CodeIgniter.php(933): App\Controllers\Analisis->proses()
 5 SYSTEMPATH\CodeIgniter.php(507): CodeIgniter\CodeIgniter->runController(Object(App\Controllers\Analisis))
 6 SYSTEMPATH\CodeIgniter.php(354): CodeIgniter\CodeIgniter->handleRequest(null, Object(Config\Cache), false)
 7 SYSTEMPATH\Boot.php(334): CodeIgniter\CodeIgniter->run()
 8 SYSTEMPATH\Boot.php(67): CodeIgniter\Boot::runCodeIgniter(Object(CodeIgniter\CodeIgniter))
 9 FCPATH\index.php(59): CodeIgniter\Boot::bootWeb(Object(Config\Paths))
DEBUG - 2025-08-28 10:17:24 --> Session: Class initialized using 'CodeIgniter\Session\Handlers\FileHandler' driver.
DEBUG - 2025-08-28 10:17:25 --> Session: Class initialized using 'CodeIgniter\Session\Handlers\FileHandler' driver.
DEBUG - 2025-08-28 10:17:33 --> Session: Class initialized using 'CodeIgniter\Session\Handlers\FileHandler' driver.
DEBUG - 2025-08-28 10:17:34 --> Session: Class initialized using 'CodeIgniter\Session\Handlers\FileHandler' driver.
DEBUG - 2025-08-28 10:17:36 --> Session: Class initialized using 'CodeIgniter\Session\Handlers\FileHandler' driver.
DEBUG - 2025-08-28 10:17:48 --> Session: Class initialized using 'CodeIgniter\Session\Handlers\FileHandler' driver.
DEBUG - 2025-08-28 10:17:51 --> Session: Class initialized using 'CodeIgniter\Session\Handlers\FileHandler' driver.
DEBUG - 2025-08-28 10:17:53 --> Session: Class initialized using 'CodeIgniter\Session\Handlers\FileHandler' driver.
DEBUG - 2025-08-28 10:17:57 --> Session: Class initialized using 'CodeIgniter\Session\Handlers\FileHandler' driver.
DEBUG - 2025-08-28 10:18:12 --> Session: Class initialized using 'CodeIgniter\Session\Handlers\FileHandler' driver.
DEBUG - 2025-08-28 10:18:14 --> Session: Class initialized using 'CodeIgniter\Session\Handlers\FileHandler' driver.
DEBUG - 2025-08-28 10:18:28 --> Session: Class initialized using 'CodeIgniter\Session\Handlers\FileHandler' driver.
DEBUG - 2025-08-28 10:18:29 --> Session: Class initialized using 'CodeIgniter\Session\Handlers\FileHandler' driver.
DEBUG - 2025-08-28 10:19:01 --> Session: Class initialized using 'CodeIgniter\Session\Handlers\FileHandler' driver.
DEBUG - 2025-08-28 10:19:10 --> Session: Class initialized using 'CodeIgniter\Session\Handlers\FileHandler' driver.
DEBUG - 2025-08-28 10:23:01 --> Session: Class initialized using 'CodeIgniter\Session\Handlers\FileHandler' driver.
DEBUG - 2025-08-28 10:23:06 --> Session: Class initialized using 'CodeIgniter\Session\Handlers\FileHandler' driver.
DEBUG - 2025-08-28 10:23:09 --> Session: Class initialized using 'CodeIgniter\Session\Handlers\FileHandler' driver.
DEBUG - 2025-08-28 10:23:16 --> Session: Class initialized using 'CodeIgniter\Session\Handlers\FileHandler' driver.
DEBUG - 2025-08-28 10:23:21 --> Session: Class initialized using 'CodeIgniter\Session\Handlers\FileHandler' driver.
DEBUG - 2025-08-28 10:23:25 --> Session: Class initialized using 'CodeIgniter\Session\Handlers\FileHandler' driver.
DEBUG - 2025-08-28 10:23:27 --> Session: Class initialized using 'CodeIgniter\Session\Handlers\FileHandler' driver.
DEBUG - 2025-08-28 10:23:30 --> Session: Class initialized using 'CodeIgniter\Session\Handlers\FileHandler' driver.
DEBUG - 2025-08-28 10:23:36 --> Session: Class initialized using 'CodeIgniter\Session\Handlers\FileHandler' driver.
DEBUG - 2025-08-28 10:24:40 --> Session: Class initialized using 'CodeIgniter\Session\Handlers\FileHandler' driver.
DEBUG - 2025-08-28 10:26:26 --> Session: Class initialized using 'CodeIgniter\Session\Handlers\FileHandler' driver.
DEBUG - 2025-08-28 10:26:49 --> Session: Class initialized using 'CodeIgniter\Session\Handlers\FileHandler' driver.
DEBUG - 2025-08-28 10:26:51 --> Session: Class initialized using 'CodeIgniter\Session\Handlers\FileHandler' driver.
DEBUG - 2025-08-28 10:26:52 --> Session: Class initialized using 'CodeIgniter\Session\Handlers\FileHandler' driver.
DEBUG - 2025-08-28 10:26:58 --> Session: Class initialized using 'CodeIgniter\Session\Handlers\FileHandler' driver.
DEBUG - 2025-08-28 10:28:45 --> Session: Class initialized using 'CodeIgniter\Session\Handlers\FileHandler' driver.
DEBUG - 2025-08-28 10:28:46 --> Session: Class initialized using 'CodeIgniter\Session\Handlers\FileHandler' driver.
DEBUG - 2025-08-28 10:28:47 --> Session: Class initialized using 'CodeIgniter\Session\Handlers\FileHandler' driver.
DEBUG - 2025-08-28 10:29:03 --> Session: Class initialized using 'CodeIgniter\Session\Handlers\FileHandler' driver.
DEBUG - 2025-08-28 10:29:05 --> Session: Class initialized using 'CodeIgniter\Session\Handlers\FileHandler' driver.
DEBUG - 2025-08-28 10:29:07 --> Session: Class initialized using 'CodeIgniter\Session\Handlers\FileHandler' driver.
DEBUG - 2025-08-28 10:29:08 --> Session: Class initialized using 'CodeIgniter\Session\Handlers\FileHandler' driver.
DEBUG - 2025-08-28 10:29:10 --> Session: Class initialized using 'CodeIgniter\Session\Handlers\FileHandler' driver.
DEBUG - 2025-08-28 10:29:26 --> Session: Class initialized using 'CodeIgniter\Session\Handlers\FileHandler' driver.
DEBUG - 2025-08-28 10:29:29 --> Session: Class initialized using 'CodeIgniter\Session\Handlers\FileHandler' driver.
DEBUG - 2025-08-28 10:29:30 --> Session: Class initialized using 'CodeIgniter\Session\Handlers\FileHandler' driver.
DEBUG - 2025-08-28 10:30:11 --> Session: Class initialized using 'CodeIgniter\Session\Handlers\FileHandler' driver.
DEBUG - 2025-08-28 10:30:18 --> Session: Class initialized using 'CodeIgniter\Session\Handlers\FileHandler' driver.
DEBUG - 2025-08-28 10:30:19 --> Session: Class initialized using 'CodeIgniter\Session\Handlers\FileHandler' driver.
DEBUG - 2025-08-28 10:30:54 --> Session: Class initialized using 'CodeIgniter\Session\Handlers\FileHandler' driver.
DEBUG - 2025-08-28 10:30:56 --> Session: Class initialized using 'CodeIgniter\Session\Handlers\FileHandler' driver.
CRITICAL - 2025-08-28 10:30:56 --> CodeIgniter\Exceptions\RuntimeException: View themes, no current section.
[Method: POST, Route: analisis/proses]
in SYSTEMPATH\View\View.php on line 430.
 1 APPPATH\Views\analisis\hasil.php(66): CodeIgniter\View\View->endSection()
 2 SYSTEMPATH\View\View.php(224): include('C:\\laragon\\www\\apriori\\app\\Views\\analisis\\hasil.php')
 3 SYSTEMPATH\View\View.php(227): CodeIgniter\View\View->CodeIgniter\View\{closure}()
 4 SYSTEMPATH\Common.php(1173): CodeIgniter\View\View->render('analisis/hasil', [], true)
 5 APPPATH\Controllers\Analisis.php(35): view('analisis/hasil', [...])
 6 SYSTEMPATH\CodeIgniter.php(933): App\Controllers\Analisis->proses()
 7 SYSTEMPATH\CodeIgniter.php(507): CodeIgniter\CodeIgniter->runController(Object(App\Controllers\Analisis))
 8 SYSTEMPATH\CodeIgniter.php(354): CodeIgniter\CodeIgniter->handleRequest(null, Object(Config\Cache), false)
 9 SYSTEMPATH\Boot.php(334): CodeIgniter\CodeIgniter->run()
10 SYSTEMPATH\Boot.php(67): CodeIgniter\Boot::runCodeIgniter(Object(CodeIgniter\CodeIgniter))
11 FCPATH\index.php(59): CodeIgniter\Boot::bootWeb(Object(Config\Paths))
DEBUG - 2025-08-28 10:31:14 --> Session: Class initialized using 'CodeIgniter\Session\Handlers\FileHandler' driver.
DEBUG - 2025-08-28 10:31:19 --> Session: Class initialized using 'CodeIgniter\Session\Handlers\FileHandler' driver.
DEBUG - 2025-08-28 10:31:20 --> Session: Class initialized using 'CodeIgniter\Session\Handlers\FileHandler' driver.
DEBUG - 2025-08-28 10:31:25 --> Session: Class initialized using 'CodeIgniter\Session\Handlers\FileHandler' driver.
DEBUG - 2025-08-28 10:32:18 --> Session: Class initialized using 'CodeIgniter\Session\Handlers\FileHandler' driver.
DEBUG - 2025-08-28 10:33:18 --> Session: Class initialized using 'CodeIgniter\Session\Handlers\FileHandler' driver.
DEBUG - 2025-08-28 10:34:55 --> Session: Class initialized using 'CodeIgniter\Session\Handlers\FileHandler' driver.
DEBUG - 2025-08-28 10:34:56 --> Session: Class initialized using 'CodeIgniter\Session\Handlers\FileHandler' driver.
DEBUG - 2025-08-28 10:35:04 --> Session: Class initialized using 'CodeIgniter\Session\Handlers\FileHandler' driver.
DEBUG - 2025-08-28 10:35:32 --> Session: Class initialized using 'CodeIgniter\Session\Handlers\FileHandler' driver.
DEBUG - 2025-08-28 10:35:37 --> Session: Class initialized using 'CodeIgniter\Session\Handlers\FileHandler' driver.
DEBUG - 2025-08-28 10:35:39 --> Session: Class initialized using 'CodeIgniter\Session\Handlers\FileHandler' driver.
DEBUG - 2025-08-28 10:35:40 --> Session: Class initialized using 'CodeIgniter\Session\Handlers\FileHandler' driver.
DEBUG - 2025-08-28 10:35:43 --> Session: Class initialized using 'CodeIgniter\Session\Handlers\FileHandler' driver.
DEBUG - 2025-08-28 10:36:29 --> Session: Class initialized using 'CodeIgniter\Session\Handlers\FileHandler' driver.
DEBUG - 2025-08-28 10:38:04 --> Session: Class initialized using 'CodeIgniter\Session\Handlers\FileHandler' driver.
DEBUG - 2025-08-28 10:42:09 --> Session: Class initialized using 'CodeIgniter\Session\Handlers\FileHandler' driver.
DEBUG - 2025-08-28 10:42:12 --> Session: Class initialized using 'CodeIgniter\Session\Handlers\FileHandler' driver.
ERROR - 2025-08-28 10:42:12 --> mysqli_sql_exception: Cannot truncate a table referenced in a foreign key constraint (`apriori_db`.`transaksi_properti`, CONSTRAINT `transaksi_properti_ibfk_1` FOREIGN KEY (`id_properti`) REFERENCES `apriori_db`.`properti` (`id`)) in C:\laragon\www\apriori\vendor\codeigniter4\framework\system\Database\MySQLi\Connection.php:327
Stack trace:
#0 C:\laragon\www\apriori\vendor\codeigniter4\framework\system\Database\MySQLi\Connection.php(327): mysqli->query('TRUNCATE `prope...', 0)
#1 C:\laragon\www\apriori\vendor\codeigniter4\framework\system\Database\BaseConnection.php(738): CodeIgniter\Database\MySQLi\Connection->execute('TRUNCATE `prope...')
#2 C:\laragon\www\apriori\vendor\codeigniter4\framework\system\Database\BaseConnection.php(652): CodeIgniter\Database\BaseConnection->simpleQuery('TRUNCATE `prope...')
#3 C:\laragon\www\apriori\vendor\codeigniter4\framework\system\Database\BaseBuilder.php(2773): CodeIgniter\Database\BaseConnection->query('TRUNCATE `prope...', NULL, false)
#4 C:\laragon\www\apriori\app\Controllers\Dataset.php(96): CodeIgniter\Database\BaseBuilder->truncate()
#5 C:\laragon\www\apriori\vendor\codeigniter4\framework\system\CodeIgniter.php(933): App\Controllers\Dataset->hapusSemua()
#6 C:\laragon\www\apriori\vendor\codeigniter4\framework\system\CodeIgniter.php(507): CodeIgniter\CodeIgniter->runController(Object(App\Controllers\Dataset))
#7 C:\laragon\www\apriori\vendor\codeigniter4\framework\system\CodeIgniter.php(354): CodeIgniter\CodeIgniter->handleRequest(NULL, Object(Config\Cache), false)
#8 C:\laragon\www\apriori\vendor\codeigniter4\framework\system\Boot.php(334): CodeIgniter\CodeIgniter->run()
#9 C:\laragon\www\apriori\vendor\codeigniter4\framework\system\Boot.php(67): CodeIgniter\Boot::runCodeIgniter(Object(CodeIgniter\CodeIgniter))
#10 C:\laragon\www\apriori\index.php(59): CodeIgniter\Boot::bootWeb(Object(Config\Paths))
#11 {main}
ERROR - 2025-08-28 10:42:12 --> mysqli_sql_exception: Cannot truncate a table referenced in a foreign key constraint (`apriori_db`.`transaksi_properti`, CONSTRAINT `transaksi_properti_ibfk_2` FOREIGN KEY (`id_kriteria`) REFERENCES `apriori_db`.`kriteria` (`id`)) in C:\laragon\www\apriori\vendor\codeigniter4\framework\system\Database\MySQLi\Connection.php:327
Stack trace:
#0 C:\laragon\www\apriori\vendor\codeigniter4\framework\system\Database\MySQLi\Connection.php(327): mysqli->query('TRUNCATE `krite...', 0)
#1 C:\laragon\www\apriori\vendor\codeigniter4\framework\system\Database\BaseConnection.php(738): CodeIgniter\Database\MySQLi\Connection->execute('TRUNCATE `krite...')
#2 C:\laragon\www\apriori\vendor\codeigniter4\framework\system\Database\BaseConnection.php(652): CodeIgniter\Database\BaseConnection->simpleQuery('TRUNCATE `krite...')
#3 C:\laragon\www\apriori\vendor\codeigniter4\framework\system\Database\BaseBuilder.php(2773): CodeIgniter\Database\BaseConnection->query('TRUNCATE `krite...', NULL, false)
#4 C:\laragon\www\apriori\app\Controllers\Dataset.php(97): CodeIgniter\Database\BaseBuilder->truncate()
#5 C:\laragon\www\apriori\vendor\codeigniter4\framework\system\CodeIgniter.php(933): App\Controllers\Dataset->hapusSemua()
#6 C:\laragon\www\apriori\vendor\codeigniter4\framework\system\CodeIgniter.php(507): CodeIgniter\CodeIgniter->runController(Object(App\Controllers\Dataset))
#7 C:\laragon\www\apriori\vendor\codeigniter4\framework\system\CodeIgniter.php(354): CodeIgniter\CodeIgniter->handleRequest(NULL, Object(Config\Cache), false)
#8 C:\laragon\www\apriori\vendor\codeigniter4\framework\system\Boot.php(334): CodeIgniter\CodeIgniter->run()
#9 C:\laragon\www\apriori\vendor\codeigniter4\framework\system\Boot.php(67): CodeIgniter\Boot::runCodeIgniter(Object(CodeIgniter\CodeIgniter))
#10 C:\laragon\www\apriori\index.php(59): CodeIgniter\Boot::bootWeb(Object(Config\Paths))
#11 {main}
DEBUG - 2025-08-28 10:42:12 --> Session: Class initialized using 'CodeIgniter\Session\Handlers\FileHandler' driver.
DEBUG - 2025-08-28 10:42:16 --> Session: Class initialized using 'CodeIgniter\Session\Handlers\FileHandler' driver.
DEBUG - 2025-08-28 10:42:47 --> Session: Class initialized using 'CodeIgniter\Session\Handlers\FileHandler' driver.
DEBUG - 2025-08-28 10:42:50 --> Session: Class initialized using 'CodeIgniter\Session\Handlers\FileHandler' driver.
ERROR - 2025-08-28 10:42:50 --> mysqli_sql_exception: Cannot truncate a table referenced in a foreign key constraint (`apriori_db`.`transaksi_properti`, CONSTRAINT `transaksi_properti_ibfk_1` FOREIGN KEY (`id_properti`) REFERENCES `apriori_db`.`properti` (`id`)) in C:\laragon\www\apriori\vendor\codeigniter4\framework\system\Database\MySQLi\Connection.php:327
Stack trace:
#0 C:\laragon\www\apriori\vendor\codeigniter4\framework\system\Database\MySQLi\Connection.php(327): mysqli->query('TRUNCATE `prope...', 0)
#1 C:\laragon\www\apriori\vendor\codeigniter4\framework\system\Database\BaseConnection.php(738): CodeIgniter\Database\MySQLi\Connection->execute('TRUNCATE `prope...')
#2 C:\laragon\www\apriori\vendor\codeigniter4\framework\system\Database\BaseConnection.php(652): CodeIgniter\Database\BaseConnection->simpleQuery('TRUNCATE `prope...')
#3 C:\laragon\www\apriori\vendor\codeigniter4\framework\system\Database\BaseBuilder.php(2773): CodeIgniter\Database\BaseConnection->query('TRUNCATE `prope...', NULL, false)
#4 C:\laragon\www\apriori\app\Controllers\Dataset.php(96): CodeIgniter\Database\BaseBuilder->truncate()
#5 C:\laragon\www\apriori\vendor\codeigniter4\framework\system\CodeIgniter.php(933): App\Controllers\Dataset->hapusSemua()
#6 C:\laragon\www\apriori\vendor\codeigniter4\framework\system\CodeIgniter.php(507): CodeIgniter\CodeIgniter->runController(Object(App\Controllers\Dataset))
#7 C:\laragon\www\apriori\vendor\codeigniter4\framework\system\CodeIgniter.php(354): CodeIgniter\CodeIgniter->handleRequest(NULL, Object(Config\Cache), false)
#8 C:\laragon\www\apriori\vendor\codeigniter4\framework\system\Boot.php(334): CodeIgniter\CodeIgniter->run()
#9 C:\laragon\www\apriori\vendor\codeigniter4\framework\system\Boot.php(67): CodeIgniter\Boot::runCodeIgniter(Object(CodeIgniter\CodeIgniter))
#10 C:\laragon\www\apriori\index.php(59): CodeIgniter\Boot::bootWeb(Object(Config\Paths))
#11 {main}
ERROR - 2025-08-28 10:42:50 --> mysqli_sql_exception: Cannot truncate a table referenced in a foreign key constraint (`apriori_db`.`transaksi_properti`, CONSTRAINT `transaksi_properti_ibfk_2` FOREIGN KEY (`id_kriteria`) REFERENCES `apriori_db`.`kriteria` (`id`)) in C:\laragon\www\apriori\vendor\codeigniter4\framework\system\Database\MySQLi\Connection.php:327
Stack trace:
#0 C:\laragon\www\apriori\vendor\codeigniter4\framework\system\Database\MySQLi\Connection.php(327): mysqli->query('TRUNCATE `krite...', 0)
#1 C:\laragon\www\apriori\vendor\codeigniter4\framework\system\Database\BaseConnection.php(738): CodeIgniter\Database\MySQLi\Connection->execute('TRUNCATE `krite...')
#2 C:\laragon\www\apriori\vendor\codeigniter4\framework\system\Database\BaseConnection.php(652): CodeIgniter\Database\BaseConnection->simpleQuery('TRUNCATE `krite...')
#3 C:\laragon\www\apriori\vendor\codeigniter4\framework\system\Database\BaseBuilder.php(2773): CodeIgniter\Database\BaseConnection->query('TRUNCATE `krite...', NULL, false)
#4 C:\laragon\www\apriori\app\Controllers\Dataset.php(97): CodeIgniter\Database\BaseBuilder->truncate()
#5 C:\laragon\www\apriori\vendor\codeigniter4\framework\system\CodeIgniter.php(933): App\Controllers\Dataset->hapusSemua()
#6 C:\laragon\www\apriori\vendor\codeigniter4\framework\system\CodeIgniter.php(507): CodeIgniter\CodeIgniter->runController(Object(App\Controllers\Dataset))
#7 C:\laragon\www\apriori\vendor\codeigniter4\framework\system\CodeIgniter.php(354): CodeIgniter\CodeIgniter->handleRequest(NULL, Object(Config\Cache), false)
#8 C:\laragon\www\apriori\vendor\codeigniter4\framework\system\Boot.php(334): CodeIgniter\CodeIgniter->run()
#9 C:\laragon\www\apriori\vendor\codeigniter4\framework\system\Boot.php(67): CodeIgniter\Boot::runCodeIgniter(Object(CodeIgniter\CodeIgniter))
#10 C:\laragon\www\apriori\index.php(59): CodeIgniter\Boot::bootWeb(Object(Config\Paths))
#11 {main}
DEBUG - 2025-08-28 10:42:51 --> Session: Class initialized using 'CodeIgniter\Session\Handlers\FileHandler' driver.
DEBUG - 2025-08-28 10:44:15 --> Session: Class initialized using 'CodeIgniter\Session\Handlers\FileHandler' driver.
DEBUG - 2025-08-28 10:44:17 --> Session: Class initialized using 'CodeIgniter\Session\Handlers\FileHandler' driver.
CRITICAL - 2025-08-28 10:44:17 --> CodeIgniter\Database\Exceptions\DatabaseException: Deletes are not allowed unless they contain a "where" or "like" clause.
[Method: POST, Route: dataset/hapus-semua]
in SYSTEMPATH\Database\BaseBuilder.php on line 2819.
 1 APPPATH\Controllers\Dataset.php(94): CodeIgniter\Database\BaseBuilder->delete()
 2 SYSTEMPATH\CodeIgniter.php(933): App\Controllers\Dataset->hapusSemua()
 3 SYSTEMPATH\CodeIgniter.php(507): CodeIgniter\CodeIgniter->runController(Object(App\Controllers\Dataset))
 4 SYSTEMPATH\CodeIgniter.php(354): CodeIgniter\CodeIgniter->handleRequest(null, Object(Config\Cache), false)
 5 SYSTEMPATH\Boot.php(334): CodeIgniter\CodeIgniter->run()
 6 SYSTEMPATH\Boot.php(67): CodeIgniter\Boot::runCodeIgniter(Object(CodeIgniter\CodeIgniter))
 7 FCPATH\index.php(59): CodeIgniter\Boot::bootWeb(Object(Config\Paths))
DEBUG - 2025-08-28 10:45:20 --> Session: Class initialized using 'CodeIgniter\Session\Handlers\FileHandler' driver.
DEBUG - 2025-08-28 10:45:22 --> Session: Class initialized using 'CodeIgniter\Session\Handlers\FileHandler' driver.
ERROR - 2025-08-28 10:45:22 --> mysqli_sql_exception: Cannot truncate a table referenced in a foreign key constraint (`apriori_db`.`transaksi_properti`, CONSTRAINT `transaksi_properti_ibfk_1` FOREIGN KEY (`id_properti`) REFERENCES `apriori_db`.`properti` (`id`)) in C:\laragon\www\apriori\vendor\codeigniter4\framework\system\Database\MySQLi\Connection.php:327
Stack trace:
#0 C:\laragon\www\apriori\vendor\codeigniter4\framework\system\Database\MySQLi\Connection.php(327): mysqli->query('TRUNCATE `prope...', 0)
#1 C:\laragon\www\apriori\vendor\codeigniter4\framework\system\Database\BaseConnection.php(738): CodeIgniter\Database\MySQLi\Connection->execute('TRUNCATE `prope...')
#2 C:\laragon\www\apriori\vendor\codeigniter4\framework\system\Database\BaseConnection.php(652): CodeIgniter\Database\BaseConnection->simpleQuery('TRUNCATE `prope...')
#3 C:\laragon\www\apriori\vendor\codeigniter4\framework\system\Database\BaseBuilder.php(2773): CodeIgniter\Database\BaseConnection->query('TRUNCATE `prope...', NULL, false)
#4 C:\laragon\www\apriori\app\Controllers\Dataset.php(94): CodeIgniter\Database\BaseBuilder->truncate()
#5 C:\laragon\www\apriori\vendor\codeigniter4\framework\system\CodeIgniter.php(933): App\Controllers\Dataset->hapusSemua()
#6 C:\laragon\www\apriori\vendor\codeigniter4\framework\system\CodeIgniter.php(507): CodeIgniter\CodeIgniter->runController(Object(App\Controllers\Dataset))
#7 C:\laragon\www\apriori\vendor\codeigniter4\framework\system\CodeIgniter.php(354): CodeIgniter\CodeIgniter->handleRequest(NULL, Object(Config\Cache), false)
#8 C:\laragon\www\apriori\vendor\codeigniter4\framework\system\Boot.php(334): CodeIgniter\CodeIgniter->run()
#9 C:\laragon\www\apriori\vendor\codeigniter4\framework\system\Boot.php(67): CodeIgniter\Boot::runCodeIgniter(Object(CodeIgniter\CodeIgniter))
#10 C:\laragon\www\apriori\index.php(59): CodeIgniter\Boot::bootWeb(Object(Config\Paths))
#11 {main}
ERROR - 2025-08-28 10:45:22 --> mysqli_sql_exception: Cannot truncate a table referenced in a foreign key constraint (`apriori_db`.`transaksi_properti`, CONSTRAINT `transaksi_properti_ibfk_2` FOREIGN KEY (`id_kriteria`) REFERENCES `apriori_db`.`kriteria` (`id`)) in C:\laragon\www\apriori\vendor\codeigniter4\framework\system\Database\MySQLi\Connection.php:327
Stack trace:
#0 C:\laragon\www\apriori\vendor\codeigniter4\framework\system\Database\MySQLi\Connection.php(327): mysqli->query('TRUNCATE `krite...', 0)
#1 C:\laragon\www\apriori\vendor\codeigniter4\framework\system\Database\BaseConnection.php(738): CodeIgniter\Database\MySQLi\Connection->execute('TRUNCATE `krite...')
#2 C:\laragon\www\apriori\vendor\codeigniter4\framework\system\Database\BaseConnection.php(652): CodeIgniter\Database\BaseConnection->simpleQuery('TRUNCATE `krite...')
#3 C:\laragon\www\apriori\vendor\codeigniter4\framework\system\Database\BaseBuilder.php(2773): CodeIgniter\Database\BaseConnection->query('TRUNCATE `krite...', NULL, false)
#4 C:\laragon\www\apriori\app\Controllers\Dataset.php(95): CodeIgniter\Database\BaseBuilder->truncate()
#5 C:\laragon\www\apriori\vendor\codeigniter4\framework\system\CodeIgniter.php(933): App\Controllers\Dataset->hapusSemua()
#6 C:\laragon\www\apriori\vendor\codeigniter4\framework\system\CodeIgniter.php(507): CodeIgniter\CodeIgniter->runController(Object(App\Controllers\Dataset))
#7 C:\laragon\www\apriori\vendor\codeigniter4\framework\system\CodeIgniter.php(354): CodeIgniter\CodeIgniter->handleRequest(NULL, Object(Config\Cache), false)
#8 C:\laragon\www\apriori\vendor\codeigniter4\framework\system\Boot.php(334): CodeIgniter\CodeIgniter->run()
#9 C:\laragon\www\apriori\vendor\codeigniter4\framework\system\Boot.php(67): CodeIgniter\Boot::runCodeIgniter(Object(CodeIgniter\CodeIgniter))
#10 C:\laragon\www\apriori\index.php(59): CodeIgniter\Boot::bootWeb(Object(Config\Paths))
#11 {main}
DEBUG - 2025-08-28 10:45:22 --> Session: Class initialized using 'CodeIgniter\Session\Handlers\FileHandler' driver.
DEBUG - 2025-08-28 10:46:03 --> Session: Class initialized using 'CodeIgniter\Session\Handlers\FileHandler' driver.
DEBUG - 2025-08-28 10:46:05 --> Session: Class initialized using 'CodeIgniter\Session\Handlers\FileHandler' driver.
ERROR - 2025-08-28 10:46:05 --> mysqli_sql_exception: Cannot truncate a table referenced in a foreign key constraint (`apriori_db`.`transaksi_properti`, CONSTRAINT `transaksi_properti_ibfk_1` FOREIGN KEY (`id_properti`) REFERENCES `apriori_db`.`properti` (`id`)) in C:\laragon\www\apriori\vendor\codeigniter4\framework\system\Database\MySQLi\Connection.php:327
Stack trace:
#0 C:\laragon\www\apriori\vendor\codeigniter4\framework\system\Database\MySQLi\Connection.php(327): mysqli->query('TRUNCATE `prope...', 0)
#1 C:\laragon\www\apriori\vendor\codeigniter4\framework\system\Database\BaseConnection.php(738): CodeIgniter\Database\MySQLi\Connection->execute('TRUNCATE `prope...')
#2 C:\laragon\www\apriori\vendor\codeigniter4\framework\system\Database\BaseConnection.php(652): CodeIgniter\Database\BaseConnection->simpleQuery('TRUNCATE `prope...')
#3 C:\laragon\www\apriori\vendor\codeigniter4\framework\system\Database\BaseBuilder.php(2773): CodeIgniter\Database\BaseConnection->query('TRUNCATE `prope...', NULL, false)
#4 C:\laragon\www\apriori\app\Controllers\Dataset.php(94): CodeIgniter\Database\BaseBuilder->truncate()
#5 C:\laragon\www\apriori\vendor\codeigniter4\framework\system\CodeIgniter.php(933): App\Controllers\Dataset->hapusSemua()
#6 C:\laragon\www\apriori\vendor\codeigniter4\framework\system\CodeIgniter.php(507): CodeIgniter\CodeIgniter->runController(Object(App\Controllers\Dataset))
#7 C:\laragon\www\apriori\vendor\codeigniter4\framework\system\CodeIgniter.php(354): CodeIgniter\CodeIgniter->handleRequest(NULL, Object(Config\Cache), false)
#8 C:\laragon\www\apriori\vendor\codeigniter4\framework\system\Boot.php(334): CodeIgniter\CodeIgniter->run()
#9 C:\laragon\www\apriori\vendor\codeigniter4\framework\system\Boot.php(67): CodeIgniter\Boot::runCodeIgniter(Object(CodeIgniter\CodeIgniter))
#10 C:\laragon\www\apriori\index.php(59): CodeIgniter\Boot::bootWeb(Object(Config\Paths))
#11 {main}
ERROR - 2025-08-28 10:46:05 --> mysqli_sql_exception: Cannot truncate a table referenced in a foreign key constraint (`apriori_db`.`transaksi_properti`, CONSTRAINT `transaksi_properti_ibfk_2` FOREIGN KEY (`id_kriteria`) REFERENCES `apriori_db`.`kriteria` (`id`)) in C:\laragon\www\apriori\vendor\codeigniter4\framework\system\Database\MySQLi\Connection.php:327
Stack trace:
#0 C:\laragon\www\apriori\vendor\codeigniter4\framework\system\Database\MySQLi\Connection.php(327): mysqli->query('TRUNCATE `krite...', 0)
#1 C:\laragon\www\apriori\vendor\codeigniter4\framework\system\Database\BaseConnection.php(738): CodeIgniter\Database\MySQLi\Connection->execute('TRUNCATE `krite...')
#2 C:\laragon\www\apriori\vendor\codeigniter4\framework\system\Database\BaseConnection.php(652): CodeIgniter\Database\BaseConnection->simpleQuery('TRUNCATE `krite...')
#3 C:\laragon\www\apriori\vendor\codeigniter4\framework\system\Database\BaseBuilder.php(2773): CodeIgniter\Database\BaseConnection->query('TRUNCATE `krite...', NULL, false)
#4 C:\laragon\www\apriori\app\Controllers\Dataset.php(95): CodeIgniter\Database\BaseBuilder->truncate()
#5 C:\laragon\www\apriori\vendor\codeigniter4\framework\system\CodeIgniter.php(933): App\Controllers\Dataset->hapusSemua()
#6 C:\laragon\www\apriori\vendor\codeigniter4\framework\system\CodeIgniter.php(507): CodeIgniter\CodeIgniter->runController(Object(App\Controllers\Dataset))
#7 C:\laragon\www\apriori\vendor\codeigniter4\framework\system\CodeIgniter.php(354): CodeIgniter\CodeIgniter->handleRequest(NULL, Object(Config\Cache), false)
#8 C:\laragon\www\apriori\vendor\codeigniter4\framework\system\Boot.php(334): CodeIgniter\CodeIgniter->run()
#9 C:\laragon\www\apriori\vendor\codeigniter4\framework\system\Boot.php(67): CodeIgniter\Boot::runCodeIgniter(Object(CodeIgniter\CodeIgniter))
#10 C:\laragon\www\apriori\index.php(59): CodeIgniter\Boot::bootWeb(Object(Config\Paths))
#11 {main}
DEBUG - 2025-08-28 10:46:06 --> Session: Class initialized using 'CodeIgniter\Session\Handlers\FileHandler' driver.
DEBUG - 2025-08-28 10:46:42 --> Session: Class initialized using 'CodeIgniter\Session\Handlers\FileHandler' driver.
DEBUG - 2025-08-28 10:46:44 --> Session: Class initialized using 'CodeIgniter\Session\Handlers\FileHandler' driver.
ERROR - 2025-08-28 10:46:45 --> mysqli_sql_exception: Cannot truncate a table referenced in a foreign key constraint (`apriori_db`.`transaksi_properti`, CONSTRAINT `transaksi_properti_ibfk_1` FOREIGN KEY (`id_properti`) REFERENCES `apriori_db`.`properti` (`id`)) in C:\laragon\www\apriori\vendor\codeigniter4\framework\system\Database\MySQLi\Connection.php:327
Stack trace:
#0 C:\laragon\www\apriori\vendor\codeigniter4\framework\system\Database\MySQLi\Connection.php(327): mysqli->query('TRUNCATE `prope...', 0)
#1 C:\laragon\www\apriori\vendor\codeigniter4\framework\system\Database\BaseConnection.php(738): CodeIgniter\Database\MySQLi\Connection->execute('TRUNCATE `prope...')
#2 C:\laragon\www\apriori\vendor\codeigniter4\framework\system\Database\BaseConnection.php(652): CodeIgniter\Database\BaseConnection->simpleQuery('TRUNCATE `prope...')
#3 C:\laragon\www\apriori\vendor\codeigniter4\framework\system\Database\BaseBuilder.php(2773): CodeIgniter\Database\BaseConnection->query('TRUNCATE `prope...', NULL, false)
#4 C:\laragon\www\apriori\app\Controllers\Dataset.php(94): CodeIgniter\Database\BaseBuilder->truncate()
#5 C:\laragon\www\apriori\vendor\codeigniter4\framework\system\CodeIgniter.php(933): App\Controllers\Dataset->hapusSemua()
#6 C:\laragon\www\apriori\vendor\codeigniter4\framework\system\CodeIgniter.php(507): CodeIgniter\CodeIgniter->runController(Object(App\Controllers\Dataset))
#7 C:\laragon\www\apriori\vendor\codeigniter4\framework\system\CodeIgniter.php(354): CodeIgniter\CodeIgniter->handleRequest(NULL, Object(Config\Cache), false)
#8 C:\laragon\www\apriori\vendor\codeigniter4\framework\system\Boot.php(334): CodeIgniter\CodeIgniter->run()
#9 C:\laragon\www\apriori\vendor\codeigniter4\framework\system\Boot.php(67): CodeIgniter\Boot::runCodeIgniter(Object(CodeIgniter\CodeIgniter))
#10 C:\laragon\www\apriori\index.php(59): CodeIgniter\Boot::bootWeb(Object(Config\Paths))
#11 {main}
ERROR - 2025-08-28 10:46:45 --> mysqli_sql_exception: Cannot truncate a table referenced in a foreign key constraint (`apriori_db`.`transaksi_properti`, CONSTRAINT `transaksi_properti_ibfk_2` FOREIGN KEY (`id_kriteria`) REFERENCES `apriori_db`.`kriteria` (`id`)) in C:\laragon\www\apriori\vendor\codeigniter4\framework\system\Database\MySQLi\Connection.php:327
Stack trace:
#0 C:\laragon\www\apriori\vendor\codeigniter4\framework\system\Database\MySQLi\Connection.php(327): mysqli->query('TRUNCATE `krite...', 0)
#1 C:\laragon\www\apriori\vendor\codeigniter4\framework\system\Database\BaseConnection.php(738): CodeIgniter\Database\MySQLi\Connection->execute('TRUNCATE `krite...')
#2 C:\laragon\www\apriori\vendor\codeigniter4\framework\system\Database\BaseConnection.php(652): CodeIgniter\Database\BaseConnection->simpleQuery('TRUNCATE `krite...')
#3 C:\laragon\www\apriori\vendor\codeigniter4\framework\system\Database\BaseBuilder.php(2773): CodeIgniter\Database\BaseConnection->query('TRUNCATE `krite...', NULL, false)
#4 C:\laragon\www\apriori\app\Controllers\Dataset.php(95): CodeIgniter\Database\BaseBuilder->truncate()
#5 C:\laragon\www\apriori\vendor\codeigniter4\framework\system\CodeIgniter.php(933): App\Controllers\Dataset->hapusSemua()
#6 C:\laragon\www\apriori\vendor\codeigniter4\framework\system\CodeIgniter.php(507): CodeIgniter\CodeIgniter->runController(Object(App\Controllers\Dataset))
#7 C:\laragon\www\apriori\vendor\codeigniter4\framework\system\CodeIgniter.php(354): CodeIgniter\CodeIgniter->handleRequest(NULL, Object(Config\Cache), false)
#8 C:\laragon\www\apriori\vendor\codeigniter4\framework\system\Boot.php(334): CodeIgniter\CodeIgniter->run()
#9 C:\laragon\www\apriori\vendor\codeigniter4\framework\system\Boot.php(67): CodeIgniter\Boot::runCodeIgniter(Object(CodeIgniter\CodeIgniter))
#10 C:\laragon\www\apriori\index.php(59): CodeIgniter\Boot::bootWeb(Object(Config\Paths))
#11 {main}
DEBUG - 2025-08-28 10:46:45 --> Session: Class initialized using 'CodeIgniter\Session\Handlers\FileHandler' driver.
DEBUG - 2025-08-28 10:47:54 --> Session: Class initialized using 'CodeIgniter\Session\Handlers\FileHandler' driver.
DEBUG - 2025-08-28 10:47:56 --> Session: Class initialized using 'CodeIgniter\Session\Handlers\FileHandler' driver.
ERROR - 2025-08-28 10:47:56 --> mysqli_sql_exception: Cannot truncate a table referenced in a foreign key constraint (`apriori_db`.`transaksi_properti`, CONSTRAINT `transaksi_properti_ibfk_1` FOREIGN KEY (`id_properti`) REFERENCES `apriori_db`.`properti` (`id`)) in C:\laragon\www\apriori\vendor\codeigniter4\framework\system\Database\MySQLi\Connection.php:327
Stack trace:
#0 C:\laragon\www\apriori\vendor\codeigniter4\framework\system\Database\MySQLi\Connection.php(327): mysqli->query('TRUNCATE `prope...', 0)
#1 C:\laragon\www\apriori\vendor\codeigniter4\framework\system\Database\BaseConnection.php(738): CodeIgniter\Database\MySQLi\Connection->execute('TRUNCATE `prope...')
#2 C:\laragon\www\apriori\vendor\codeigniter4\framework\system\Database\BaseConnection.php(652): CodeIgniter\Database\BaseConnection->simpleQuery('TRUNCATE `prope...')
#3 C:\laragon\www\apriori\vendor\codeigniter4\framework\system\Database\BaseBuilder.php(2773): CodeIgniter\Database\BaseConnection->query('TRUNCATE `prope...', NULL, false)
#4 C:\laragon\www\apriori\app\Controllers\Dataset.php(94): CodeIgniter\Database\BaseBuilder->truncate()
#5 C:\laragon\www\apriori\vendor\codeigniter4\framework\system\CodeIgniter.php(933): App\Controllers\Dataset->hapusSemua()
#6 C:\laragon\www\apriori\vendor\codeigniter4\framework\system\CodeIgniter.php(507): CodeIgniter\CodeIgniter->runController(Object(App\Controllers\Dataset))
#7 C:\laragon\www\apriori\vendor\codeigniter4\framework\system\CodeIgniter.php(354): CodeIgniter\CodeIgniter->handleRequest(NULL, Object(Config\Cache), false)
#8 C:\laragon\www\apriori\vendor\codeigniter4\framework\system\Boot.php(334): CodeIgniter\CodeIgniter->run()
#9 C:\laragon\www\apriori\vendor\codeigniter4\framework\system\Boot.php(67): CodeIgniter\Boot::runCodeIgniter(Object(CodeIgniter\CodeIgniter))
#10 C:\laragon\www\apriori\index.php(59): CodeIgniter\Boot::bootWeb(Object(Config\Paths))
#11 {main}
ERROR - 2025-08-28 10:47:56 --> mysqli_sql_exception: Cannot truncate a table referenced in a foreign key constraint (`apriori_db`.`transaksi_properti`, CONSTRAINT `transaksi_properti_ibfk_2` FOREIGN KEY (`id_kriteria`) REFERENCES `apriori_db`.`kriteria` (`id`)) in C:\laragon\www\apriori\vendor\codeigniter4\framework\system\Database\MySQLi\Connection.php:327
Stack trace:
#0 C:\laragon\www\apriori\vendor\codeigniter4\framework\system\Database\MySQLi\Connection.php(327): mysqli->query('TRUNCATE `krite...', 0)
#1 C:\laragon\www\apriori\vendor\codeigniter4\framework\system\Database\BaseConnection.php(738): CodeIgniter\Database\MySQLi\Connection->execute('TRUNCATE `krite...')
#2 C:\laragon\www\apriori\vendor\codeigniter4\framework\system\Database\BaseConnection.php(652): CodeIgniter\Database\BaseConnection->simpleQuery('TRUNCATE `krite...')
#3 C:\laragon\www\apriori\vendor\codeigniter4\framework\system\Database\BaseBuilder.php(2773): CodeIgniter\Database\BaseConnection->query('TRUNCATE `krite...', NULL, false)
#4 C:\laragon\www\apriori\app\Controllers\Dataset.php(95): CodeIgniter\Database\BaseBuilder->truncate()
#5 C:\laragon\www\apriori\vendor\codeigniter4\framework\system\CodeIgniter.php(933): App\Controllers\Dataset->hapusSemua()
#6 C:\laragon\www\apriori\vendor\codeigniter4\framework\system\CodeIgniter.php(507): CodeIgniter\CodeIgniter->runController(Object(App\Controllers\Dataset))
#7 C:\laragon\www\apriori\vendor\codeigniter4\framework\system\CodeIgniter.php(354): CodeIgniter\CodeIgniter->handleRequest(NULL, Object(Config\Cache), false)
#8 C:\laragon\www\apriori\vendor\codeigniter4\framework\system\Boot.php(334): CodeIgniter\CodeIgniter->run()
#9 C:\laragon\www\apriori\vendor\codeigniter4\framework\system\Boot.php(67): CodeIgniter\Boot::runCodeIgniter(Object(CodeIgniter\CodeIgniter))
#10 C:\laragon\www\apriori\index.php(59): CodeIgniter\Boot::bootWeb(Object(Config\Paths))
#11 {main}
DEBUG - 2025-08-28 10:47:56 --> Session: Class initialized using 'CodeIgniter\Session\Handlers\FileHandler' driver.
DEBUG - 2025-08-28 10:48:45 --> Session: Class initialized using 'CodeIgniter\Session\Handlers\FileHandler' driver.
DEBUG - 2025-08-28 10:48:47 --> Session: Class initialized using 'CodeIgniter\Session\Handlers\FileHandler' driver.
ERROR - 2025-08-28 10:48:47 --> mysqli_sql_exception: Cannot truncate a table referenced in a foreign key constraint (`apriori_db`.`transaksi_properti`, CONSTRAINT `transaksi_properti_ibfk_1` FOREIGN KEY (`id_properti`) REFERENCES `apriori_db`.`properti` (`id`)) in C:\laragon\www\apriori\vendor\codeigniter4\framework\system\Database\MySQLi\Connection.php:327
Stack trace:
#0 C:\laragon\www\apriori\vendor\codeigniter4\framework\system\Database\MySQLi\Connection.php(327): mysqli->query('TRUNCATE `prope...', 0)
#1 C:\laragon\www\apriori\vendor\codeigniter4\framework\system\Database\BaseConnection.php(738): CodeIgniter\Database\MySQLi\Connection->execute('TRUNCATE `prope...')
#2 C:\laragon\www\apriori\vendor\codeigniter4\framework\system\Database\BaseConnection.php(652): CodeIgniter\Database\BaseConnection->simpleQuery('TRUNCATE `prope...')
#3 C:\laragon\www\apriori\vendor\codeigniter4\framework\system\Database\BaseBuilder.php(2773): CodeIgniter\Database\BaseConnection->query('TRUNCATE `prope...', NULL, false)
#4 C:\laragon\www\apriori\app\Controllers\Dataset.php(94): CodeIgniter\Database\BaseBuilder->truncate()
#5 C:\laragon\www\apriori\vendor\codeigniter4\framework\system\CodeIgniter.php(933): App\Controllers\Dataset->hapusSemua()
#6 C:\laragon\www\apriori\vendor\codeigniter4\framework\system\CodeIgniter.php(507): CodeIgniter\CodeIgniter->runController(Object(App\Controllers\Dataset))
#7 C:\laragon\www\apriori\vendor\codeigniter4\framework\system\CodeIgniter.php(354): CodeIgniter\CodeIgniter->handleRequest(NULL, Object(Config\Cache), false)
#8 C:\laragon\www\apriori\vendor\codeigniter4\framework\system\Boot.php(334): CodeIgniter\CodeIgniter->run()
#9 C:\laragon\www\apriori\vendor\codeigniter4\framework\system\Boot.php(67): CodeIgniter\Boot::runCodeIgniter(Object(CodeIgniter\CodeIgniter))
#10 C:\laragon\www\apriori\index.php(59): CodeIgniter\Boot::bootWeb(Object(Config\Paths))
#11 {main}
ERROR - 2025-08-28 10:48:47 --> mysqli_sql_exception: Cannot truncate a table referenced in a foreign key constraint (`apriori_db`.`transaksi_properti`, CONSTRAINT `transaksi_properti_ibfk_2` FOREIGN KEY (`id_kriteria`) REFERENCES `apriori_db`.`kriteria` (`id`)) in C:\laragon\www\apriori\vendor\codeigniter4\framework\system\Database\MySQLi\Connection.php:327
Stack trace:
#0 C:\laragon\www\apriori\vendor\codeigniter4\framework\system\Database\MySQLi\Connection.php(327): mysqli->query('TRUNCATE `krite...', 0)
#1 C:\laragon\www\apriori\vendor\codeigniter4\framework\system\Database\BaseConnection.php(738): CodeIgniter\Database\MySQLi\Connection->execute('TRUNCATE `krite...')
#2 C:\laragon\www\apriori\vendor\codeigniter4\framework\system\Database\BaseConnection.php(652): CodeIgniter\Database\BaseConnection->simpleQuery('TRUNCATE `krite...')
#3 C:\laragon\www\apriori\vendor\codeigniter4\framework\system\Database\BaseBuilder.php(2773): CodeIgniter\Database\BaseConnection->query('TRUNCATE `krite...', NULL, false)
#4 C:\laragon\www\apriori\app\Controllers\Dataset.php(95): CodeIgniter\Database\BaseBuilder->truncate()
#5 C:\laragon\www\apriori\vendor\codeigniter4\framework\system\CodeIgniter.php(933): App\Controllers\Dataset->hapusSemua()
#6 C:\laragon\www\apriori\vendor\codeigniter4\framework\system\CodeIgniter.php(507): CodeIgniter\CodeIgniter->runController(Object(App\Controllers\Dataset))
#7 C:\laragon\www\apriori\vendor\codeigniter4\framework\system\CodeIgniter.php(354): CodeIgniter\CodeIgniter->handleRequest(NULL, Object(Config\Cache), false)
#8 C:\laragon\www\apriori\vendor\codeigniter4\framework\system\Boot.php(334): CodeIgniter\CodeIgniter->run()
#9 C:\laragon\www\apriori\vendor\codeigniter4\framework\system\Boot.php(67): CodeIgniter\Boot::runCodeIgniter(Object(CodeIgniter\CodeIgniter))
#10 C:\laragon\www\apriori\index.php(59): CodeIgniter\Boot::bootWeb(Object(Config\Paths))
#11 {main}
DEBUG - 2025-08-28 10:48:48 --> Session: Class initialized using 'CodeIgniter\Session\Handlers\FileHandler' driver.
DEBUG - 2025-08-28 10:49:21 --> Session: Class initialized using 'CodeIgniter\Session\Handlers\FileHandler' driver.
DEBUG - 2025-08-28 10:49:23 --> Session: Class initialized using 'CodeIgniter\Session\Handlers\FileHandler' driver.
DEBUG - 2025-08-28 10:49:23 --> Session: Class initialized using 'CodeIgniter\Session\Handlers\FileHandler' driver.
DEBUG - 2025-08-28 10:49:45 --> Session: Class initialized using 'CodeIgniter\Session\Handlers\FileHandler' driver.
DEBUG - 2025-08-28 10:49:50 --> Session: Class initialized using 'CodeIgniter\Session\Handlers\FileHandler' driver.
DEBUG - 2025-08-28 10:49:51 --> Session: Class initialized using 'CodeIgniter\Session\Handlers\FileHandler' driver.
DEBUG - 2025-08-28 10:49:58 --> Session: Class initialized using 'CodeIgniter\Session\Handlers\FileHandler' driver.
DEBUG - 2025-08-28 10:50:00 --> Session: Class initialized using 'CodeIgniter\Session\Handlers\FileHandler' driver.
DEBUG - 2025-08-28 10:50:53 --> Session: Class initialized using 'CodeIgniter\Session\Handlers\FileHandler' driver.
DEBUG - 2025-08-28 10:51:03 --> Session: Class initialized using 'CodeIgniter\Session\Handlers\FileHandler' driver.
DEBUG - 2025-08-28 10:51:13 --> Session: Class initialized using 'CodeIgniter\Session\Handlers\FileHandler' driver.
DEBUG - 2025-08-28 10:51:31 --> Session: Class initialized using 'CodeIgniter\Session\Handlers\FileHandler' driver.
DEBUG - 2025-08-28 10:51:33 --> Session: Class initialized using 'CodeIgniter\Session\Handlers\FileHandler' driver.
DEBUG - 2025-08-28 10:51:35 --> Session: Class initialized using 'CodeIgniter\Session\Handlers\FileHandler' driver.
DEBUG - 2025-08-28 10:51:35 --> Session: Class initialized using 'CodeIgniter\Session\Handlers\FileHandler' driver.
DEBUG - 2025-08-28 10:51:47 --> Session: Class initialized using 'CodeIgniter\Session\Handlers\FileHandler' driver.
DEBUG - 2025-08-28 10:51:48 --> Session: Class initialized using 'CodeIgniter\Session\Handlers\FileHandler' driver.
DEBUG - 2025-08-28 10:51:58 --> Session: Class initialized using 'CodeIgniter\Session\Handlers\FileHandler' driver.
DEBUG - 2025-08-28 10:52:00 --> Session: Class initialized using 'CodeIgniter\Session\Handlers\FileHandler' driver.
DEBUG - 2025-08-28 10:52:02 --> Session: Class initialized using 'CodeIgniter\Session\Handlers\FileHandler' driver.
DEBUG - 2025-08-28 10:52:03 --> Session: Class initialized using 'CodeIgniter\Session\Handlers\FileHandler' driver.
DEBUG - 2025-08-28 10:52:05 --> Session: Class initialized using 'CodeIgniter\Session\Handlers\FileHandler' driver.
DEBUG - 2025-08-28 10:52:07 --> Session: Class initialized using 'CodeIgniter\Session\Handlers\FileHandler' driver.
DEBUG - 2025-08-28 10:52:25 --> Session: Class initialized using 'CodeIgniter\Session\Handlers\FileHandler' driver.
DEBUG - 2025-08-28 10:54:27 --> Session: Class initialized using 'CodeIgniter\Session\Handlers\FileHandler' driver.
DEBUG - 2025-08-28 10:54:33 --> Session: Class initialized using 'CodeIgniter\Session\Handlers\FileHandler' driver.
DEBUG - 2025-08-28 10:56:00 --> Session: Class initialized using 'CodeIgniter\Session\Handlers\FileHandler' driver.
DEBUG - 2025-08-28 10:56:46 --> Session: Class initialized using 'CodeIgniter\Session\Handlers\FileHandler' driver.
DEBUG - 2025-08-28 10:56:47 --> Session: Class initialized using 'CodeIgniter\Session\Handlers\FileHandler' driver.
DEBUG - 2025-08-28 12:48:39 --> Session: Class initialized using 'CodeIgniter\Session\Handlers\FileHandler' driver.
DEBUG - 2025-08-28 12:48:40 --> Session: Class initialized using 'CodeIgniter\Session\Handlers\FileHandler' driver.
DEBUG - 2025-08-28 12:48:50 --> Session: Class initialized using 'CodeIgniter\Session\Handlers\FileHandler' driver.
DEBUG - 2025-08-28 12:48:52 --> Session: Class initialized using 'CodeIgniter\Session\Handlers\FileHandler' driver.
DEBUG - 2025-08-28 12:49:04 --> Session: Class initialized using 'CodeIgniter\Session\Handlers\FileHandler' driver.
DEBUG - 2025-08-28 12:49:08 --> Session: Class initialized using 'CodeIgniter\Session\Handlers\FileHandler' driver.
DEBUG - 2025-08-28 12:49:10 --> Session: Class initialized using 'CodeIgniter\Session\Handlers\FileHandler' driver.
DEBUG - 2025-08-28 12:49:11 --> Session: Class initialized using 'CodeIgniter\Session\Handlers\FileHandler' driver.
DEBUG - 2025-08-28 12:49:14 --> Session: Class initialized using 'CodeIgniter\Session\Handlers\FileHandler' driver.
DEBUG - 2025-08-28 12:50:39 --> Session: Class initialized using 'CodeIgniter\Session\Handlers\FileHandler' driver.
DEBUG - 2025-08-28 12:50:43 --> Session: Class initialized using 'CodeIgniter\Session\Handlers\FileHandler' driver.
DEBUG - 2025-08-28 12:50:48 --> Session: Class initialized using 'CodeIgniter\Session\Handlers\FileHandler' driver.
DEBUG - 2025-08-28 12:50:50 --> Session: Class initialized using 'CodeIgniter\Session\Handlers\FileHandler' driver.
DEBUG - 2025-08-28 12:50:54 --> Session: Class initialized using 'CodeIgniter\Session\Handlers\FileHandler' driver.
DEBUG - 2025-08-28 12:50:56 --> Session: Class initialized using 'CodeIgniter\Session\Handlers\FileHandler' driver.
DEBUG - 2025-08-28 12:51:02 --> Session: Class initialized using 'CodeIgniter\Session\Handlers\FileHandler' driver.
DEBUG - 2025-08-28 12:51:04 --> Session: Class initialized using 'CodeIgniter\Session\Handlers\FileHandler' driver.
DEBUG - 2025-08-28 12:51:10 --> Session: Class initialized using 'CodeIgniter\Session\Handlers\FileHandler' driver.
DEBUG - 2025-08-28 12:51:25 --> Session: Class initialized using 'CodeIgniter\Session\Handlers\FileHandler' driver.
DEBUG - 2025-08-28 12:51:27 --> Session: Class initialized using 'CodeIgniter\Session\Handlers\FileHandler' driver.
DEBUG - 2025-08-28 12:51:30 --> Session: Class initialized using 'CodeIgniter\Session\Handlers\FileHandler' driver.
DEBUG - 2025-08-28 12:51:30 --> Session: Class initialized using 'CodeIgniter\Session\Handlers\FileHandler' driver.
DEBUG - 2025-08-28 12:51:47 --> Session: Class initialized using 'CodeIgniter\Session\Handlers\FileHandler' driver.
DEBUG - 2025-08-28 12:51:48 --> Session: Class initialized using 'CodeIgniter\Session\Handlers\FileHandler' driver.
DEBUG - 2025-08-28 12:51:51 --> Session: Class initialized using 'CodeIgniter\Session\Handlers\FileHandler' driver.
DEBUG - 2025-08-28 12:51:51 --> Session: Class initialized using 'CodeIgniter\Session\Handlers\FileHandler' driver.
DEBUG - 2025-08-28 12:51:57 --> Session: Class initialized using 'CodeIgniter\Session\Handlers\FileHandler' driver.
DEBUG - 2025-08-28 12:52:01 --> Session: Class initialized using 'CodeIgniter\Session\Handlers\FileHandler' driver.
DEBUG - 2025-08-28 12:53:02 --> Session: Class initialized using 'CodeIgniter\Session\Handlers\FileHandler' driver.
DEBUG - 2025-08-28 12:53:04 --> Session: Class initialized using 'CodeIgniter\Session\Handlers\FileHandler' driver.
DEBUG - 2025-08-28 12:53:11 --> Session: Class initialized using 'CodeIgniter\Session\Handlers\FileHandler' driver.
DEBUG - 2025-08-28 12:53:15 --> Session: Class initialized using 'CodeIgniter\Session\Handlers\FileHandler' driver.
DEBUG - 2025-08-28 12:53:33 --> Session: Class initialized using 'CodeIgniter\Session\Handlers\FileHandler' driver.
DEBUG - 2025-08-28 12:53:36 --> Session: Class initialized using 'CodeIgniter\Session\Handlers\FileHandler' driver.
DEBUG - 2025-08-28 12:53:36 --> Session: Class initialized using 'CodeIgniter\Session\Handlers\FileHandler' driver.
DEBUG - 2025-08-28 12:53:42 --> Session: Class initialized using 'CodeIgniter\Session\Handlers\FileHandler' driver.
DEBUG - 2025-08-28 12:53:45 --> Session: Class initialized using 'CodeIgniter\Session\Handlers\FileHandler' driver.
DEBUG - 2025-08-28 12:53:55 --> Session: Class initialized using 'CodeIgniter\Session\Handlers\FileHandler' driver.
DEBUG - 2025-08-28 12:54:02 --> Session: Class initialized using 'CodeIgniter\Session\Handlers\FileHandler' driver.
DEBUG - 2025-08-28 12:54:41 --> Session: Class initialized using 'CodeIgniter\Session\Handlers\FileHandler' driver.
DEBUG - 2025-08-28 12:54:44 --> Session: Class initialized using 'CodeIgniter\Session\Handlers\FileHandler' driver.
DEBUG - 2025-08-28 12:54:46 --> Session: Class initialized using 'CodeIgniter\Session\Handlers\FileHandler' driver.
DEBUG - 2025-08-28 12:54:50 --> Session: Class initialized using 'CodeIgniter\Session\Handlers\FileHandler' driver.
DEBUG - 2025-08-28 12:54:55 --> Session: Class initialized using 'CodeIgniter\Session\Handlers\FileHandler' driver.
DEBUG - 2025-08-28 12:54:58 --> Session: Class initialized using 'CodeIgniter\Session\Handlers\FileHandler' driver.
DEBUG - 2025-08-28 12:55:00 --> Session: Class initialized using 'CodeIgniter\Session\Handlers\FileHandler' driver.
DEBUG - 2025-08-28 12:55:03 --> Session: Class initialized using 'CodeIgniter\Session\Handlers\FileHandler' driver.
DEBUG - 2025-08-28 12:55:13 --> Session: Class initialized using 'CodeIgniter\Session\Handlers\FileHandler' driver.
DEBUG - 2025-08-28 12:55:16 --> Session: Class initialized using 'CodeIgniter\Session\Handlers\FileHandler' driver.
DEBUG - 2025-08-28 12:55:39 --> Session: Class initialized using 'CodeIgniter\Session\Handlers\FileHandler' driver.
DEBUG - 2025-08-28 12:56:35 --> Session: Class initialized using 'CodeIgniter\Session\Handlers\FileHandler' driver.
DEBUG - 2025-08-28 12:56:35 --> Session: Class initialized using 'CodeIgniter\Session\Handlers\FileHandler' driver.
DEBUG - 2025-08-28 12:56:45 --> Session: Class initialized using 'CodeIgniter\Session\Handlers\FileHandler' driver.
DEBUG - 2025-08-28 12:56:46 --> Session: Class initialized using 'CodeIgniter\Session\Handlers\FileHandler' driver.
DEBUG - 2025-08-28 12:56:48 --> Session: Class initialized using 'CodeIgniter\Session\Handlers\FileHandler' driver.
DEBUG - 2025-08-28 12:56:49 --> Session: Class initialized using 'CodeIgniter\Session\Handlers\FileHandler' driver.
DEBUG - 2025-08-28 12:56:51 --> Session: Class initialized using 'CodeIgniter\Session\Handlers\FileHandler' driver.
DEBUG - 2025-08-28 12:56:53 --> Session: Class initialized using 'CodeIgniter\Session\Handlers\FileHandler' driver.
DEBUG - 2025-08-28 12:56:56 --> Session: Class initialized using 'CodeIgniter\Session\Handlers\FileHandler' driver.
DEBUG - 2025-08-28 12:56:57 --> Session: Class initialized using 'CodeIgniter\Session\Handlers\FileHandler' driver.
DEBUG - 2025-08-28 12:57:00 --> Session: Class initialized using 'CodeIgniter\Session\Handlers\FileHandler' driver.
DEBUG - 2025-08-28 12:57:46 --> Session: Class initialized using 'CodeIgniter\Session\Handlers\FileHandler' driver.
DEBUG - 2025-08-28 12:57:49 --> Session: Class initialized using 'CodeIgniter\Session\Handlers\FileHandler' driver.
DEBUG - 2025-08-28 12:57:50 --> Session: Class initialized using 'CodeIgniter\Session\Handlers\FileHandler' driver.
DEBUG - 2025-08-28 12:58:15 --> Session: Class initialized using 'CodeIgniter\Session\Handlers\FileHandler' driver.
DEBUG - 2025-08-28 12:58:18 --> Session: Class initialized using 'CodeIgniter\Session\Handlers\FileHandler' driver.
DEBUG - 2025-08-28 12:58:25 --> Session: Class initialized using 'CodeIgniter\Session\Handlers\FileHandler' driver.
DEBUG - 2025-08-28 12:58:27 --> Session: Class initialized using 'CodeIgniter\Session\Handlers\FileHandler' driver.
DEBUG - 2025-08-28 12:58:29 --> Session: Class initialized using 'CodeIgniter\Session\Handlers\FileHandler' driver.
DEBUG - 2025-08-28 12:58:33 --> Session: Class initialized using 'CodeIgniter\Session\Handlers\FileHandler' driver.
DEBUG - 2025-08-28 12:58:35 --> Session: Class initialized using 'CodeIgniter\Session\Handlers\FileHandler' driver.
DEBUG - 2025-08-28 12:58:39 --> Session: Class initialized using 'CodeIgniter\Session\Handlers\FileHandler' driver.
DEBUG - 2025-08-28 12:58:41 --> Session: Class initialized using 'CodeIgniter\Session\Handlers\FileHandler' driver.
DEBUG - 2025-08-28 12:58:46 --> Session: Class initialized using 'CodeIgniter\Session\Handlers\FileHandler' driver.
DEBUG - 2025-08-28 13:00:09 --> Session: Class initialized using 'CodeIgniter\Session\Handlers\FileHandler' driver.
DEBUG - 2025-08-28 13:00:11 --> Session: Class initialized using 'CodeIgniter\Session\Handlers\FileHandler' driver.
DEBUG - 2025-08-28 13:02:20 --> Session: Class initialized using 'CodeIgniter\Session\Handlers\FileHandler' driver.
DEBUG - 2025-08-28 13:02:24 --> Session: Class initialized using 'CodeIgniter\Session\Handlers\FileHandler' driver.
DEBUG - 2025-08-28 13:02:26 --> Session: Class initialized using 'CodeIgniter\Session\Handlers\FileHandler' driver.
DEBUG - 2025-08-28 13:02:31 --> Session: Class initialized using 'CodeIgniter\Session\Handlers\FileHandler' driver.
DEBUG - 2025-08-28 13:03:28 --> Session: Class initialized using 'CodeIgniter\Session\Handlers\FileHandler' driver.
DEBUG - 2025-08-28 13:03:29 --> Session: Class initialized using 'CodeIgniter\Session\Handlers\FileHandler' driver.
DEBUG - 2025-08-28 13:03:32 --> Session: Class initialized using 'CodeIgniter\Session\Handlers\FileHandler' driver.
DEBUG - 2025-08-28 13:03:33 --> Session: Class initialized using 'CodeIgniter\Session\Handlers\FileHandler' driver.
DEBUG - 2025-08-28 13:04:29 --> Session: Class initialized using 'CodeIgniter\Session\Handlers\FileHandler' driver.
DEBUG - 2025-08-28 13:05:18 --> Session: Class initialized using 'CodeIgniter\Session\Handlers\FileHandler' driver.
DEBUG - 2025-08-28 13:05:19 --> Session: Class initialized using 'CodeIgniter\Session\Handlers\FileHandler' driver.
DEBUG - 2025-08-28 13:05:21 --> Session: Class initialized using 'CodeIgniter\Session\Handlers\FileHandler' driver.
DEBUG - 2025-08-28 13:05:23 --> Session: Class initialized using 'CodeIgniter\Session\Handlers\FileHandler' driver.
DEBUG - 2025-08-28 13:05:59 --> Session: Class initialized using 'CodeIgniter\Session\Handlers\FileHandler' driver.
DEBUG - 2025-08-28 13:06:06 --> Session: Class initialized using 'CodeIgniter\Session\Handlers\FileHandler' driver.
DEBUG - 2025-08-28 13:06:12 --> Session: Class initialized using 'CodeIgniter\Session\Handlers\FileHandler' driver.
DEBUG - 2025-08-28 13:06:13 --> Session: Class initialized using 'CodeIgniter\Session\Handlers\FileHandler' driver.
DEBUG - 2025-08-28 13:09:56 --> Session: Class initialized using 'CodeIgniter\Session\Handlers\FileHandler' driver.
DEBUG - 2025-08-28 13:09:58 --> Session: Class initialized using 'CodeIgniter\Session\Handlers\FileHandler' driver.
DEBUG - 2025-08-28 13:10:01 --> Session: Class initialized using 'CodeIgniter\Session\Handlers\FileHandler' driver.
DEBUG - 2025-08-28 13:10:01 --> Session: Class initialized using 'CodeIgniter\Session\Handlers\FileHandler' driver.
DEBUG - 2025-08-28 13:10:26 --> Session: Class initialized using 'CodeIgniter\Session\Handlers\FileHandler' driver.
DEBUG - 2025-08-28 13:10:27 --> Session: Class initialized using 'CodeIgniter\Session\Handlers\FileHandler' driver.
DEBUG - 2025-08-28 13:10:37 --> Session: Class initialized using 'CodeIgniter\Session\Handlers\FileHandler' driver.
DEBUG - 2025-08-28 13:10:39 --> Session: Class initialized using 'CodeIgniter\Session\Handlers\FileHandler' driver.
DEBUG - 2025-08-28 13:11:42 --> Session: Class initialized using 'CodeIgniter\Session\Handlers\FileHandler' driver.
DEBUG - 2025-08-28 13:12:10 --> Session: Class initialized using 'CodeIgniter\Session\Handlers\FileHandler' driver.
DEBUG - 2025-08-28 13:12:14 --> Session: Class initialized using 'CodeIgniter\Session\Handlers\FileHandler' driver.
DEBUG - 2025-08-28 13:12:14 --> Session: Class initialized using 'CodeIgniter\Session\Handlers\FileHandler' driver.
DEBUG - 2025-08-28 13:12:20 --> Session: Class initialized using 'CodeIgniter\Session\Handlers\FileHandler' driver.
DEBUG - 2025-08-28 13:12:21 --> Session: Class initialized using 'CodeIgniter\Session\Handlers\FileHandler' driver.
DEBUG - 2025-08-28 13:12:23 --> Session: Class initialized using 'CodeIgniter\Session\Handlers\FileHandler' driver.
DEBUG - 2025-08-28 13:12:25 --> Session: Class initialized using 'CodeIgniter\Session\Handlers\FileHandler' driver.
DEBUG - 2025-08-28 13:12:55 --> Session: Class initialized using 'CodeIgniter\Session\Handlers\FileHandler' driver.
DEBUG - 2025-08-28 13:13:00 --> Session: Class initialized using 'CodeIgniter\Session\Handlers\FileHandler' driver.
DEBUG - 2025-08-28 13:13:02 --> Session: Class initialized using 'CodeIgniter\Session\Handlers\FileHandler' driver.
DEBUG - 2025-08-28 13:13:03 --> Session: Class initialized using 'CodeIgniter\Session\Handlers\FileHandler' driver.
DEBUG - 2025-08-28 13:14:29 --> Session: Class initialized using 'CodeIgniter\Session\Handlers\FileHandler' driver.
DEBUG - 2025-08-28 13:15:47 --> Session: Class initialized using 'CodeIgniter\Session\Handlers\FileHandler' driver.
DEBUG - 2025-08-28 13:15:49 --> Session: Class initialized using 'CodeIgniter\Session\Handlers\FileHandler' driver.
DEBUG - 2025-08-28 13:15:56 --> Session: Class initialized using 'CodeIgniter\Session\Handlers\FileHandler' driver.
DEBUG - 2025-08-28 13:15:56 --> Session: Class initialized using 'CodeIgniter\Session\Handlers\FileHandler' driver.
DEBUG - 2025-08-28 13:15:59 --> Session: Class initialized using 'CodeIgniter\Session\Handlers\FileHandler' driver.
DEBUG - 2025-08-28 13:16:00 --> Session: Class initialized using 'CodeIgniter\Session\Handlers\FileHandler' driver.
DEBUG - 2025-08-28 13:20:22 --> Session: Class initialized using 'CodeIgniter\Session\Handlers\FileHandler' driver.
DEBUG - 2025-08-28 13:20:23 --> Session: Class initialized using 'CodeIgniter\Session\Handlers\FileHandler' driver.
DEBUG - 2025-08-28 13:27:06 --> Session: Class initialized using 'CodeIgniter\Session\Handlers\FileHandler' driver.
DEBUG - 2025-08-28 13:27:07 --> Session: Class initialized using 'CodeIgniter\Session\Handlers\FileHandler' driver.
DEBUG - 2025-08-28 13:27:15 --> Session: Class initialized using 'CodeIgniter\Session\Handlers\FileHandler' driver.
DEBUG - 2025-08-28 13:27:18 --> Session: Class initialized using 'CodeIgniter\Session\Handlers\FileHandler' driver.
DEBUG - 2025-08-28 13:27:18 --> Session: Class initialized using 'CodeIgniter\Session\Handlers\FileHandler' driver.
DEBUG - 2025-08-28 13:27:24 --> Session: Class initialized using 'CodeIgniter\Session\Handlers\FileHandler' driver.
DEBUG - 2025-08-28 13:27:24 --> Session: Class initialized using 'CodeIgniter\Session\Handlers\FileHandler' driver.
DEBUG - 2025-08-28 13:27:28 --> Session: Class initialized using 'CodeIgniter\Session\Handlers\FileHandler' driver.
DEBUG - 2025-08-28 13:27:29 --> Session: Class initialized using 'CodeIgniter\Session\Handlers\FileHandler' driver.
DEBUG - 2025-08-28 13:28:19 --> Session: Class initialized using 'CodeIgniter\Session\Handlers\FileHandler' driver.
DEBUG - 2025-08-28 13:28:24 --> Session: Class initialized using 'CodeIgniter\Session\Handlers\FileHandler' driver.
DEBUG - 2025-08-28 13:28:34 --> Session: Class initialized using 'CodeIgniter\Session\Handlers\FileHandler' driver.
DEBUG - 2025-08-28 13:29:26 --> Session: Class initialized using 'CodeIgniter\Session\Handlers\FileHandler' driver.
DEBUG - 2025-08-28 13:29:28 --> Session: Class initialized using 'CodeIgniter\Session\Handlers\FileHandler' driver.
DEBUG - 2025-08-28 13:29:28 --> Session: Class initialized using 'CodeIgniter\Session\Handlers\FileHandler' driver.
DEBUG - 2025-08-28 13:32:45 --> Session: Class initialized using 'CodeIgniter\Session\Handlers\FileHandler' driver.
DEBUG - 2025-08-28 13:33:10 --> Session: Class initialized using 'CodeIgniter\Session\Handlers\FileHandler' driver.
DEBUG - 2025-08-28 13:33:13 --> Session: Class initialized using 'CodeIgniter\Session\Handlers\FileHandler' driver.
DEBUG - 2025-08-28 13:33:23 --> Session: Class initialized using 'CodeIgniter\Session\Handlers\FileHandler' driver.
DEBUG - 2025-08-28 13:33:26 --> Session: Class initialized using 'CodeIgniter\Session\Handlers\FileHandler' driver.
DEBUG - 2025-08-28 13:33:27 --> Session: Class initialized using 'CodeIgniter\Session\Handlers\FileHandler' driver.
DEBUG - 2025-08-28 13:33:38 --> Session: Class initialized using 'CodeIgniter\Session\Handlers\FileHandler' driver.
DEBUG - 2025-08-28 13:33:39 --> Session: Class initialized using 'CodeIgniter\Session\Handlers\FileHandler' driver.
DEBUG - 2025-08-28 13:33:49 --> Session: Class initialized using 'CodeIgniter\Session\Handlers\FileHandler' driver.
DEBUG - 2025-08-28 13:33:51 --> Session: Class initialized using 'CodeIgniter\Session\Handlers\FileHandler' driver.
DEBUG - 2025-08-28 13:33:54 --> Session: Class initialized using 'CodeIgniter\Session\Handlers\FileHandler' driver.
DEBUG - 2025-08-28 13:33:54 --> Session: Class initialized using 'CodeIgniter\Session\Handlers\FileHandler' driver.
DEBUG - 2025-08-28 13:34:10 --> Session: Class initialized using 'CodeIgniter\Session\Handlers\FileHandler' driver.
DEBUG - 2025-08-28 13:34:11 --> Session: Class initialized using 'CodeIgniter\Session\Handlers\FileHandler' driver.
DEBUG - 2025-08-28 13:34:17 --> Session: Class initialized using 'CodeIgniter\Session\Handlers\FileHandler' driver.
DEBUG - 2025-08-28 13:34:18 --> Session: Class initialized using 'CodeIgniter\Session\Handlers\FileHandler' driver.
DEBUG - 2025-08-28 13:34:19 --> Session: Class initialized using 'CodeIgniter\Session\Handlers\FileHandler' driver.
DEBUG - 2025-08-28 13:34:20 --> Session: Class initialized using 'CodeIgniter\Session\Handlers\FileHandler' driver.
DEBUG - 2025-08-28 13:34:22 --> Session: Class initialized using 'CodeIgniter\Session\Handlers\FileHandler' driver.
DEBUG - 2025-08-28 13:34:27 --> Session: Class initialized using 'CodeIgniter\Session\Handlers\FileHandler' driver.
DEBUG - 2025-08-28 13:34:29 --> Session: Class initialized using 'CodeIgniter\Session\Handlers\FileHandler' driver.
DEBUG - 2025-08-28 13:34:31 --> Session: Class initialized using 'CodeIgniter\Session\Handlers\FileHandler' driver.
DEBUG - 2025-08-28 13:34:33 --> Session: Class initialized using 'CodeIgniter\Session\Handlers\FileHandler' driver.
DEBUG - 2025-08-28 13:34:33 --> Session: Class initialized using 'CodeIgniter\Session\Handlers\FileHandler' driver.
DEBUG - 2025-08-28 13:34:38 --> Session: Class initialized using 'CodeIgniter\Session\Handlers\FileHandler' driver.
DEBUG - 2025-08-28 13:34:39 --> Session: Class initialized using 'CodeIgniter\Session\Handlers\FileHandler' driver.
DEBUG - 2025-08-28 13:34:41 --> Session: Class initialized using 'CodeIgniter\Session\Handlers\FileHandler' driver.
DEBUG - 2025-08-28 13:34:42 --> Session: Class initialized using 'CodeIgniter\Session\Handlers\FileHandler' driver.
DEBUG - 2025-08-28 13:37:17 --> Session: Class initialized using 'CodeIgniter\Session\Handlers\FileHandler' driver.
DEBUG - 2025-08-28 13:37:19 --> Session: Class initialized using 'CodeIgniter\Session\Handlers\FileHandler' driver.
DEBUG - 2025-08-28 13:37:21 --> Session: Class initialized using 'CodeIgniter\Session\Handlers\FileHandler' driver.
DEBUG - 2025-08-28 13:42:11 --> Session: Class initialized using 'CodeIgniter\Session\Handlers\FileHandler' driver.
DEBUG - 2025-08-28 13:42:12 --> Session: Class initialized using 'CodeIgniter\Session\Handlers\FileHandler' driver.
DEBUG - 2025-08-28 13:42:15 --> Session: Class initialized using 'CodeIgniter\Session\Handlers\FileHandler' driver.
DEBUG - 2025-08-28 13:42:20 --> Session: Class initialized using 'CodeIgniter\Session\Handlers\FileHandler' driver.
DEBUG - 2025-08-28 13:42:24 --> Session: Class initialized using 'CodeIgniter\Session\Handlers\FileHandler' driver.
DEBUG - 2025-08-28 13:49:58 --> Session: Class initialized using 'CodeIgniter\Session\Handlers\FileHandler' driver.
DEBUG - 2025-08-28 13:50:01 --> Session: Class initialized using 'CodeIgniter\Session\Handlers\FileHandler' driver.
DEBUG - 2025-08-28 13:50:05 --> Session: Class initialized using 'CodeIgniter\Session\Handlers\FileHandler' driver.
DEBUG - 2025-08-28 13:50:07 --> Session: Class initialized using 'CodeIgniter\Session\Handlers\FileHandler' driver.
DEBUG - 2025-08-28 13:50:09 --> Session: Class initialized using 'CodeIgniter\Session\Handlers\FileHandler' driver.
DEBUG - 2025-08-28 13:50:10 --> Session: Class initialized using 'CodeIgniter\Session\Handlers\FileHandler' driver.
DEBUG - 2025-08-28 13:50:19 --> Session: Class initialized using 'CodeIgniter\Session\Handlers\FileHandler' driver.
DEBUG - 2025-08-28 13:50:20 --> Session: Class initialized using 'CodeIgniter\Session\Handlers\FileHandler' driver.
DEBUG - 2025-08-28 13:50:22 --> Session: Class initialized using 'CodeIgniter\Session\Handlers\FileHandler' driver.
DEBUG - 2025-08-28 13:50:24 --> Session: Class initialized using 'CodeIgniter\Session\Handlers\FileHandler' driver.
DEBUG - 2025-08-28 13:50:26 --> Session: Class initialized using 'CodeIgniter\Session\Handlers\FileHandler' driver.
DEBUG - 2025-08-28 13:50:29 --> Session: Class initialized using 'CodeIgniter\Session\Handlers\FileHandler' driver.
DEBUG - 2025-08-28 13:50:29 --> Session: Class initialized using 'CodeIgniter\Session\Handlers\FileHandler' driver.
DEBUG - 2025-08-28 13:50:54 --> Session: Class initialized using 'CodeIgniter\Session\Handlers\FileHandler' driver.
DEBUG - 2025-08-28 13:50:56 --> Session: Class initialized using 'CodeIgniter\Session\Handlers\FileHandler' driver.
DEBUG - 2025-08-28 13:51:01 --> Session: Class initialized using 'CodeIgniter\Session\Handlers\FileHandler' driver.
DEBUG - 2025-08-28 13:52:04 --> Session: Class initialized using 'CodeIgniter\Session\Handlers\FileHandler' driver.
DEBUG - 2025-08-28 13:53:20 --> Session: Class initialized using 'CodeIgniter\Session\Handlers\FileHandler' driver.
DEBUG - 2025-08-28 13:57:00 --> Session: Class initialized using 'CodeIgniter\Session\Handlers\FileHandler' driver.
DEBUG - 2025-08-28 13:57:23 --> Session: Class initialized using 'CodeIgniter\Session\Handlers\FileHandler' driver.
DEBUG - 2025-08-28 13:57:41 --> Session: Class initialized using 'CodeIgniter\Session\Handlers\FileHandler' driver.
DEBUG - 2025-08-28 13:57:57 --> Session: Class initialized using 'CodeIgniter\Session\Handlers\FileHandler' driver.
DEBUG - 2025-08-28 13:58:03 --> Session: Class initialized using 'CodeIgniter\Session\Handlers\FileHandler' driver.
DEBUG - 2025-08-28 13:58:07 --> Session: Class initialized using 'CodeIgniter\Session\Handlers\FileHandler' driver.
DEBUG - 2025-08-28 13:58:11 --> Session: Class initialized using 'CodeIgniter\Session\Handlers\FileHandler' driver.
DEBUG - 2025-08-28 13:58:27 --> Session: Class initialized using 'CodeIgniter\Session\Handlers\FileHandler' driver.
DEBUG - 2025-08-28 13:58:28 --> Session: Class initialized using 'CodeIgniter\Session\Handlers\FileHandler' driver.
DEBUG - 2025-08-28 13:58:44 --> Session: Class initialized using 'CodeIgniter\Session\Handlers\FileHandler' driver.
DEBUG - 2025-08-28 13:59:17 --> Session: Class initialized using 'CodeIgniter\Session\Handlers\FileHandler' driver.
DEBUG - 2025-08-28 13:59:27 --> Session: Class initialized using 'CodeIgniter\Session\Handlers\FileHandler' driver.
DEBUG - 2025-08-28 13:59:42 --> Session: Class initialized using 'CodeIgniter\Session\Handlers\FileHandler' driver.
DEBUG - 2025-08-28 14:01:16 --> Session: Class initialized using 'CodeIgniter\Session\Handlers\FileHandler' driver.
DEBUG - 2025-08-28 14:01:55 --> Session: Class initialized using 'CodeIgniter\Session\Handlers\FileHandler' driver.
DEBUG - 2025-08-28 14:02:07 --> Session: Class initialized using 'CodeIgniter\Session\Handlers\FileHandler' driver.
DEBUG - 2025-08-28 14:02:11 --> Session: Class initialized using 'CodeIgniter\Session\Handlers\FileHandler' driver.
DEBUG - 2025-08-28 14:03:59 --> Session: Class initialized using 'CodeIgniter\Session\Handlers\FileHandler' driver.
DEBUG - 2025-08-28 14:04:14 --> Session: Class initialized using 'CodeIgniter\Session\Handlers\FileHandler' driver.
DEBUG - 2025-08-28 14:04:16 --> Session: Class initialized using 'CodeIgniter\Session\Handlers\FileHandler' driver.
DEBUG - 2025-08-28 14:04:55 --> Session: Class initialized using 'CodeIgniter\Session\Handlers\FileHandler' driver.
DEBUG - 2025-08-28 14:05:12 --> Session: Class initialized using 'CodeIgniter\Session\Handlers\FileHandler' driver.
DEBUG - 2025-08-28 14:05:14 --> Session: Class initialized using 'CodeIgniter\Session\Handlers\FileHandler' driver.
DEBUG - 2025-08-28 14:05:22 --> Session: Class initialized using 'CodeIgniter\Session\Handlers\FileHandler' driver.
DEBUG - 2025-08-28 14:05:25 --> Session: Class initialized using 'CodeIgniter\Session\Handlers\FileHandler' driver.
DEBUG - 2025-08-28 14:06:31 --> Session: Class initialized using 'CodeIgniter\Session\Handlers\FileHandler' driver.
DEBUG - 2025-08-28 14:06:32 --> Session: Class initialized using 'CodeIgniter\Session\Handlers\FileHandler' driver.
DEBUG - 2025-08-28 14:06:33 --> Session: Class initialized using 'CodeIgniter\Session\Handlers\FileHandler' driver.
DEBUG - 2025-08-28 14:06:35 --> Session: Class initialized using 'CodeIgniter\Session\Handlers\FileHandler' driver.
DEBUG - 2025-08-28 14:06:36 --> Session: Class initialized using 'CodeIgniter\Session\Handlers\FileHandler' driver.
DEBUG - 2025-08-28 14:08:37 --> Session: Class initialized using 'CodeIgniter\Session\Handlers\FileHandler' driver.
DEBUG - 2025-08-28 14:08:55 --> Session: Class initialized using 'CodeIgniter\Session\Handlers\FileHandler' driver.
DEBUG - 2025-08-28 14:08:57 --> Session: Class initialized using 'CodeIgniter\Session\Handlers\FileHandler' driver.
DEBUG - 2025-08-28 14:08:58 --> Session: Class initialized using 'CodeIgniter\Session\Handlers\FileHandler' driver.
DEBUG - 2025-08-28 14:08:59 --> Session: Class initialized using 'CodeIgniter\Session\Handlers\FileHandler' driver.
DEBUG - 2025-08-28 14:09:01 --> Session: Class initialized using 'CodeIgniter\Session\Handlers\FileHandler' driver.
DEBUG - 2025-08-28 14:11:01 --> Session: Class initialized using 'CodeIgniter\Session\Handlers\FileHandler' driver.
CRITICAL - 2025-08-28 14:11:01 --> ErrorException: Undefined variable $total_properti
[Method: GET, Route: /]
in APPPATH\Views\home\index.php on line 73.
 1 APPPATH\Views\home\index.php(73): CodeIgniter\Debug\Exceptions->errorHandler(2, 'Undefined variable $total_properti', 'C:\\laragon\\www\\apriori\\app\\Views\\home\\index.php', 73)
 2 SYSTEMPATH\View\View.php(224): include('C:\\laragon\\www\\apriori\\app\\Views\\home\\index.php')
 3 SYSTEMPATH\View\View.php(227): CodeIgniter\View\View->CodeIgniter\View\{closure}()
 4 SYSTEMPATH\Common.php(1173): CodeIgniter\View\View->render('home/index', [], true)
 5 APPPATH\Controllers\Home.php(17): view('home/index', [...])
 6 SYSTEMPATH\CodeIgniter.php(933): App\Controllers\Home->index()
 7 SYSTEMPATH\CodeIgniter.php(507): CodeIgniter\CodeIgniter->runController(Object(App\Controllers\Home))
 8 SYSTEMPATH\CodeIgniter.php(354): CodeIgniter\CodeIgniter->handleRequest(null, Object(Config\Cache), false)
 9 SYSTEMPATH\Boot.php(334): CodeIgniter\CodeIgniter->run()
10 SYSTEMPATH\Boot.php(67): CodeIgniter\Boot::runCodeIgniter(Object(CodeIgniter\CodeIgniter))
11 FCPATH\index.php(59): CodeIgniter\Boot::bootWeb(Object(Config\Paths))
DEBUG - 2025-08-28 14:11:04 --> Session: Class initialized using 'CodeIgniter\Session\Handlers\FileHandler' driver.
DEBUG - 2025-08-28 14:11:06 --> Session: Class initialized using 'CodeIgniter\Session\Handlers\FileHandler' driver.
CRITICAL - 2025-08-28 14:11:06 --> ErrorException: Undefined variable $total_properti
[Method: GET, Route: /]
in APPPATH\Views\home\index.php on line 73.
 1 APPPATH\Views\home\index.php(73): CodeIgniter\Debug\Exceptions->errorHandler(2, 'Undefined variable $total_properti', 'C:\\laragon\\www\\apriori\\app\\Views\\home\\index.php', 73)
 2 SYSTEMPATH\View\View.php(224): include('C:\\laragon\\www\\apriori\\app\\Views\\home\\index.php')
 3 SYSTEMPATH\View\View.php(227): CodeIgniter\View\View->CodeIgniter\View\{closure}()
 4 SYSTEMPATH\Common.php(1173): CodeIgniter\View\View->render('home/index', [], true)
 5 APPPATH\Controllers\Home.php(17): view('home/index', [...])
 6 SYSTEMPATH\CodeIgniter.php(933): App\Controllers\Home->index()
 7 SYSTEMPATH\CodeIgniter.php(507): CodeIgniter\CodeIgniter->runController(Object(App\Controllers\Home))
 8 SYSTEMPATH\CodeIgniter.php(354): CodeIgniter\CodeIgniter->handleRequest(null, Object(Config\Cache), false)
 9 SYSTEMPATH\Boot.php(334): CodeIgniter\CodeIgniter->run()
10 SYSTEMPATH\Boot.php(67): CodeIgniter\Boot::runCodeIgniter(Object(CodeIgniter\CodeIgniter))
11 FCPATH\index.php(59): CodeIgniter\Boot::bootWeb(Object(Config\Paths))
DEBUG - 2025-08-28 14:11:07 --> Session: Class initialized using 'CodeIgniter\Session\Handlers\FileHandler' driver.
DEBUG - 2025-08-28 14:11:10 --> Session: Class initialized using 'CodeIgniter\Session\Handlers\FileHandler' driver.
CRITICAL - 2025-08-28 14:11:10 --> ErrorException: Undefined variable $total_properti
[Method: GET, Route: /]
in APPPATH\Views\home\index.php on line 73.
 1 APPPATH\Views\home\index.php(73): CodeIgniter\Debug\Exceptions->errorHandler(2, 'Undefined variable $total_properti', 'C:\\laragon\\www\\apriori\\app\\Views\\home\\index.php', 73)
 2 SYSTEMPATH\View\View.php(224): include('C:\\laragon\\www\\apriori\\app\\Views\\home\\index.php')
 3 SYSTEMPATH\View\View.php(227): CodeIgniter\View\View->CodeIgniter\View\{closure}()
 4 SYSTEMPATH\Common.php(1173): CodeIgniter\View\View->render('home/index', [], true)
 5 APPPATH\Controllers\Home.php(17): view('home/index', [...])
 6 SYSTEMPATH\CodeIgniter.php(933): App\Controllers\Home->index()
 7 SYSTEMPATH\CodeIgniter.php(507): CodeIgniter\CodeIgniter->runController(Object(App\Controllers\Home))
 8 SYSTEMPATH\CodeIgniter.php(354): CodeIgniter\CodeIgniter->handleRequest(null, Object(Config\Cache), false)
 9 SYSTEMPATH\Boot.php(334): CodeIgniter\CodeIgniter->run()
10 SYSTEMPATH\Boot.php(67): CodeIgniter\Boot::runCodeIgniter(Object(CodeIgniter\CodeIgniter))
11 FCPATH\index.php(59): CodeIgniter\Boot::bootWeb(Object(Config\Paths))
DEBUG - 2025-08-28 14:11:11 --> Session: Class initialized using 'CodeIgniter\Session\Handlers\FileHandler' driver.
DEBUG - 2025-08-28 14:11:33 --> Session: Class initialized using 'CodeIgniter\Session\Handlers\FileHandler' driver.
INFO - 2025-08-28 14:11:35 --> REDIRECTED ROUTE at http://localhost/apriori/
DEBUG - 2025-08-28 14:11:35 --> Session: Class initialized using 'CodeIgniter\Session\Handlers\FileHandler' driver.
CRITICAL - 2025-08-28 14:11:35 --> ErrorException: Undefined variable $total_properti
[Method: GET, Route: /]
in APPPATH\Views\home\index.php on line 73.
 1 APPPATH\Views\home\index.php(73): CodeIgniter\Debug\Exceptions->errorHandler(2, 'Undefined variable $total_properti', 'C:\\laragon\\www\\apriori\\app\\Views\\home\\index.php', 73)
 2 SYSTEMPATH\View\View.php(224): include('C:\\laragon\\www\\apriori\\app\\Views\\home\\index.php')
 3 SYSTEMPATH\View\View.php(227): CodeIgniter\View\View->CodeIgniter\View\{closure}()
 4 SYSTEMPATH\Common.php(1173): CodeIgniter\View\View->render('home/index', [], true)
 5 APPPATH\Controllers\Home.php(17): view('home/index', [...])
 6 SYSTEMPATH\CodeIgniter.php(933): App\Controllers\Home->index()
 7 SYSTEMPATH\CodeIgniter.php(507): CodeIgniter\CodeIgniter->runController(Object(App\Controllers\Home))
 8 SYSTEMPATH\CodeIgniter.php(354): CodeIgniter\CodeIgniter->handleRequest(null, Object(Config\Cache), false)
 9 SYSTEMPATH\Boot.php(334): CodeIgniter\CodeIgniter->run()
10 SYSTEMPATH\Boot.php(67): CodeIgniter\Boot::runCodeIgniter(Object(CodeIgniter\CodeIgniter))
11 FCPATH\index.php(59): CodeIgniter\Boot::bootWeb(Object(Config\Paths))
DEBUG - 2025-08-28 14:11:37 --> Session: Class initialized using 'CodeIgniter\Session\Handlers\FileHandler' driver.
INFO - 2025-08-28 14:11:38 --> REDIRECTED ROUTE at http://localhost/apriori/
DEBUG - 2025-08-28 14:11:39 --> Session: Class initialized using 'CodeIgniter\Session\Handlers\FileHandler' driver.
CRITICAL - 2025-08-28 14:11:39 --> ErrorException: Undefined variable $total_properti
[Method: GET, Route: /]
in APPPATH\Views\home\index.php on line 73.
 1 APPPATH\Views\home\index.php(73): CodeIgniter\Debug\Exceptions->errorHandler(2, 'Undefined variable $total_properti', 'C:\\laragon\\www\\apriori\\app\\Views\\home\\index.php', 73)
 2 SYSTEMPATH\View\View.php(224): include('C:\\laragon\\www\\apriori\\app\\Views\\home\\index.php')
 3 SYSTEMPATH\View\View.php(227): CodeIgniter\View\View->CodeIgniter\View\{closure}()
 4 SYSTEMPATH\Common.php(1173): CodeIgniter\View\View->render('home/index', [], true)
 5 APPPATH\Controllers\Home.php(17): view('home/index', [...])
 6 SYSTEMPATH\CodeIgniter.php(933): App\Controllers\Home->index()
 7 SYSTEMPATH\CodeIgniter.php(507): CodeIgniter\CodeIgniter->runController(Object(App\Controllers\Home))
 8 SYSTEMPATH\CodeIgniter.php(354): CodeIgniter\CodeIgniter->handleRequest(null, Object(Config\Cache), false)
 9 SYSTEMPATH\Boot.php(334): CodeIgniter\CodeIgniter->run()
10 SYSTEMPATH\Boot.php(67): CodeIgniter\Boot::runCodeIgniter(Object(CodeIgniter\CodeIgniter))
11 FCPATH\index.php(59): CodeIgniter\Boot::bootWeb(Object(Config\Paths))
DEBUG - 2025-08-28 14:11:53 --> Session: Class initialized using 'CodeIgniter\Session\Handlers\FileHandler' driver.
DEBUG - 2025-08-28 14:11:55 --> Session: Class initialized using 'CodeIgniter\Session\Handlers\FileHandler' driver.
INFO - 2025-08-28 14:11:56 --> REDIRECTED ROUTE at http://localhost/apriori/
DEBUG - 2025-08-28 14:11:56 --> Session: Class initialized using 'CodeIgniter\Session\Handlers\FileHandler' driver.
CRITICAL - 2025-08-28 14:11:56 --> ErrorException: Undefined variable $total_properti
[Method: GET, Route: /]
in APPPATH\Views\home\index.php on line 73.
 1 APPPATH\Views\home\index.php(73): CodeIgniter\Debug\Exceptions->errorHandler(2, 'Undefined variable $total_properti', 'C:\\laragon\\www\\apriori\\app\\Views\\home\\index.php', 73)
 2 SYSTEMPATH\View\View.php(224): include('C:\\laragon\\www\\apriori\\app\\Views\\home\\index.php')
 3 SYSTEMPATH\View\View.php(227): CodeIgniter\View\View->CodeIgniter\View\{closure}()
 4 SYSTEMPATH\Common.php(1173): CodeIgniter\View\View->render('home/index', [], true)
 5 APPPATH\Controllers\Home.php(17): view('home/index', [...])
 6 SYSTEMPATH\CodeIgniter.php(933): App\Controllers\Home->index()
 7 SYSTEMPATH\CodeIgniter.php(507): CodeIgniter\CodeIgniter->runController(Object(App\Controllers\Home))
 8 SYSTEMPATH\CodeIgniter.php(354): CodeIgniter\CodeIgniter->handleRequest(null, Object(Config\Cache), false)
 9 SYSTEMPATH\Boot.php(334): CodeIgniter\CodeIgniter->run()
10 SYSTEMPATH\Boot.php(67): CodeIgniter\Boot::runCodeIgniter(Object(CodeIgniter\CodeIgniter))
11 FCPATH\index.php(59): CodeIgniter\Boot::bootWeb(Object(Config\Paths))
INFO - 2025-08-28 14:12:00 --> REDIRECTED ROUTE at http://localhost/apriori/
DEBUG - 2025-08-28 14:12:00 --> Session: Class initialized using 'CodeIgniter\Session\Handlers\FileHandler' driver.
CRITICAL - 2025-08-28 14:12:00 --> ErrorException: Undefined variable $total_properti
[Method: GET, Route: /]
in APPPATH\Views\home\index.php on line 73.
 1 APPPATH\Views\home\index.php(73): CodeIgniter\Debug\Exceptions->errorHandler(2, 'Undefined variable $total_properti', 'C:\\laragon\\www\\apriori\\app\\Views\\home\\index.php', 73)
 2 SYSTEMPATH\View\View.php(224): include('C:\\laragon\\www\\apriori\\app\\Views\\home\\index.php')
 3 SYSTEMPATH\View\View.php(227): CodeIgniter\View\View->CodeIgniter\View\{closure}()
 4 SYSTEMPATH\Common.php(1173): CodeIgniter\View\View->render('home/index', [], true)
 5 APPPATH\Controllers\Home.php(17): view('home/index', [...])
 6 SYSTEMPATH\CodeIgniter.php(933): App\Controllers\Home->index()
 7 SYSTEMPATH\CodeIgniter.php(507): CodeIgniter\CodeIgniter->runController(Object(App\Controllers\Home))
 8 SYSTEMPATH\CodeIgniter.php(354): CodeIgniter\CodeIgniter->handleRequest(null, Object(Config\Cache), false)
 9 SYSTEMPATH\Boot.php(334): CodeIgniter\CodeIgniter->run()
10 SYSTEMPATH\Boot.php(67): CodeIgniter\Boot::runCodeIgniter(Object(CodeIgniter\CodeIgniter))
11 FCPATH\index.php(59): CodeIgniter\Boot::bootWeb(Object(Config\Paths))
DEBUG - 2025-08-28 14:12:31 --> Session: Class initialized using 'CodeIgniter\Session\Handlers\FileHandler' driver.
INFO - 2025-08-28 14:12:33 --> REDIRECTED ROUTE at http://localhost/apriori/
DEBUG - 2025-08-28 14:12:33 --> Session: Class initialized using 'CodeIgniter\Session\Handlers\FileHandler' driver.
DEBUG - 2025-08-28 14:12:54 --> Session: Class initialized using 'CodeIgniter\Session\Handlers\FileHandler' driver.
DEBUG - 2025-08-28 14:13:04 --> Session: Class initialized using 'CodeIgniter\Session\Handlers\FileHandler' driver.
DEBUG - 2025-08-28 14:13:04 --> Session: Class initialized using 'CodeIgniter\Session\Handlers\FileHandler' driver.
INFO - 2025-08-28 14:13:06 --> REDIRECTED ROUTE at http://localhost/apriori/
DEBUG - 2025-08-28 14:13:07 --> Session: Class initialized using 'CodeIgniter\Session\Handlers\FileHandler' driver.
DEBUG - 2025-08-28 14:13:14 --> Session: Class initialized using 'CodeIgniter\Session\Handlers\FileHandler' driver.
DEBUG - 2025-08-28 14:13:25 --> Session: Class initialized using 'CodeIgniter\Session\Handlers\FileHandler' driver.
DEBUG - 2025-08-28 14:13:45 --> Session: Class initialized using 'CodeIgniter\Session\Handlers\FileHandler' driver.
DEBUG - 2025-08-28 14:13:46 --> Session: Class initialized using 'CodeIgniter\Session\Handlers\FileHandler' driver.
INFO - 2025-08-28 14:13:48 --> REDIRECTED ROUTE at http://localhost/apriori/
DEBUG - 2025-08-28 14:13:48 --> Session: Class initialized using 'CodeIgniter\Session\Handlers\FileHandler' driver.
DEBUG - 2025-08-28 14:15:10 --> Session: Class initialized using 'CodeIgniter\Session\Handlers\FileHandler' driver.
DEBUG - 2025-08-28 14:18:50 --> Session: Class initialized using 'CodeIgniter\Session\Handlers\FileHandler' driver.
DEBUG - 2025-08-28 14:18:51 --> Session: Class initialized using 'CodeIgniter\Session\Handlers\FileHandler' driver.
DEBUG - 2025-08-28 14:18:53 --> Session: Class initialized using 'CodeIgniter\Session\Handlers\FileHandler' driver.
INFO - 2025-08-28 14:20:43 --> REDIRECTED ROUTE at http://localhost/apriori/
DEBUG - 2025-08-28 14:20:44 --> Session: Class initialized using 'CodeIgniter\Session\Handlers\FileHandler' driver.
DEBUG - 2025-08-28 14:21:05 --> Session: Class initialized using 'CodeIgniter\Session\Handlers\FileHandler' driver.
INFO - 2025-08-28 14:21:06 --> REDIRECTED ROUTE at http://localhost/apriori/
DEBUG - 2025-08-28 14:21:07 --> Session: Class initialized using 'CodeIgniter\Session\Handlers\FileHandler' driver.
DEBUG - 2025-08-28 14:23:07 --> Session: Class initialized using 'CodeIgniter\Session\Handlers\FileHandler' driver.
DEBUG - 2025-08-28 14:23:08 --> Session: Class initialized using 'CodeIgniter\Session\Handlers\FileHandler' driver.
DEBUG - 2025-08-28 14:23:08 --> Session: Class initialized using 'CodeIgniter\Session\Handlers\FileHandler' driver.
DEBUG - 2025-08-28 14:23:10 --> Session: Class initialized using 'CodeIgniter\Session\Handlers\FileHandler' driver.
DEBUG - 2025-08-28 14:23:12 --> Session: Class initialized using 'CodeIgniter\Session\Handlers\FileHandler' driver.
DEBUG - 2025-08-28 14:23:13 --> Session: Class initialized using 'CodeIgniter\Session\Handlers\FileHandler' driver.
INFO - 2025-08-28 14:23:14 --> REDIRECTED ROUTE at http://localhost/apriori/
DEBUG - 2025-08-28 14:23:15 --> Session: Class initialized using 'CodeIgniter\Session\Handlers\FileHandler' driver.
DEBUG - 2025-08-28 14:23:17 --> Session: Class initialized using 'CodeIgniter\Session\Handlers\FileHandler' driver.
DEBUG - 2025-08-28 14:23:18 --> Session: Class initialized using 'CodeIgniter\Session\Handlers\FileHandler' driver.
DEBUG - 2025-08-28 14:23:20 --> Session: Class initialized using 'CodeIgniter\Session\Handlers\FileHandler' driver.
DEBUG - 2025-08-28 14:23:28 --> Session: Class initialized using 'CodeIgniter\Session\Handlers\FileHandler' driver.
DEBUG - 2025-08-28 14:23:33 --> Session: Class initialized using 'CodeIgniter\Session\Handlers\FileHandler' driver.
DEBUG - 2025-08-28 14:25:09 --> Session: Class initialized using 'CodeIgniter\Session\Handlers\FileHandler' driver.
DEBUG - 2025-08-28 14:25:10 --> Session: Class initialized using 'CodeIgniter\Session\Handlers\FileHandler' driver.
DEBUG - 2025-08-28 14:25:10 --> Session: Class initialized using 'CodeIgniter\Session\Handlers\FileHandler' driver.
DEBUG - 2025-08-28 14:25:12 --> Session: Class initialized using 'CodeIgniter\Session\Handlers\FileHandler' driver.
CRITICAL - 2025-08-28 14:25:12 --> TypeError: App\Libraries\AprioriService::run(): Argument #1 ($minSupport) must be of type float, null given, called in C:\laragon\www\apriori\app\Controllers\Analisis.php on line 23
[Method: POST, Route: analisis/proses]
in APPPATH\Libraries\AprioriService.php on line 15.
 1 APPPATH\Controllers\Analisis.php(23): App\Libraries\AprioriService->run(null, null, null)
 2 SYSTEMPATH\CodeIgniter.php(933): App\Controllers\Analisis->proses()
 3 SYSTEMPATH\CodeIgniter.php(507): CodeIgniter\CodeIgniter->runController(Object(App\Controllers\Analisis))
 4 SYSTEMPATH\CodeIgniter.php(354): CodeIgniter\CodeIgniter->handleRequest(null, Object(Config\Cache), false)
 5 SYSTEMPATH\Boot.php(334): CodeIgniter\CodeIgniter->run()
 6 SYSTEMPATH\Boot.php(67): CodeIgniter\Boot::runCodeIgniter(Object(CodeIgniter\CodeIgniter))
 7 FCPATH\index.php(59): CodeIgniter\Boot::bootWeb(Object(Config\Paths))
DEBUG - 2025-08-28 14:26:26 --> Session: Class initialized using 'CodeIgniter\Session\Handlers\FileHandler' driver.
CRITICAL - 2025-08-28 14:26:26 --> TypeError: App\Libraries\AprioriService::run(): Argument #1 ($minSupport) must be of type float, null given, called in C:\laragon\www\apriori\app\Controllers\Analisis.php on line 23
[Method: POST, Route: analisis/proses]
in APPPATH\Libraries\AprioriService.php on line 15.
 1 APPPATH\Controllers\Analisis.php(23): App\Libraries\AprioriService->run(null, null, null)
 2 SYSTEMPATH\CodeIgniter.php(933): App\Controllers\Analisis->proses()
 3 SYSTEMPATH\CodeIgniter.php(507): CodeIgniter\CodeIgniter->runController(Object(App\Controllers\Analisis))
 4 SYSTEMPATH\CodeIgniter.php(354): CodeIgniter\CodeIgniter->handleRequest(null, Object(Config\Cache), false)
 5 SYSTEMPATH\Boot.php(334): CodeIgniter\CodeIgniter->run()
 6 SYSTEMPATH\Boot.php(67): CodeIgniter\Boot::runCodeIgniter(Object(CodeIgniter\CodeIgniter))
 7 FCPATH\index.php(59): CodeIgniter\Boot::bootWeb(Object(Config\Paths))
DEBUG - 2025-08-28 14:26:29 --> Session: Class initialized using 'CodeIgniter\Session\Handlers\FileHandler' driver.
DEBUG - 2025-08-28 14:26:30 --> Session: Class initialized using 'CodeIgniter\Session\Handlers\FileHandler' driver.
DEBUG - 2025-08-28 14:26:32 --> Session: Class initialized using 'CodeIgniter\Session\Handlers\FileHandler' driver.
DEBUG - 2025-08-28 14:26:57 --> Session: Class initialized using 'CodeIgniter\Session\Handlers\FileHandler' driver.
DEBUG - 2025-08-28 14:27:19 --> Session: Class initialized using 'CodeIgniter\Session\Handlers\FileHandler' driver.
DEBUG - 2025-08-28 14:27:22 --> Session: Class initialized using 'CodeIgniter\Session\Handlers\FileHandler' driver.
DEBUG - 2025-08-28 14:27:23 --> Session: Class initialized using 'CodeIgniter\Session\Handlers\FileHandler' driver.
DEBUG - 2025-08-28 14:27:24 --> Session: Class initialized using 'CodeIgniter\Session\Handlers\FileHandler' driver.
DEBUG - 2025-08-28 14:27:33 --> Session: Class initialized using 'CodeIgniter\Session\Handlers\FileHandler' driver.
DEBUG - 2025-08-28 14:27:47 --> Session: Class initialized using 'CodeIgniter\Session\Handlers\FileHandler' driver.
DEBUG - 2025-08-28 14:27:49 --> Session: Class initialized using 'CodeIgniter\Session\Handlers\FileHandler' driver.
DEBUG - 2025-08-28 14:27:54 --> Session: Class initialized using 'CodeIgniter\Session\Handlers\FileHandler' driver.
DEBUG - 2025-08-28 14:27:57 --> Session: Class initialized using 'CodeIgniter\Session\Handlers\FileHandler' driver.
DEBUG - 2025-08-28 14:27:58 --> Session: Class initialized using 'CodeIgniter\Session\Handlers\FileHandler' driver.
DEBUG - 2025-08-28 14:28:00 --> Session: Class initialized using 'CodeIgniter\Session\Handlers\FileHandler' driver.
DEBUG - 2025-08-28 14:28:02 --> Session: Class initialized using 'CodeIgniter\Session\Handlers\FileHandler' driver.
DEBUG - 2025-08-28 14:28:13 --> Session: Class initialized using 'CodeIgniter\Session\Handlers\FileHandler' driver.
DEBUG - 2025-08-28 14:28:20 --> Session: Class initialized using 'CodeIgniter\Session\Handlers\FileHandler' driver.
DEBUG - 2025-08-28 14:28:21 --> Session: Class initialized using 'CodeIgniter\Session\Handlers\FileHandler' driver.
DEBUG - 2025-08-28 14:29:44 --> Session: Class initialized using 'CodeIgniter\Session\Handlers\FileHandler' driver.
DEBUG - 2025-08-28 14:29:46 --> Session: Class initialized using 'CodeIgniter\Session\Handlers\FileHandler' driver.
DEBUG - 2025-08-28 14:29:51 --> Session: Class initialized using 'CodeIgniter\Session\Handlers\FileHandler' driver.
DEBUG - 2025-08-28 14:29:53 --> Session: Class initialized using 'CodeIgniter\Session\Handlers\FileHandler' driver.
DEBUG - 2025-08-28 14:30:22 --> Session: Class initialized using 'CodeIgniter\Session\Handlers\FileHandler' driver.
DEBUG - 2025-08-28 14:31:15 --> Session: Class initialized using 'CodeIgniter\Session\Handlers\FileHandler' driver.
DEBUG - 2025-08-28 14:31:17 --> Session: Class initialized using 'CodeIgniter\Session\Handlers\FileHandler' driver.
INFO - 2025-08-28 14:31:19 --> REDIRECTED ROUTE at http://localhost/apriori/
DEBUG - 2025-08-28 14:31:19 --> Session: Class initialized using 'CodeIgniter\Session\Handlers\FileHandler' driver.
DEBUG - 2025-08-28 14:32:22 --> Session: Class initialized using 'CodeIgniter\Session\Handlers\FileHandler' driver.
DEBUG - 2025-08-28 14:33:14 --> Session: Class initialized using 'CodeIgniter\Session\Handlers\FileHandler' driver.
DEBUG - 2025-08-28 14:33:15 --> Session: Class initialized using 'CodeIgniter\Session\Handlers\FileHandler' driver.
DEBUG - 2025-08-28 14:33:16 --> Session: Class initialized using 'CodeIgniter\Session\Handlers\FileHandler' driver.
DEBUG - 2025-08-28 14:33:18 --> Session: Class initialized using 'CodeIgniter\Session\Handlers\FileHandler' driver.
DEBUG - 2025-08-28 14:33:19 --> Session: Class initialized using 'CodeIgniter\Session\Handlers\FileHandler' driver.
DEBUG - 2025-08-28 14:34:16 --> Session: Class initialized using 'CodeIgniter\Session\Handlers\FileHandler' driver.
INFO - 2025-08-28 14:34:17 --> REDIRECTED ROUTE at http://localhost/apriori/
DEBUG - 2025-08-28 14:34:18 --> Session: Class initialized using 'CodeIgniter\Session\Handlers\FileHandler' driver.
DEBUG - 2025-08-28 14:34:21 --> Session: Class initialized using 'CodeIgniter\Session\Handlers\FileHandler' driver.
DEBUG - 2025-08-28 14:34:22 --> Session: Class initialized using 'CodeIgniter\Session\Handlers\FileHandler' driver.
DEBUG - 2025-08-28 14:35:15 --> Session: Class initialized using 'CodeIgniter\Session\Handlers\FileHandler' driver.
DEBUG - 2025-08-28 14:35:16 --> Session: Class initialized using 'CodeIgniter\Session\Handlers\FileHandler' driver.
DEBUG - 2025-08-28 14:35:17 --> Session: Class initialized using 'CodeIgniter\Session\Handlers\FileHandler' driver.
DEBUG - 2025-08-28 14:35:19 --> Session: Class initialized using 'CodeIgniter\Session\Handlers\FileHandler' driver.
DEBUG - 2025-08-28 14:36:13 --> Session: Class initialized using 'CodeIgniter\Session\Handlers\FileHandler' driver.
DEBUG - 2025-08-28 14:38:29 --> Session: Class initialized using 'CodeIgniter\Session\Handlers\FileHandler' driver.
DEBUG - 2025-08-28 14:38:31 --> Session: Class initialized using 'CodeIgniter\Session\Handlers\FileHandler' driver.
DEBUG - 2025-08-28 14:38:33 --> Session: Class initialized using 'CodeIgniter\Session\Handlers\FileHandler' driver.
DEBUG - 2025-08-28 14:38:34 --> Session: Class initialized using 'CodeIgniter\Session\Handlers\FileHandler' driver.
DEBUG - 2025-08-28 14:38:36 --> Session: Class initialized using 'CodeIgniter\Session\Handlers\FileHandler' driver.
DEBUG - 2025-08-28 14:40:09 --> Session: Class initialized using 'CodeIgniter\Session\Handlers\FileHandler' driver.
DEBUG - 2025-08-28 14:40:12 --> Session: Class initialized using 'CodeIgniter\Session\Handlers\FileHandler' driver.
DEBUG - 2025-08-28 14:40:13 --> Session: Class initialized using 'CodeIgniter\Session\Handlers\FileHandler' driver.
DEBUG - 2025-08-28 14:40:19 --> Session: Class initialized using 'CodeIgniter\Session\Handlers\FileHandler' driver.
DEBUG - 2025-08-28 14:40:21 --> Session: Class initialized using 'CodeIgniter\Session\Handlers\FileHandler' driver.
DEBUG - 2025-08-28 14:40:23 --> Session: Class initialized using 'CodeIgniter\Session\Handlers\FileHandler' driver.
DEBUG - 2025-08-28 14:40:53 --> Session: Class initialized using 'CodeIgniter\Session\Handlers\FileHandler' driver.
DEBUG - 2025-08-28 14:40:55 --> Session: Class initialized using 'CodeIgniter\Session\Handlers\FileHandler' driver.
DEBUG - 2025-08-28 14:40:57 --> Session: Class initialized using 'CodeIgniter\Session\Handlers\FileHandler' driver.
DEBUG - 2025-08-28 14:40:58 --> Session: Class initialized using 'CodeIgniter\Session\Handlers\FileHandler' driver.
DEBUG - 2025-08-28 14:41:00 --> Session: Class initialized using 'CodeIgniter\Session\Handlers\FileHandler' driver.
DEBUG - 2025-08-28 14:41:05 --> Session: Class initialized using 'CodeIgniter\Session\Handlers\FileHandler' driver.
DEBUG - 2025-08-28 14:42:05 --> Session: Class initialized using 'CodeIgniter\Session\Handlers\FileHandler' driver.
DEBUG - 2025-08-28 14:42:07 --> Session: Class initialized using 'CodeIgniter\Session\Handlers\FileHandler' driver.
DEBUG - 2025-08-28 14:42:08 --> Session: Class initialized using 'CodeIgniter\Session\Handlers\FileHandler' driver.
DEBUG - 2025-08-28 14:42:15 --> Session: Class initialized using 'CodeIgniter\Session\Handlers\FileHandler' driver.
DEBUG - 2025-08-28 14:42:40 --> Session: Class initialized using 'CodeIgniter\Session\Handlers\FileHandler' driver.
DEBUG - 2025-08-28 14:42:46 --> Session: Class initialized using 'CodeIgniter\Session\Handlers\FileHandler' driver.
DEBUG - 2025-08-28 14:42:48 --> Session: Class initialized using 'CodeIgniter\Session\Handlers\FileHandler' driver.
DEBUG - 2025-08-28 14:42:50 --> Session: Class initialized using 'CodeIgniter\Session\Handlers\FileHandler' driver.
DEBUG - 2025-08-28 14:43:01 --> Session: Class initialized using 'CodeIgniter\Session\Handlers\FileHandler' driver.
DEBUG - 2025-08-28 14:43:06 --> Session: Class initialized using 'CodeIgniter\Session\Handlers\FileHandler' driver.
DEBUG - 2025-08-28 14:43:08 --> Session: Class initialized using 'CodeIgniter\Session\Handlers\FileHandler' driver.
DEBUG - 2025-08-28 14:43:17 --> Session: Class initialized using 'CodeIgniter\Session\Handlers\FileHandler' driver.
DEBUG - 2025-08-28 14:43:19 --> Session: Class initialized using 'CodeIgniter\Session\Handlers\FileHandler' driver.
DEBUG - 2025-08-28 14:44:16 --> Session: Class initialized using 'CodeIgniter\Session\Handlers\FileHandler' driver.
DEBUG - 2025-08-28 14:46:55 --> Session: Class initialized using 'CodeIgniter\Session\Handlers\FileHandler' driver.
DEBUG - 2025-08-28 14:47:18 --> Session: Class initialized using 'CodeIgniter\Session\Handlers\FileHandler' driver.
DEBUG - 2025-08-28 14:47:27 --> Session: Class initialized using 'CodeIgniter\Session\Handlers\FileHandler' driver.
DEBUG - 2025-08-28 14:47:42 --> Session: Class initialized using 'CodeIgniter\Session\Handlers\FileHandler' driver.
DEBUG - 2025-08-28 14:48:07 --> Session: Class initialized using 'CodeIgniter\Session\Handlers\FileHandler' driver.
DEBUG - 2025-08-28 14:48:09 --> Session: Class initialized using 'CodeIgniter\Session\Handlers\FileHandler' driver.
DEBUG - 2025-08-28 14:48:11 --> Session: Class initialized using 'CodeIgniter\Session\Handlers\FileHandler' driver.
DEBUG - 2025-08-28 14:48:14 --> Session: Class initialized using 'CodeIgniter\Session\Handlers\FileHandler' driver.
DEBUG - 2025-08-28 14:48:20 --> Session: Class initialized using 'CodeIgniter\Session\Handlers\FileHandler' driver.
DEBUG - 2025-08-28 14:48:22 --> Session: Class initialized using 'CodeIgniter\Session\Handlers\FileHandler' driver.
DEBUG - 2025-08-28 14:48:27 --> Session: Class initialized using 'CodeIgniter\Session\Handlers\FileHandler' driver.
DEBUG - 2025-08-28 14:48:30 --> Session: Class initialized using 'CodeIgniter\Session\Handlers\FileHandler' driver.
DEBUG - 2025-08-28 14:49:07 --> Session: Class initialized using 'CodeIgniter\Session\Handlers\FileHandler' driver.
DEBUG - 2025-08-28 14:49:10 --> Session: Class initialized using 'CodeIgniter\Session\Handlers\FileHandler' driver.
DEBUG - 2025-08-28 14:49:19 --> Session: Class initialized using 'CodeIgniter\Session\Handlers\FileHandler' driver.
DEBUG - 2025-08-28 14:49:25 --> Session: Class initialized using 'CodeIgniter\Session\Handlers\FileHandler' driver.
DEBUG - 2025-08-28 14:49:27 --> Session: Class initialized using 'CodeIgniter\Session\Handlers\FileHandler' driver.
DEBUG - 2025-08-28 14:49:57 --> Session: Class initialized using 'CodeIgniter\Session\Handlers\FileHandler' driver.
DEBUG - 2025-08-28 14:49:58 --> Session: Class initialized using 'CodeIgniter\Session\Handlers\FileHandler' driver.
DEBUG - 2025-08-28 14:50:00 --> Session: Class initialized using 'CodeIgniter\Session\Handlers\FileHandler' driver.
DEBUG - 2025-08-28 14:57:33 --> Session: Class initialized using 'CodeIgniter\Session\Handlers\FileHandler' driver.
DEBUG - 2025-08-28 14:57:40 --> Session: Class initialized using 'CodeIgniter\Session\Handlers\FileHandler' driver.
DEBUG - 2025-08-28 14:57:53 --> Session: Class initialized using 'CodeIgniter\Session\Handlers\FileHandler' driver.
DEBUG - 2025-08-28 14:57:54 --> Session: Class initialized using 'CodeIgniter\Session\Handlers\FileHandler' driver.
DEBUG - 2025-08-28 14:58:49 --> Session: Class initialized using 'CodeIgniter\Session\Handlers\FileHandler' driver.
DEBUG - 2025-08-28 14:58:51 --> Session: Class initialized using 'CodeIgniter\Session\Handlers\FileHandler' driver.
DEBUG - 2025-08-28 14:59:24 --> Session: Class initialized using 'CodeIgniter\Session\Handlers\FileHandler' driver.
DEBUG - 2025-08-28 14:59:28 --> Session: Class initialized using 'CodeIgniter\Session\Handlers\FileHandler' driver.
DEBUG - 2025-08-28 14:59:40 --> Session: Class initialized using 'CodeIgniter\Session\Handlers\FileHandler' driver.
DEBUG - 2025-08-28 15:02:43 --> Session: Class initialized using 'CodeIgniter\Session\Handlers\FileHandler' driver.
DEBUG - 2025-08-28 15:02:49 --> Session: Class initialized using 'CodeIgniter\Session\Handlers\FileHandler' driver.
INFO - 2025-08-28 15:02:51 --> REDIRECTED ROUTE at http://localhost/apriori/
DEBUG - 2025-08-28 15:02:51 --> Session: Class initialized using 'CodeIgniter\Session\Handlers\FileHandler' driver.
DEBUG - 2025-08-28 15:03:06 --> Session: Class initialized using 'CodeIgniter\Session\Handlers\FileHandler' driver.
DEBUG - 2025-08-28 15:03:09 --> Session: Class initialized using 'CodeIgniter\Session\Handlers\FileHandler' driver.
DEBUG - 2025-08-28 15:03:10 --> Session: Class initialized using 'CodeIgniter\Session\Handlers\FileHandler' driver.
DEBUG - 2025-08-28 15:03:12 --> Session: Class initialized using 'CodeIgniter\Session\Handlers\FileHandler' driver.
DEBUG - 2025-08-28 15:03:22 --> Session: Class initialized using 'CodeIgniter\Session\Handlers\FileHandler' driver.
DEBUG - 2025-08-28 15:03:23 --> Session: Class initialized using 'CodeIgniter\Session\Handlers\FileHandler' driver.
DEBUG - 2025-08-28 15:03:36 --> Session: Class initialized using 'CodeIgniter\Session\Handlers\FileHandler' driver.
DEBUG - 2025-08-28 15:03:37 --> Session: Class initialized using 'CodeIgniter\Session\Handlers\FileHandler' driver.
DEBUG - 2025-08-28 15:03:38 --> Session: Class initialized using 'CodeIgniter\Session\Handlers\FileHandler' driver.
DEBUG - 2025-08-28 15:03:39 --> Session: Class initialized using 'CodeIgniter\Session\Handlers\FileHandler' driver.
DEBUG - 2025-08-28 15:04:42 --> Session: Class initialized using 'CodeIgniter\Session\Handlers\FileHandler' driver.
INFO - 2025-08-28 15:04:44 --> REDIRECTED ROUTE at http://localhost/apriori/
DEBUG - 2025-08-28 15:04:45 --> Session: Class initialized using 'CodeIgniter\Session\Handlers\FileHandler' driver.
DEBUG - 2025-08-28 15:04:46 --> Session: Class initialized using 'CodeIgniter\Session\Handlers\FileHandler' driver.
DEBUG - 2025-08-28 15:04:47 --> Session: Class initialized using 'CodeIgniter\Session\Handlers\FileHandler' driver.
DEBUG - 2025-08-28 15:06:35 --> Session: Class initialized using 'CodeIgniter\Session\Handlers\FileHandler' driver.
DEBUG - 2025-08-28 15:06:36 --> Session: Class initialized using 'CodeIgniter\Session\Handlers\FileHandler' driver.
DEBUG - 2025-08-28 15:06:37 --> Session: Class initialized using 'CodeIgniter\Session\Handlers\FileHandler' driver.
DEBUG - 2025-08-28 15:06:46 --> Session: Class initialized using 'CodeIgniter\Session\Handlers\FileHandler' driver.
DEBUG - 2025-08-28 15:06:47 --> Session: Class initialized using 'CodeIgniter\Session\Handlers\FileHandler' driver.
DEBUG - 2025-08-28 15:06:48 --> Session: Class initialized using 'CodeIgniter\Session\Handlers\FileHandler' driver.
INFO - 2025-08-28 15:06:49 --> REDIRECTED ROUTE at http://localhost/apriori/
DEBUG - 2025-08-28 15:06:49 --> Session: Class initialized using 'CodeIgniter\Session\Handlers\FileHandler' driver.
DEBUG - 2025-08-28 15:07:24 --> Session: Class initialized using 'CodeIgniter\Session\Handlers\FileHandler' driver.
DEBUG - 2025-08-28 15:07:42 --> Session: Class initialized using 'CodeIgniter\Session\Handlers\FileHandler' driver.
DEBUG - 2025-08-28 15:07:48 --> Session: Class initialized using 'CodeIgniter\Session\Handlers\FileHandler' driver.
DEBUG - 2025-08-28 15:07:51 --> Session: Class initialized using 'CodeIgniter\Session\Handlers\FileHandler' driver.
DEBUG - 2025-08-28 15:07:52 --> Session: Class initialized using 'CodeIgniter\Session\Handlers\FileHandler' driver.
DEBUG - 2025-08-28 15:09:28 --> Session: Class initialized using 'CodeIgniter\Session\Handlers\FileHandler' driver.
DEBUG - 2025-08-28 15:09:30 --> Session: Class initialized using 'CodeIgniter\Session\Handlers\FileHandler' driver.
DEBUG - 2025-08-28 15:09:33 --> Session: Class initialized using 'CodeIgniter\Session\Handlers\FileHandler' driver.
DEBUG - 2025-08-28 15:09:34 --> Session: Class initialized using 'CodeIgniter\Session\Handlers\FileHandler' driver.
DEBUG - 2025-08-28 15:09:36 --> Session: Class initialized using 'CodeIgniter\Session\Handlers\FileHandler' driver.
DEBUG - 2025-08-28 15:09:44 --> Session: Class initialized using 'CodeIgniter\Session\Handlers\FileHandler' driver.
DEBUG - 2025-08-28 15:11:24 --> Session: Class initialized using 'CodeIgniter\Session\Handlers\FileHandler' driver.
DEBUG - 2025-08-28 15:11:29 --> Session: Class initialized using 'CodeIgniter\Session\Handlers\FileHandler' driver.
DEBUG - 2025-08-28 15:11:32 --> Session: Class initialized using 'CodeIgniter\Session\Handlers\FileHandler' driver.
DEBUG - 2025-08-28 15:11:39 --> Session: Class initialized using 'CodeIgniter\Session\Handlers\FileHandler' driver.
DEBUG - 2025-08-28 15:11:43 --> Session: Class initialized using 'CodeIgniter\Session\Handlers\FileHandler' driver.
DEBUG - 2025-08-28 15:12:21 --> Session: Class initialized using 'CodeIgniter\Session\Handlers\FileHandler' driver.
DEBUG - 2025-08-28 15:12:28 --> Session: Class initialized using 'CodeIgniter\Session\Handlers\FileHandler' driver.
DEBUG - 2025-08-28 15:12:29 --> Session: Class initialized using 'CodeIgniter\Session\Handlers\FileHandler' driver.
DEBUG - 2025-08-28 15:12:32 --> Session: Class initialized using 'CodeIgniter\Session\Handlers\FileHandler' driver.
DEBUG - 2025-08-28 15:13:05 --> Session: Class initialized using 'CodeIgniter\Session\Handlers\FileHandler' driver.
DEBUG - 2025-08-28 15:13:38 --> Session: Class initialized using 'CodeIgniter\Session\Handlers\FileHandler' driver.
DEBUG - 2025-08-28 15:13:46 --> Session: Class initialized using 'CodeIgniter\Session\Handlers\FileHandler' driver.
DEBUG - 2025-08-28 15:16:08 --> Session: Class initialized using 'CodeIgniter\Session\Handlers\FileHandler' driver.
DEBUG - 2025-08-28 15:16:10 --> Session: Class initialized using 'CodeIgniter\Session\Handlers\FileHandler' driver.
DEBUG - 2025-08-28 15:16:11 --> Session: Class initialized using 'CodeIgniter\Session\Handlers\FileHandler' driver.
DEBUG - 2025-08-28 15:16:12 --> Session: Class initialized using 'CodeIgniter\Session\Handlers\FileHandler' driver.
DEBUG - 2025-08-28 15:16:14 --> Session: Class initialized using 'CodeIgniter\Session\Handlers\FileHandler' driver.
DEBUG - 2025-08-28 15:16:14 --> Session: Class initialized using 'CodeIgniter\Session\Handlers\FileHandler' driver.
DEBUG - 2025-08-28 15:16:19 --> Session: Class initialized using 'CodeIgniter\Session\Handlers\FileHandler' driver.
DEBUG - 2025-08-28 15:16:20 --> Session: Class initialized using 'CodeIgniter\Session\Handlers\FileHandler' driver.
DEBUG - 2025-08-28 15:16:20 --> Session: Class initialized using 'CodeIgniter\Session\Handlers\FileHandler' driver.
DEBUG - 2025-08-28 15:16:22 --> Session: Class initialized using 'CodeIgniter\Session\Handlers\FileHandler' driver.
DEBUG - 2025-08-28 15:16:23 --> Session: Class initialized using 'CodeIgniter\Session\Handlers\FileHandler' driver.
DEBUG - 2025-08-28 15:16:25 --> Session: Class initialized using 'CodeIgniter\Session\Handlers\FileHandler' driver.
DEBUG - 2025-08-28 15:16:25 --> Session: Class initialized using 'CodeIgniter\Session\Handlers\FileHandler' driver.
DEBUG - 2025-08-28 15:16:29 --> Session: Class initialized using 'CodeIgniter\Session\Handlers\FileHandler' driver.
DEBUG - 2025-08-28 15:16:31 --> Session: Class initialized using 'CodeIgniter\Session\Handlers\FileHandler' driver.
DEBUG - 2025-08-28 15:16:31 --> Session: Class initialized using 'CodeIgniter\Session\Handlers\FileHandler' driver.
DEBUG - 2025-08-28 15:16:49 --> Session: Class initialized using 'CodeIgniter\Session\Handlers\FileHandler' driver.
DEBUG - 2025-08-28 15:16:51 --> Session: Class initialized using 'CodeIgniter\Session\Handlers\FileHandler' driver.
DEBUG - 2025-08-28 15:16:53 --> Session: Class initialized using 'CodeIgniter\Session\Handlers\FileHandler' driver.
DEBUG - 2025-08-28 15:16:53 --> Session: Class initialized using 'CodeIgniter\Session\Handlers\FileHandler' driver.
DEBUG - 2025-08-28 15:16:55 --> Session: Class initialized using 'CodeIgniter\Session\Handlers\FileHandler' driver.
INFO - 2025-08-28 15:16:57 --> REDIRECTED ROUTE at http://localhost/apriori/
DEBUG - 2025-08-28 15:16:57 --> Session: Class initialized using 'CodeIgniter\Session\Handlers\FileHandler' driver.
DEBUG - 2025-08-28 15:17:03 --> Session: Class initialized using 'CodeIgniter\Session\Handlers\FileHandler' driver.
DEBUG - 2025-08-28 15:17:05 --> Session: Class initialized using 'CodeIgniter\Session\Handlers\FileHandler' driver.
DEBUG - 2025-08-28 15:17:13 --> Session: Class initialized using 'CodeIgniter\Session\Handlers\FileHandler' driver.
DEBUG - 2025-08-28 15:17:16 --> Session: Class initialized using 'CodeIgniter\Session\Handlers\FileHandler' driver.
DEBUG - 2025-08-28 15:18:03 --> Session: Class initialized using 'CodeIgniter\Session\Handlers\FileHandler' driver.
INFO - 2025-08-28 15:18:03 --> REDIRECTED ROUTE at http://localhost/apriori/
DEBUG - 2025-08-28 15:18:04 --> Session: Class initialized using 'CodeIgniter\Session\Handlers\FileHandler' driver.
DEBUG - 2025-08-28 15:18:11 --> Session: Class initialized using 'CodeIgniter\Session\Handlers\FileHandler' driver.
INFO - 2025-08-28 15:18:13 --> REDIRECTED ROUTE at http://localhost/apriori/
DEBUG - 2025-08-28 15:18:14 --> Session: Class initialized using 'CodeIgniter\Session\Handlers\FileHandler' driver.
DEBUG - 2025-08-28 15:18:23 --> Session: Class initialized using 'CodeIgniter\Session\Handlers\FileHandler' driver.
INFO - 2025-08-28 15:18:43 --> REDIRECTED ROUTE at http://localhost/apriori/
DEBUG - 2025-08-28 15:18:43 --> Session: Class initialized using 'CodeIgniter\Session\Handlers\FileHandler' driver.
DEBUG - 2025-08-28 15:18:45 --> Session: Class initialized using 'CodeIgniter\Session\Handlers\FileHandler' driver.
INFO - 2025-08-28 15:18:47 --> REDIRECTED ROUTE at http://localhost/apriori/
DEBUG - 2025-08-28 15:18:47 --> Session: Class initialized using 'CodeIgniter\Session\Handlers\FileHandler' driver.
INFO - 2025-08-28 15:19:16 --> REDIRECTED ROUTE at http://localhost/apriori/
DEBUG - 2025-08-28 15:19:16 --> Session: Class initialized using 'CodeIgniter\Session\Handlers\FileHandler' driver.
DEBUG - 2025-08-28 15:19:18 --> Session: Class initialized using 'CodeIgniter\Session\Handlers\FileHandler' driver.
INFO - 2025-08-28 15:19:20 --> REDIRECTED ROUTE at http://localhost/apriori/
DEBUG - 2025-08-28 15:19:20 --> Session: Class initialized using 'CodeIgniter\Session\Handlers\FileHandler' driver.
DEBUG - 2025-08-28 15:19:23 --> Session: Class initialized using 'CodeIgniter\Session\Handlers\FileHandler' driver.
INFO - 2025-08-28 15:19:25 --> REDIRECTED ROUTE at http://localhost/apriori/
DEBUG - 2025-08-28 15:19:25 --> Session: Class initialized using 'CodeIgniter\Session\Handlers\FileHandler' driver.
DEBUG - 2025-08-28 15:19:27 --> Session: Class initialized using 'CodeIgniter\Session\Handlers\FileHandler' driver.
INFO - 2025-08-28 15:19:33 --> REDIRECTED ROUTE at http://localhost/apriori/
DEBUG - 2025-08-28 15:19:34 --> Session: Class initialized using 'CodeIgniter\Session\Handlers\FileHandler' driver.
DEBUG - 2025-08-28 15:19:35 --> Session: Class initialized using 'CodeIgniter\Session\Handlers\FileHandler' driver.
INFO - 2025-08-28 15:19:37 --> REDIRECTED ROUTE at http://localhost/apriori/
DEBUG - 2025-08-28 15:19:37 --> Session: Class initialized using 'CodeIgniter\Session\Handlers\FileHandler' driver.
DEBUG - 2025-08-28 15:19:38 --> Session: Class initialized using 'CodeIgniter\Session\Handlers\FileHandler' driver.
DEBUG - 2025-08-28 15:19:41 --> Session: Class initialized using 'CodeIgniter\Session\Handlers\FileHandler' driver.
DEBUG - 2025-08-28 15:19:43 --> Session: Class initialized using 'CodeIgniter\Session\Handlers\FileHandler' driver.
DEBUG - 2025-08-28 15:19:45 --> Session: Class initialized using 'CodeIgniter\Session\Handlers\FileHandler' driver.
INFO - 2025-08-28 15:19:46 --> REDIRECTED ROUTE at http://localhost/apriori/
DEBUG - 2025-08-28 15:19:46 --> Session: Class initialized using 'CodeIgniter\Session\Handlers\FileHandler' driver.
DEBUG - 2025-08-28 15:28:55 --> Session: Class initialized using 'CodeIgniter\Session\Handlers\FileHandler' driver.
DEBUG - 2025-08-28 15:28:56 --> Session: Class initialized using 'CodeIgniter\Session\Handlers\FileHandler' driver.
DEBUG - 2025-08-28 15:28:57 --> Session: Class initialized using 'CodeIgniter\Session\Handlers\FileHandler' driver.
DEBUG - 2025-08-28 15:29:01 --> Session: Class initialized using 'CodeIgniter\Session\Handlers\FileHandler' driver.
DEBUG - 2025-08-28 15:29:02 --> Session: Class initialized using 'CodeIgniter\Session\Handlers\FileHandler' driver.
DEBUG - 2025-08-28 15:29:05 --> Session: Class initialized using 'CodeIgniter\Session\Handlers\FileHandler' driver.
DEBUG - 2025-08-28 15:29:05 --> Session: Class initialized using 'CodeIgniter\Session\Handlers\FileHandler' driver.
DEBUG - 2025-08-28 15:29:08 --> Session: Class initialized using 'CodeIgniter\Session\Handlers\FileHandler' driver.
DEBUG - 2025-08-28 15:29:08 --> Session: Class initialized using 'CodeIgniter\Session\Handlers\FileHandler' driver.
DEBUG - 2025-08-28 15:29:16 --> Session: Class initialized using 'CodeIgniter\Session\Handlers\FileHandler' driver.
DEBUG - 2025-08-28 15:29:16 --> Session: Class initialized using 'CodeIgniter\Session\Handlers\FileHandler' driver.
DEBUG - 2025-08-28 15:29:20 --> Session: Class initialized using 'CodeIgniter\Session\Handlers\FileHandler' driver.
DEBUG - 2025-08-28 15:29:21 --> Session: Class initialized using 'CodeIgniter\Session\Handlers\FileHandler' driver.
DEBUG - 2025-08-28 15:29:24 --> Session: Class initialized using 'CodeIgniter\Session\Handlers\FileHandler' driver.
DEBUG - 2025-08-28 15:29:24 --> Session: Class initialized using 'CodeIgniter\Session\Handlers\FileHandler' driver.
DEBUG - 2025-08-28 15:29:27 --> Session: Class initialized using 'CodeIgniter\Session\Handlers\FileHandler' driver.
DEBUG - 2025-08-28 15:29:27 --> Session: Class initialized using 'CodeIgniter\Session\Handlers\FileHandler' driver.
DEBUG - 2025-08-28 15:29:29 --> Session: Class initialized using 'CodeIgniter\Session\Handlers\FileHandler' driver.
DEBUG - 2025-08-28 15:29:30 --> Session: Class initialized using 'CodeIgniter\Session\Handlers\FileHandler' driver.
DEBUG - 2025-08-28 15:29:32 --> Session: Class initialized using 'CodeIgniter\Session\Handlers\FileHandler' driver.
DEBUG - 2025-08-28 15:29:32 --> Session: Class initialized using 'CodeIgniter\Session\Handlers\FileHandler' driver.
DEBUG - 2025-08-28 15:29:43 --> Session: Class initialized using 'CodeIgniter\Session\Handlers\FileHandler' driver.
