CRITICAL - 2025-07-14 07:36:18 --> CodeIgniter\Filters\Exceptions\FilterException: "forcehttps" filter must have a matching alias defined.
[Method: GET, Route: login]
in SYSTEMPATH\Filters\Filters.php on line 402.
 1 SYSTEMPATH\Filters\Filters.php(402): CodeIgniter\Filters\Exceptions\FilterException::forNoAlias('forcehttps')
 2 SYSTEMPATH\Filters\Filters.php(319): CodeIgniter\Filters\Filters->getRequiredFilters('before')
 3 SYSTEMPATH\Filters\Filters.php(353): CodeIgniter\Filters\Filters->getRequiredClasses('before')
 4 SYSTEMPATH\CodeIgniter.php(387): CodeIgniter\Filters\Filters->runRequired('before')
 5 SYSTEMPATH\CodeIgniter.php(347): CodeIgniter\CodeIgniter->runRequiredBeforeFilters(Object(CodeIgniter\Filters\Filters))
 6 SYSTEMPATH\Boot.php(334): CodeIgniter\CodeIgniter->run()
 7 SYSTEMPATH\Boot.php(67): CodeIgniter\Boot::runCodeIgniter(Object(CodeIgniter\CodeIgniter))
 8 FCPATH\index.php(59): CodeIgniter\Boot::bootWeb(Object(Config\Paths))
CRITICAL - 2025-07-14 07:36:21 --> CodeIgniter\Filters\Exceptions\FilterException: "forcehttps" filter must have a matching alias defined.
[Method: GET, Route: /]
in SYSTEMPATH\Filters\Filters.php on line 402.
 1 SYSTEMPATH\Filters\Filters.php(402): CodeIgniter\Filters\Exceptions\FilterException::forNoAlias('forcehttps')
 2 SYSTEMPATH\Filters\Filters.php(319): CodeIgniter\Filters\Filters->getRequiredFilters('before')
 3 SYSTEMPATH\Filters\Filters.php(353): CodeIgniter\Filters\Filters->getRequiredClasses('before')
 4 SYSTEMPATH\CodeIgniter.php(387): CodeIgniter\Filters\Filters->runRequired('before')
 5 SYSTEMPATH\CodeIgniter.php(347): CodeIgniter\CodeIgniter->runRequiredBeforeFilters(Object(CodeIgniter\Filters\Filters))
 6 SYSTEMPATH\Boot.php(334): CodeIgniter\CodeIgniter->run()
 7 SYSTEMPATH\Boot.php(67): CodeIgniter\Boot::runCodeIgniter(Object(CodeIgniter\CodeIgniter))
 8 FCPATH\index.php(59): CodeIgniter\Boot::bootWeb(Object(Config\Paths))
CRITICAL - 2025-07-14 07:36:26 --> CodeIgniter\Filters\Exceptions\FilterException: "forcehttps" filter must have a matching alias defined.
[Method: GET, Route: dah]
in SYSTEMPATH\Filters\Filters.php on line 402.
 1 SYSTEMPATH\Filters\Filters.php(402): CodeIgniter\Filters\Exceptions\FilterException::forNoAlias('forcehttps')
 2 SYSTEMPATH\Filters\Filters.php(319): CodeIgniter\Filters\Filters->getRequiredFilters('before')
 3 SYSTEMPATH\Filters\Filters.php(353): CodeIgniter\Filters\Filters->getRequiredClasses('before')
 4 SYSTEMPATH\CodeIgniter.php(387): CodeIgniter\Filters\Filters->runRequired('before')
 5 SYSTEMPATH\CodeIgniter.php(347): CodeIgniter\CodeIgniter->runRequiredBeforeFilters(Object(CodeIgniter\Filters\Filters))
 6 SYSTEMPATH\Boot.php(334): CodeIgniter\CodeIgniter->run()
 7 SYSTEMPATH\Boot.php(67): CodeIgniter\Boot::runCodeIgniter(Object(CodeIgniter\CodeIgniter))
 8 FCPATH\index.php(59): CodeIgniter\Boot::bootWeb(Object(Config\Paths))
CRITICAL - 2025-07-14 07:36:37 --> CodeIgniter\Filters\Exceptions\FilterException: "forcehttps" filter must have a matching alias defined.
[Method: GET, Route: dashboard]
in SYSTEMPATH\Filters\Filters.php on line 402.
 1 SYSTEMPATH\Filters\Filters.php(402): CodeIgniter\Filters\Exceptions\FilterException::forNoAlias('forcehttps')
 2 SYSTEMPATH\Filters\Filters.php(319): CodeIgniter\Filters\Filters->getRequiredFilters('before')
 3 SYSTEMPATH\Filters\Filters.php(353): CodeIgniter\Filters\Filters->getRequiredClasses('before')
 4 SYSTEMPATH\CodeIgniter.php(387): CodeIgniter\Filters\Filters->runRequired('before')
 5 SYSTEMPATH\CodeIgniter.php(347): CodeIgniter\CodeIgniter->runRequiredBeforeFilters(Object(CodeIgniter\Filters\Filters))
 6 SYSTEMPATH\Boot.php(334): CodeIgniter\CodeIgniter->run()
 7 SYSTEMPATH\Boot.php(67): CodeIgniter\Boot::runCodeIgniter(Object(CodeIgniter\CodeIgniter))
 8 FCPATH\index.php(59): CodeIgniter\Boot::bootWeb(Object(Config\Paths))
CRITICAL - 2025-07-14 07:36:39 --> CodeIgniter\Filters\Exceptions\FilterException: "forcehttps" filter must have a matching alias defined.
[Method: GET, Route: dashboard]
in SYSTEMPATH\Filters\Filters.php on line 402.
 1 SYSTEMPATH\Filters\Filters.php(402): CodeIgniter\Filters\Exceptions\FilterException::forNoAlias('forcehttps')
 2 SYSTEMPATH\Filters\Filters.php(319): CodeIgniter\Filters\Filters->getRequiredFilters('before')
 3 SYSTEMPATH\Filters\Filters.php(353): CodeIgniter\Filters\Filters->getRequiredClasses('before')
 4 SYSTEMPATH\CodeIgniter.php(387): CodeIgniter\Filters\Filters->runRequired('before')
 5 SYSTEMPATH\CodeIgniter.php(347): CodeIgniter\CodeIgniter->runRequiredBeforeFilters(Object(CodeIgniter\Filters\Filters))
 6 SYSTEMPATH\Boot.php(334): CodeIgniter\CodeIgniter->run()
 7 SYSTEMPATH\Boot.php(67): CodeIgniter\Boot::runCodeIgniter(Object(CodeIgniter\CodeIgniter))
 8 FCPATH\index.php(59): CodeIgniter\Boot::bootWeb(Object(Config\Paths))
CRITICAL - 2025-07-14 07:36:42 --> CodeIgniter\Filters\Exceptions\FilterException: "forcehttps" filter must have a matching alias defined.
[Method: GET, Route: /]
in SYSTEMPATH\Filters\Filters.php on line 402.
 1 SYSTEMPATH\Filters\Filters.php(402): CodeIgniter\Filters\Exceptions\FilterException::forNoAlias('forcehttps')
 2 SYSTEMPATH\Filters\Filters.php(319): CodeIgniter\Filters\Filters->getRequiredFilters('before')
 3 SYSTEMPATH\Filters\Filters.php(353): CodeIgniter\Filters\Filters->getRequiredClasses('before')
 4 SYSTEMPATH\CodeIgniter.php(387): CodeIgniter\Filters\Filters->runRequired('before')
 5 SYSTEMPATH\CodeIgniter.php(347): CodeIgniter\CodeIgniter->runRequiredBeforeFilters(Object(CodeIgniter\Filters\Filters))
 6 SYSTEMPATH\Boot.php(334): CodeIgniter\CodeIgniter->run()
 7 SYSTEMPATH\Boot.php(67): CodeIgniter\Boot::runCodeIgniter(Object(CodeIgniter\CodeIgniter))
 8 FCPATH\index.php(59): CodeIgniter\Boot::bootWeb(Object(Config\Paths))
CRITICAL - 2025-07-14 07:36:57 --> CodeIgniter\Filters\Exceptions\FilterException: "forcehttps" filter must have a matching alias defined.
[Method: GET, Route: /]
in SYSTEMPATH\Filters\Filters.php on line 402.
 1 SYSTEMPATH\Filters\Filters.php(402): CodeIgniter\Filters\Exceptions\FilterException::forNoAlias('forcehttps')
 2 SYSTEMPATH\Filters\Filters.php(319): CodeIgniter\Filters\Filters->getRequiredFilters('before')
 3 SYSTEMPATH\Filters\Filters.php(353): CodeIgniter\Filters\Filters->getRequiredClasses('before')
 4 SYSTEMPATH\CodeIgniter.php(387): CodeIgniter\Filters\Filters->runRequired('before')
 5 SYSTEMPATH\CodeIgniter.php(347): CodeIgniter\CodeIgniter->runRequiredBeforeFilters(Object(CodeIgniter\Filters\Filters))
 6 SYSTEMPATH\Boot.php(334): CodeIgniter\CodeIgniter->run()
 7 SYSTEMPATH\Boot.php(67): CodeIgniter\Boot::runCodeIgniter(Object(CodeIgniter\CodeIgniter))
 8 FCPATH\index.php(59): CodeIgniter\Boot::bootWeb(Object(Config\Paths))
CRITICAL - 2025-07-14 07:37:01 --> CodeIgniter\Filters\Exceptions\FilterException: "forcehttps" filter must have a matching alias defined.
[Method: GET, Route: dashboard]
in SYSTEMPATH\Filters\Filters.php on line 402.
 1 SYSTEMPATH\Filters\Filters.php(402): CodeIgniter\Filters\Exceptions\FilterException::forNoAlias('forcehttps')
 2 SYSTEMPATH\Filters\Filters.php(319): CodeIgniter\Filters\Filters->getRequiredFilters('before')
 3 SYSTEMPATH\Filters\Filters.php(353): CodeIgniter\Filters\Filters->getRequiredClasses('before')
 4 SYSTEMPATH\CodeIgniter.php(387): CodeIgniter\Filters\Filters->runRequired('before')
 5 SYSTEMPATH\CodeIgniter.php(347): CodeIgniter\CodeIgniter->runRequiredBeforeFilters(Object(CodeIgniter\Filters\Filters))
 6 SYSTEMPATH\Boot.php(334): CodeIgniter\CodeIgniter->run()
 7 SYSTEMPATH\Boot.php(67): CodeIgniter\Boot::runCodeIgniter(Object(CodeIgniter\CodeIgniter))
 8 FCPATH\index.php(59): CodeIgniter\Boot::bootWeb(Object(Config\Paths))
ERROR - 2025-07-14 08:18:13 --> mysqli_sql_exception: Table 'montecarlo_db.users' doesn't exist in C:\laragon\www\montecarlo\vendor\codeigniter4\framework\system\Database\MySQLi\Connection.php:327
Stack trace:
#0 C:\laragon\www\montecarlo\vendor\codeigniter4\framework\system\Database\MySQLi\Connection.php(327): mysqli->query('SELECT 1\nFROM `...', 0)
#1 C:\laragon\www\montecarlo\vendor\codeigniter4\framework\system\Database\BaseConnection.php(738): CodeIgniter\Database\MySQLi\Connection->execute('SELECT 1\nFROM `...')
#2 C:\laragon\www\montecarlo\vendor\codeigniter4\framework\system\Database\BaseConnection.php(652): CodeIgniter\Database\BaseConnection->simpleQuery('SELECT 1\nFROM `...')
#3 C:\laragon\www\montecarlo\vendor\codeigniter4\framework\system\Database\BaseBuilder.php(1649): CodeIgniter\Database\BaseConnection->query('SELECT 1\nFROM `...', Array, false)
#4 C:\laragon\www\montecarlo\vendor\codeigniter4\framework\system\Validation\Rules.php(175): CodeIgniter\Database\BaseBuilder->get()
#5 C:\laragon\www\montecarlo\vendor\codeigniter4\framework\system\Validation\StrictRules\Rules.php(187): CodeIgniter\Validation\Rules->is_unique('badri', 'users.username', Array)
#6 C:\laragon\www\montecarlo\vendor\codeigniter4\framework\system\Validation\Validation.php(336): CodeIgniter\Validation\StrictRules\Rules->is_unique('badri', 'users.username', Array, NULL, 'username')
#7 C:\laragon\www\montecarlo\vendor\codeigniter4\framework\system\Validation\Validation.php(201): CodeIgniter\Validation\Validation->processRules('username', 'username', 'badri', Array, Array, 'username')
#8 C:\laragon\www\montecarlo\vendor\codeigniter4\framework\system\Controller.php(138): CodeIgniter\Validation\Validation->run()
#9 C:\laragon\www\montecarlo\app\Controllers\Auth.php(25): CodeIgniter\Controller->validate(Array)
#10 C:\laragon\www\montecarlo\vendor\codeigniter4\framework\system\CodeIgniter.php(933): App\Controllers\Auth->processRegister()
#11 C:\laragon\www\montecarlo\vendor\codeigniter4\framework\system\CodeIgniter.php(507): CodeIgniter\CodeIgniter->runController(Object(App\Controllers\Auth))
#12 C:\laragon\www\montecarlo\vendor\codeigniter4\framework\system\CodeIgniter.php(354): CodeIgniter\CodeIgniter->handleRequest(NULL, Object(Config\Cache), false)
#13 C:\laragon\www\montecarlo\vendor\codeigniter4\framework\system\Boot.php(334): CodeIgniter\CodeIgniter->run()
#14 C:\laragon\www\montecarlo\vendor\codeigniter4\framework\system\Boot.php(67): CodeIgniter\Boot::runCodeIgniter(Object(CodeIgniter\CodeIgniter))
#15 C:\laragon\www\montecarlo\index.php(59): CodeIgniter\Boot::bootWeb(Object(Config\Paths))
#16 {main}
CRITICAL - 2025-07-14 08:18:13 --> CodeIgniter\Database\Exceptions\DatabaseException: Table 'montecarlo_db.users' doesn't exist
[Method: POST, Route: register]
in SYSTEMPATH\Database\BaseConnection.php on line 692.
 1 SYSTEMPATH\Database\BaseBuilder.php(1649): CodeIgniter\Database\BaseConnection->query('SELECT 1
FROM `users`
WHERE `username` = :username:
 LIMIT 1', [...], false)
 2 SYSTEMPATH\Validation\Rules.php(175): CodeIgniter\Database\BaseBuilder->get()
 3 SYSTEMPATH\Validation\StrictRules\Rules.php(187): CodeIgniter\Validation\Rules->is_unique('badri', 'users.username', [...])
 4 SYSTEMPATH\Validation\Validation.php(336): CodeIgniter\Validation\StrictRules\Rules->is_unique('badri', 'users.username', [...], null, 'username')
 5 SYSTEMPATH\Validation\Validation.php(201): CodeIgniter\Validation\Validation->processRules('username', 'username', 'badri', [...], [...], 'username')
 6 SYSTEMPATH\Controller.php(138): CodeIgniter\Validation\Validation->run()
 7 APPPATH\Controllers\Auth.php(25): CodeIgniter\Controller->validate([...])
 8 SYSTEMPATH\CodeIgniter.php(933): App\Controllers\Auth->processRegister()
 9 SYSTEMPATH\CodeIgniter.php(507): CodeIgniter\CodeIgniter->runController(Object(App\Controllers\Auth))
10 SYSTEMPATH\CodeIgniter.php(354): CodeIgniter\CodeIgniter->handleRequest(null, Object(Config\Cache), false)
11 SYSTEMPATH\Boot.php(334): CodeIgniter\CodeIgniter->run()
12 SYSTEMPATH\Boot.php(67): CodeIgniter\Boot::runCodeIgniter(Object(CodeIgniter\CodeIgniter))
13 FCPATH\index.php(59): CodeIgniter\Boot::bootWeb(Object(Config\Paths))
CRITICAL - 2025-07-14 08:18:13 --> [Caused by] CodeIgniter\Database\Exceptions\DatabaseException: Table 'montecarlo_db.users' doesn't exist
in SYSTEMPATH\Database\MySQLi\Connection.php on line 332.
 1 SYSTEMPATH\Database\BaseConnection.php(738): CodeIgniter\Database\MySQLi\Connection->execute('SELECT 1
FROM `users`
WHERE `username` = \'badri\'
 LIMIT 1')
 2 SYSTEMPATH\Database\BaseConnection.php(652): CodeIgniter\Database\BaseConnection->simpleQuery('SELECT 1
FROM `users`
WHERE `username` = \'badri\'
 LIMIT 1')
 3 SYSTEMPATH\Database\BaseBuilder.php(1649): CodeIgniter\Database\BaseConnection->query('SELECT 1
FROM `users`
WHERE `username` = :username:
 LIMIT 1', [...], false)
 4 SYSTEMPATH\Validation\Rules.php(175): CodeIgniter\Database\BaseBuilder->get()
 5 SYSTEMPATH\Validation\StrictRules\Rules.php(187): CodeIgniter\Validation\Rules->is_unique('badri', 'users.username', [...])
 6 SYSTEMPATH\Validation\Validation.php(336): CodeIgniter\Validation\StrictRules\Rules->is_unique('badri', 'users.username', [...], null, 'username')
 7 SYSTEMPATH\Validation\Validation.php(201): CodeIgniter\Validation\Validation->processRules('username', 'username', 'badri', [...], [...], 'username')
 8 SYSTEMPATH\Controller.php(138): CodeIgniter\Validation\Validation->run()
 9 APPPATH\Controllers\Auth.php(25): CodeIgniter\Controller->validate([...])
10 SYSTEMPATH\CodeIgniter.php(933): App\Controllers\Auth->processRegister()
11 SYSTEMPATH\CodeIgniter.php(507): CodeIgniter\CodeIgniter->runController(Object(App\Controllers\Auth))
12 SYSTEMPATH\CodeIgniter.php(354): CodeIgniter\CodeIgniter->handleRequest(null, Object(Config\Cache), false)
13 SYSTEMPATH\Boot.php(334): CodeIgniter\CodeIgniter->run()
14 SYSTEMPATH\Boot.php(67): CodeIgniter\Boot::runCodeIgniter(Object(CodeIgniter\CodeIgniter))
15 FCPATH\index.php(59): CodeIgniter\Boot::bootWeb(Object(Config\Paths))
CRITICAL - 2025-07-14 08:18:13 --> [Caused by] mysqli_sql_exception: Table 'montecarlo_db.users' doesn't exist
in SYSTEMPATH\Database\MySQLi\Connection.php on line 327.
 1 SYSTEMPATH\Database\MySQLi\Connection.php(327): mysqli->query('SELECT 1
FROM `users`
WHERE `username` = \'badri\'
 LIMIT 1', 0)
 2 SYSTEMPATH\Database\BaseConnection.php(738): CodeIgniter\Database\MySQLi\Connection->execute('SELECT 1
FROM `users`
WHERE `username` = \'badri\'
 LIMIT 1')
 3 SYSTEMPATH\Database\BaseConnection.php(652): CodeIgniter\Database\BaseConnection->simpleQuery('SELECT 1
FROM `users`
WHERE `username` = \'badri\'
 LIMIT 1')
 4 SYSTEMPATH\Database\BaseBuilder.php(1649): CodeIgniter\Database\BaseConnection->query('SELECT 1
FROM `users`
WHERE `username` = :username:
 LIMIT 1', [...], false)
 5 SYSTEMPATH\Validation\Rules.php(175): CodeIgniter\Database\BaseBuilder->get()
 6 SYSTEMPATH\Validation\StrictRules\Rules.php(187): CodeIgniter\Validation\Rules->is_unique('badri', 'users.username', [...])
 7 SYSTEMPATH\Validation\Validation.php(336): CodeIgniter\Validation\StrictRules\Rules->is_unique('badri', 'users.username', [...], null, 'username')
 8 SYSTEMPATH\Validation\Validation.php(201): CodeIgniter\Validation\Validation->processRules('username', 'username', 'badri', [...], [...], 'username')
 9 SYSTEMPATH\Controller.php(138): CodeIgniter\Validation\Validation->run()
10 APPPATH\Controllers\Auth.php(25): CodeIgniter\Controller->validate([...])
11 SYSTEMPATH\CodeIgniter.php(933): App\Controllers\Auth->processRegister()
12 SYSTEMPATH\CodeIgniter.php(507): CodeIgniter\CodeIgniter->runController(Object(App\Controllers\Auth))
13 SYSTEMPATH\CodeIgniter.php(354): CodeIgniter\CodeIgniter->handleRequest(null, Object(Config\Cache), false)
14 SYSTEMPATH\Boot.php(334): CodeIgniter\CodeIgniter->run()
15 SYSTEMPATH\Boot.php(67): CodeIgniter\Boot::runCodeIgniter(Object(CodeIgniter\CodeIgniter))
16 FCPATH\index.php(59): CodeIgniter\Boot::bootWeb(Object(Config\Paths))
ERROR - 2025-07-14 08:18:30 --> mysqli_sql_exception: Table 'montecarlo_db.users' doesn't exist in C:\laragon\www\montecarlo\vendor\codeigniter4\framework\system\Database\MySQLi\Connection.php:327
Stack trace:
#0 C:\laragon\www\montecarlo\vendor\codeigniter4\framework\system\Database\MySQLi\Connection.php(327): mysqli->query('SELECT 1\nFROM `...', 0)
#1 C:\laragon\www\montecarlo\vendor\codeigniter4\framework\system\Database\BaseConnection.php(738): CodeIgniter\Database\MySQLi\Connection->execute('SELECT 1\nFROM `...')
#2 C:\laragon\www\montecarlo\vendor\codeigniter4\framework\system\Database\BaseConnection.php(652): CodeIgniter\Database\BaseConnection->simpleQuery('SELECT 1\nFROM `...')
#3 C:\laragon\www\montecarlo\vendor\codeigniter4\framework\system\Database\BaseBuilder.php(1649): CodeIgniter\Database\BaseConnection->query('SELECT 1\nFROM `...', Array, false)
#4 C:\laragon\www\montecarlo\vendor\codeigniter4\framework\system\Validation\Rules.php(175): CodeIgniter\Database\BaseBuilder->get()
#5 C:\laragon\www\montecarlo\vendor\codeigniter4\framework\system\Validation\StrictRules\Rules.php(187): CodeIgniter\Validation\Rules->is_unique('badri', 'users.username', Array)
#6 C:\laragon\www\montecarlo\vendor\codeigniter4\framework\system\Validation\Validation.php(336): CodeIgniter\Validation\StrictRules\Rules->is_unique('badri', 'users.username', Array, NULL, 'username')
#7 C:\laragon\www\montecarlo\vendor\codeigniter4\framework\system\Validation\Validation.php(201): CodeIgniter\Validation\Validation->processRules('username', 'username', 'badri', Array, Array, 'username')
#8 C:\laragon\www\montecarlo\vendor\codeigniter4\framework\system\Controller.php(138): CodeIgniter\Validation\Validation->run()
#9 C:\laragon\www\montecarlo\app\Controllers\Auth.php(25): CodeIgniter\Controller->validate(Array)
#10 C:\laragon\www\montecarlo\vendor\codeigniter4\framework\system\CodeIgniter.php(933): App\Controllers\Auth->processRegister()
#11 C:\laragon\www\montecarlo\vendor\codeigniter4\framework\system\CodeIgniter.php(507): CodeIgniter\CodeIgniter->runController(Object(App\Controllers\Auth))
#12 C:\laragon\www\montecarlo\vendor\codeigniter4\framework\system\CodeIgniter.php(354): CodeIgniter\CodeIgniter->handleRequest(NULL, Object(Config\Cache), false)
#13 C:\laragon\www\montecarlo\vendor\codeigniter4\framework\system\Boot.php(334): CodeIgniter\CodeIgniter->run()
#14 C:\laragon\www\montecarlo\vendor\codeigniter4\framework\system\Boot.php(67): CodeIgniter\Boot::runCodeIgniter(Object(CodeIgniter\CodeIgniter))
#15 C:\laragon\www\montecarlo\index.php(59): CodeIgniter\Boot::bootWeb(Object(Config\Paths))
#16 {main}
CRITICAL - 2025-07-14 08:18:30 --> CodeIgniter\Database\Exceptions\DatabaseException: Table 'montecarlo_db.users' doesn't exist
[Method: POST, Route: register]
in SYSTEMPATH\Database\BaseConnection.php on line 692.
 1 SYSTEMPATH\Database\BaseBuilder.php(1649): CodeIgniter\Database\BaseConnection->query('SELECT 1
FROM `users`
WHERE `username` = :username:
 LIMIT 1', [...], false)
 2 SYSTEMPATH\Validation\Rules.php(175): CodeIgniter\Database\BaseBuilder->get()
 3 SYSTEMPATH\Validation\StrictRules\Rules.php(187): CodeIgniter\Validation\Rules->is_unique('badri', 'users.username', [...])
 4 SYSTEMPATH\Validation\Validation.php(336): CodeIgniter\Validation\StrictRules\Rules->is_unique('badri', 'users.username', [...], null, 'username')
 5 SYSTEMPATH\Validation\Validation.php(201): CodeIgniter\Validation\Validation->processRules('username', 'username', 'badri', [...], [...], 'username')
 6 SYSTEMPATH\Controller.php(138): CodeIgniter\Validation\Validation->run()
 7 APPPATH\Controllers\Auth.php(25): CodeIgniter\Controller->validate([...])
 8 SYSTEMPATH\CodeIgniter.php(933): App\Controllers\Auth->processRegister()
 9 SYSTEMPATH\CodeIgniter.php(507): CodeIgniter\CodeIgniter->runController(Object(App\Controllers\Auth))
10 SYSTEMPATH\CodeIgniter.php(354): CodeIgniter\CodeIgniter->handleRequest(null, Object(Config\Cache), false)
11 SYSTEMPATH\Boot.php(334): CodeIgniter\CodeIgniter->run()
12 SYSTEMPATH\Boot.php(67): CodeIgniter\Boot::runCodeIgniter(Object(CodeIgniter\CodeIgniter))
13 FCPATH\index.php(59): CodeIgniter\Boot::bootWeb(Object(Config\Paths))
CRITICAL - 2025-07-14 08:18:30 --> [Caused by] CodeIgniter\Database\Exceptions\DatabaseException: Table 'montecarlo_db.users' doesn't exist
in SYSTEMPATH\Database\MySQLi\Connection.php on line 332.
 1 SYSTEMPATH\Database\BaseConnection.php(738): CodeIgniter\Database\MySQLi\Connection->execute('SELECT 1
FROM `users`
WHERE `username` = \'badri\'
 LIMIT 1')
 2 SYSTEMPATH\Database\BaseConnection.php(652): CodeIgniter\Database\BaseConnection->simpleQuery('SELECT 1
FROM `users`
WHERE `username` = \'badri\'
 LIMIT 1')
 3 SYSTEMPATH\Database\BaseBuilder.php(1649): CodeIgniter\Database\BaseConnection->query('SELECT 1
FROM `users`
WHERE `username` = :username:
 LIMIT 1', [...], false)
 4 SYSTEMPATH\Validation\Rules.php(175): CodeIgniter\Database\BaseBuilder->get()
 5 SYSTEMPATH\Validation\StrictRules\Rules.php(187): CodeIgniter\Validation\Rules->is_unique('badri', 'users.username', [...])
 6 SYSTEMPATH\Validation\Validation.php(336): CodeIgniter\Validation\StrictRules\Rules->is_unique('badri', 'users.username', [...], null, 'username')
 7 SYSTEMPATH\Validation\Validation.php(201): CodeIgniter\Validation\Validation->processRules('username', 'username', 'badri', [...], [...], 'username')
 8 SYSTEMPATH\Controller.php(138): CodeIgniter\Validation\Validation->run()
 9 APPPATH\Controllers\Auth.php(25): CodeIgniter\Controller->validate([...])
10 SYSTEMPATH\CodeIgniter.php(933): App\Controllers\Auth->processRegister()
11 SYSTEMPATH\CodeIgniter.php(507): CodeIgniter\CodeIgniter->runController(Object(App\Controllers\Auth))
12 SYSTEMPATH\CodeIgniter.php(354): CodeIgniter\CodeIgniter->handleRequest(null, Object(Config\Cache), false)
13 SYSTEMPATH\Boot.php(334): CodeIgniter\CodeIgniter->run()
14 SYSTEMPATH\Boot.php(67): CodeIgniter\Boot::runCodeIgniter(Object(CodeIgniter\CodeIgniter))
15 FCPATH\index.php(59): CodeIgniter\Boot::bootWeb(Object(Config\Paths))
CRITICAL - 2025-07-14 08:18:30 --> [Caused by] mysqli_sql_exception: Table 'montecarlo_db.users' doesn't exist
in SYSTEMPATH\Database\MySQLi\Connection.php on line 327.
 1 SYSTEMPATH\Database\MySQLi\Connection.php(327): mysqli->query('SELECT 1
FROM `users`
WHERE `username` = \'badri\'
 LIMIT 1', 0)
 2 SYSTEMPATH\Database\BaseConnection.php(738): CodeIgniter\Database\MySQLi\Connection->execute('SELECT 1
FROM `users`
WHERE `username` = \'badri\'
 LIMIT 1')
 3 SYSTEMPATH\Database\BaseConnection.php(652): CodeIgniter\Database\BaseConnection->simpleQuery('SELECT 1
FROM `users`
WHERE `username` = \'badri\'
 LIMIT 1')
 4 SYSTEMPATH\Database\BaseBuilder.php(1649): CodeIgniter\Database\BaseConnection->query('SELECT 1
FROM `users`
WHERE `username` = :username:
 LIMIT 1', [...], false)
 5 SYSTEMPATH\Validation\Rules.php(175): CodeIgniter\Database\BaseBuilder->get()
 6 SYSTEMPATH\Validation\StrictRules\Rules.php(187): CodeIgniter\Validation\Rules->is_unique('badri', 'users.username', [...])
 7 SYSTEMPATH\Validation\Validation.php(336): CodeIgniter\Validation\StrictRules\Rules->is_unique('badri', 'users.username', [...], null, 'username')
 8 SYSTEMPATH\Validation\Validation.php(201): CodeIgniter\Validation\Validation->processRules('username', 'username', 'badri', [...], [...], 'username')
 9 SYSTEMPATH\Controller.php(138): CodeIgniter\Validation\Validation->run()
10 APPPATH\Controllers\Auth.php(25): CodeIgniter\Controller->validate([...])
11 SYSTEMPATH\CodeIgniter.php(933): App\Controllers\Auth->processRegister()
12 SYSTEMPATH\CodeIgniter.php(507): CodeIgniter\CodeIgniter->runController(Object(App\Controllers\Auth))
13 SYSTEMPATH\CodeIgniter.php(354): CodeIgniter\CodeIgniter->handleRequest(null, Object(Config\Cache), false)
14 SYSTEMPATH\Boot.php(334): CodeIgniter\CodeIgniter->run()
15 SYSTEMPATH\Boot.php(67): CodeIgniter\Boot::runCodeIgniter(Object(CodeIgniter\CodeIgniter))
16 FCPATH\index.php(59): CodeIgniter\Boot::bootWeb(Object(Config\Paths))
ERROR - 2025-07-14 08:20:32 --> mysqli_sql_exception: Table 'montecarlo_db.users' doesn't exist in C:\laragon\www\montecarlo\vendor\codeigniter4\framework\system\Database\MySQLi\Connection.php:327
Stack trace:
#0 C:\laragon\www\montecarlo\vendor\codeigniter4\framework\system\Database\MySQLi\Connection.php(327): mysqli->query('SELECT 1\nFROM `...', 0)
#1 C:\laragon\www\montecarlo\vendor\codeigniter4\framework\system\Database\BaseConnection.php(738): CodeIgniter\Database\MySQLi\Connection->execute('SELECT 1\nFROM `...')
#2 C:\laragon\www\montecarlo\vendor\codeigniter4\framework\system\Database\BaseConnection.php(652): CodeIgniter\Database\BaseConnection->simpleQuery('SELECT 1\nFROM `...')
#3 C:\laragon\www\montecarlo\vendor\codeigniter4\framework\system\Database\BaseBuilder.php(1649): CodeIgniter\Database\BaseConnection->query('SELECT 1\nFROM `...', Array, false)
#4 C:\laragon\www\montecarlo\vendor\codeigniter4\framework\system\Validation\Rules.php(175): CodeIgniter\Database\BaseBuilder->get()
#5 C:\laragon\www\montecarlo\vendor\codeigniter4\framework\system\Validation\StrictRules\Rules.php(187): CodeIgniter\Validation\Rules->is_unique('badri', 'users.username', Array)
#6 C:\laragon\www\montecarlo\vendor\codeigniter4\framework\system\Validation\Validation.php(336): CodeIgniter\Validation\StrictRules\Rules->is_unique('badri', 'users.username', Array, NULL, 'username')
#7 C:\laragon\www\montecarlo\vendor\codeigniter4\framework\system\Validation\Validation.php(201): CodeIgniter\Validation\Validation->processRules('username', 'username', 'badri', Array, Array, 'username')
#8 C:\laragon\www\montecarlo\vendor\codeigniter4\framework\system\Controller.php(138): CodeIgniter\Validation\Validation->run()
#9 C:\laragon\www\montecarlo\app\Controllers\Auth.php(25): CodeIgniter\Controller->validate(Array)
#10 C:\laragon\www\montecarlo\vendor\codeigniter4\framework\system\CodeIgniter.php(933): App\Controllers\Auth->processRegister()
#11 C:\laragon\www\montecarlo\vendor\codeigniter4\framework\system\CodeIgniter.php(507): CodeIgniter\CodeIgniter->runController(Object(App\Controllers\Auth))
#12 C:\laragon\www\montecarlo\vendor\codeigniter4\framework\system\CodeIgniter.php(354): CodeIgniter\CodeIgniter->handleRequest(NULL, Object(Config\Cache), false)
#13 C:\laragon\www\montecarlo\vendor\codeigniter4\framework\system\Boot.php(334): CodeIgniter\CodeIgniter->run()
#14 C:\laragon\www\montecarlo\vendor\codeigniter4\framework\system\Boot.php(67): CodeIgniter\Boot::runCodeIgniter(Object(CodeIgniter\CodeIgniter))
#15 C:\laragon\www\montecarlo\index.php(59): CodeIgniter\Boot::bootWeb(Object(Config\Paths))
#16 {main}
CRITICAL - 2025-07-14 08:20:32 --> CodeIgniter\Database\Exceptions\DatabaseException: Table 'montecarlo_db.users' doesn't exist
[Method: POST, Route: register]
in SYSTEMPATH\Database\BaseConnection.php on line 692.
 1 SYSTEMPATH\Database\BaseBuilder.php(1649): CodeIgniter\Database\BaseConnection->query('SELECT 1
FROM `users`
WHERE `username` = :username:
 LIMIT 1', [...], false)
 2 SYSTEMPATH\Validation\Rules.php(175): CodeIgniter\Database\BaseBuilder->get()
 3 SYSTEMPATH\Validation\StrictRules\Rules.php(187): CodeIgniter\Validation\Rules->is_unique('badri', 'users.username', [...])
 4 SYSTEMPATH\Validation\Validation.php(336): CodeIgniter\Validation\StrictRules\Rules->is_unique('badri', 'users.username', [...], null, 'username')
 5 SYSTEMPATH\Validation\Validation.php(201): CodeIgniter\Validation\Validation->processRules('username', 'username', 'badri', [...], [...], 'username')
 6 SYSTEMPATH\Controller.php(138): CodeIgniter\Validation\Validation->run()
 7 APPPATH\Controllers\Auth.php(25): CodeIgniter\Controller->validate([...])
 8 SYSTEMPATH\CodeIgniter.php(933): App\Controllers\Auth->processRegister()
 9 SYSTEMPATH\CodeIgniter.php(507): CodeIgniter\CodeIgniter->runController(Object(App\Controllers\Auth))
10 SYSTEMPATH\CodeIgniter.php(354): CodeIgniter\CodeIgniter->handleRequest(null, Object(Config\Cache), false)
11 SYSTEMPATH\Boot.php(334): CodeIgniter\CodeIgniter->run()
12 SYSTEMPATH\Boot.php(67): CodeIgniter\Boot::runCodeIgniter(Object(CodeIgniter\CodeIgniter))
13 FCPATH\index.php(59): CodeIgniter\Boot::bootWeb(Object(Config\Paths))
CRITICAL - 2025-07-14 08:20:32 --> [Caused by] CodeIgniter\Database\Exceptions\DatabaseException: Table 'montecarlo_db.users' doesn't exist
in SYSTEMPATH\Database\MySQLi\Connection.php on line 332.
 1 SYSTEMPATH\Database\BaseConnection.php(738): CodeIgniter\Database\MySQLi\Connection->execute('SELECT 1
FROM `users`
WHERE `username` = \'badri\'
 LIMIT 1')
 2 SYSTEMPATH\Database\BaseConnection.php(652): CodeIgniter\Database\BaseConnection->simpleQuery('SELECT 1
FROM `users`
WHERE `username` = \'badri\'
 LIMIT 1')
 3 SYSTEMPATH\Database\BaseBuilder.php(1649): CodeIgniter\Database\BaseConnection->query('SELECT 1
FROM `users`
WHERE `username` = :username:
 LIMIT 1', [...], false)
 4 SYSTEMPATH\Validation\Rules.php(175): CodeIgniter\Database\BaseBuilder->get()
 5 SYSTEMPATH\Validation\StrictRules\Rules.php(187): CodeIgniter\Validation\Rules->is_unique('badri', 'users.username', [...])
 6 SYSTEMPATH\Validation\Validation.php(336): CodeIgniter\Validation\StrictRules\Rules->is_unique('badri', 'users.username', [...], null, 'username')
 7 SYSTEMPATH\Validation\Validation.php(201): CodeIgniter\Validation\Validation->processRules('username', 'username', 'badri', [...], [...], 'username')
 8 SYSTEMPATH\Controller.php(138): CodeIgniter\Validation\Validation->run()
 9 APPPATH\Controllers\Auth.php(25): CodeIgniter\Controller->validate([...])
10 SYSTEMPATH\CodeIgniter.php(933): App\Controllers\Auth->processRegister()
11 SYSTEMPATH\CodeIgniter.php(507): CodeIgniter\CodeIgniter->runController(Object(App\Controllers\Auth))
12 SYSTEMPATH\CodeIgniter.php(354): CodeIgniter\CodeIgniter->handleRequest(null, Object(Config\Cache), false)
13 SYSTEMPATH\Boot.php(334): CodeIgniter\CodeIgniter->run()
14 SYSTEMPATH\Boot.php(67): CodeIgniter\Boot::runCodeIgniter(Object(CodeIgniter\CodeIgniter))
15 FCPATH\index.php(59): CodeIgniter\Boot::bootWeb(Object(Config\Paths))
CRITICAL - 2025-07-14 08:20:32 --> [Caused by] mysqli_sql_exception: Table 'montecarlo_db.users' doesn't exist
in SYSTEMPATH\Database\MySQLi\Connection.php on line 327.
 1 SYSTEMPATH\Database\MySQLi\Connection.php(327): mysqli->query('SELECT 1
FROM `users`
WHERE `username` = \'badri\'
 LIMIT 1', 0)
 2 SYSTEMPATH\Database\BaseConnection.php(738): CodeIgniter\Database\MySQLi\Connection->execute('SELECT 1
FROM `users`
WHERE `username` = \'badri\'
 LIMIT 1')
 3 SYSTEMPATH\Database\BaseConnection.php(652): CodeIgniter\Database\BaseConnection->simpleQuery('SELECT 1
FROM `users`
WHERE `username` = \'badri\'
 LIMIT 1')
 4 SYSTEMPATH\Database\BaseBuilder.php(1649): CodeIgniter\Database\BaseConnection->query('SELECT 1
FROM `users`
WHERE `username` = :username:
 LIMIT 1', [...], false)
 5 SYSTEMPATH\Validation\Rules.php(175): CodeIgniter\Database\BaseBuilder->get()
 6 SYSTEMPATH\Validation\StrictRules\Rules.php(187): CodeIgniter\Validation\Rules->is_unique('badri', 'users.username', [...])
 7 SYSTEMPATH\Validation\Validation.php(336): CodeIgniter\Validation\StrictRules\Rules->is_unique('badri', 'users.username', [...], null, 'username')
 8 SYSTEMPATH\Validation\Validation.php(201): CodeIgniter\Validation\Validation->processRules('username', 'username', 'badri', [...], [...], 'username')
 9 SYSTEMPATH\Controller.php(138): CodeIgniter\Validation\Validation->run()
10 APPPATH\Controllers\Auth.php(25): CodeIgniter\Controller->validate([...])
11 SYSTEMPATH\CodeIgniter.php(933): App\Controllers\Auth->processRegister()
12 SYSTEMPATH\CodeIgniter.php(507): CodeIgniter\CodeIgniter->runController(Object(App\Controllers\Auth))
13 SYSTEMPATH\CodeIgniter.php(354): CodeIgniter\CodeIgniter->handleRequest(null, Object(Config\Cache), false)
14 SYSTEMPATH\Boot.php(334): CodeIgniter\CodeIgniter->run()
15 SYSTEMPATH\Boot.php(67): CodeIgniter\Boot::runCodeIgniter(Object(CodeIgniter\CodeIgniter))
16 FCPATH\index.php(59): CodeIgniter\Boot::bootWeb(Object(Config\Paths))
ERROR - 2025-07-14 08:21:20 --> mysqli_sql_exception: Table 'montecarlo_db.users' doesn't exist in C:\laragon\www\montecarlo\vendor\codeigniter4\framework\system\Database\MySQLi\Connection.php:327
Stack trace:
#0 C:\laragon\www\montecarlo\vendor\codeigniter4\framework\system\Database\MySQLi\Connection.php(327): mysqli->query('SELECT 1\nFROM `...', 0)
#1 C:\laragon\www\montecarlo\vendor\codeigniter4\framework\system\Database\BaseConnection.php(738): CodeIgniter\Database\MySQLi\Connection->execute('SELECT 1\nFROM `...')
#2 C:\laragon\www\montecarlo\vendor\codeigniter4\framework\system\Database\BaseConnection.php(652): CodeIgniter\Database\BaseConnection->simpleQuery('SELECT 1\nFROM `...')
#3 C:\laragon\www\montecarlo\vendor\codeigniter4\framework\system\Database\BaseBuilder.php(1649): CodeIgniter\Database\BaseConnection->query('SELECT 1\nFROM `...', Array, false)
#4 C:\laragon\www\montecarlo\vendor\codeigniter4\framework\system\Validation\Rules.php(175): CodeIgniter\Database\BaseBuilder->get()
#5 C:\laragon\www\montecarlo\vendor\codeigniter4\framework\system\Validation\StrictRules\Rules.php(187): CodeIgniter\Validation\Rules->is_unique('badri', 'users.username', Array)
#6 C:\laragon\www\montecarlo\vendor\codeigniter4\framework\system\Validation\Validation.php(336): CodeIgniter\Validation\StrictRules\Rules->is_unique('badri', 'users.username', Array, NULL, 'username')
#7 C:\laragon\www\montecarlo\vendor\codeigniter4\framework\system\Validation\Validation.php(201): CodeIgniter\Validation\Validation->processRules('username', 'username', 'badri', Array, Array, 'username')
#8 C:\laragon\www\montecarlo\vendor\codeigniter4\framework\system\Controller.php(138): CodeIgniter\Validation\Validation->run()
#9 C:\laragon\www\montecarlo\app\Controllers\Auth.php(25): CodeIgniter\Controller->validate(Array)
#10 C:\laragon\www\montecarlo\vendor\codeigniter4\framework\system\CodeIgniter.php(933): App\Controllers\Auth->processRegister()
#11 C:\laragon\www\montecarlo\vendor\codeigniter4\framework\system\CodeIgniter.php(507): CodeIgniter\CodeIgniter->runController(Object(App\Controllers\Auth))
#12 C:\laragon\www\montecarlo\vendor\codeigniter4\framework\system\CodeIgniter.php(354): CodeIgniter\CodeIgniter->handleRequest(NULL, Object(Config\Cache), false)
#13 C:\laragon\www\montecarlo\vendor\codeigniter4\framework\system\Boot.php(334): CodeIgniter\CodeIgniter->run()
#14 C:\laragon\www\montecarlo\vendor\codeigniter4\framework\system\Boot.php(67): CodeIgniter\Boot::runCodeIgniter(Object(CodeIgniter\CodeIgniter))
#15 C:\laragon\www\montecarlo\index.php(59): CodeIgniter\Boot::bootWeb(Object(Config\Paths))
#16 {main}
CRITICAL - 2025-07-14 08:21:20 --> CodeIgniter\Database\Exceptions\DatabaseException: Table 'montecarlo_db.users' doesn't exist
[Method: POST, Route: register]
in SYSTEMPATH\Database\BaseConnection.php on line 692.
 1 SYSTEMPATH\Database\BaseBuilder.php(1649): CodeIgniter\Database\BaseConnection->query('SELECT 1
FROM `users`
WHERE `username` = :username:
 LIMIT 1', [...], false)
 2 SYSTEMPATH\Validation\Rules.php(175): CodeIgniter\Database\BaseBuilder->get()
 3 SYSTEMPATH\Validation\StrictRules\Rules.php(187): CodeIgniter\Validation\Rules->is_unique('badri', 'users.username', [...])
 4 SYSTEMPATH\Validation\Validation.php(336): CodeIgniter\Validation\StrictRules\Rules->is_unique('badri', 'users.username', [...], null, 'username')
 5 SYSTEMPATH\Validation\Validation.php(201): CodeIgniter\Validation\Validation->processRules('username', 'username', 'badri', [...], [...], 'username')
 6 SYSTEMPATH\Controller.php(138): CodeIgniter\Validation\Validation->run()
 7 APPPATH\Controllers\Auth.php(25): CodeIgniter\Controller->validate([...])
 8 SYSTEMPATH\CodeIgniter.php(933): App\Controllers\Auth->processRegister()
 9 SYSTEMPATH\CodeIgniter.php(507): CodeIgniter\CodeIgniter->runController(Object(App\Controllers\Auth))
10 SYSTEMPATH\CodeIgniter.php(354): CodeIgniter\CodeIgniter->handleRequest(null, Object(Config\Cache), false)
11 SYSTEMPATH\Boot.php(334): CodeIgniter\CodeIgniter->run()
12 SYSTEMPATH\Boot.php(67): CodeIgniter\Boot::runCodeIgniter(Object(CodeIgniter\CodeIgniter))
13 FCPATH\index.php(59): CodeIgniter\Boot::bootWeb(Object(Config\Paths))
CRITICAL - 2025-07-14 08:21:20 --> [Caused by] CodeIgniter\Database\Exceptions\DatabaseException: Table 'montecarlo_db.users' doesn't exist
in SYSTEMPATH\Database\MySQLi\Connection.php on line 332.
 1 SYSTEMPATH\Database\BaseConnection.php(738): CodeIgniter\Database\MySQLi\Connection->execute('SELECT 1
FROM `users`
WHERE `username` = \'badri\'
 LIMIT 1')
 2 SYSTEMPATH\Database\BaseConnection.php(652): CodeIgniter\Database\BaseConnection->simpleQuery('SELECT 1
FROM `users`
WHERE `username` = \'badri\'
 LIMIT 1')
 3 SYSTEMPATH\Database\BaseBuilder.php(1649): CodeIgniter\Database\BaseConnection->query('SELECT 1
FROM `users`
WHERE `username` = :username:
 LIMIT 1', [...], false)
 4 SYSTEMPATH\Validation\Rules.php(175): CodeIgniter\Database\BaseBuilder->get()
 5 SYSTEMPATH\Validation\StrictRules\Rules.php(187): CodeIgniter\Validation\Rules->is_unique('badri', 'users.username', [...])
 6 SYSTEMPATH\Validation\Validation.php(336): CodeIgniter\Validation\StrictRules\Rules->is_unique('badri', 'users.username', [...], null, 'username')
 7 SYSTEMPATH\Validation\Validation.php(201): CodeIgniter\Validation\Validation->processRules('username', 'username', 'badri', [...], [...], 'username')
 8 SYSTEMPATH\Controller.php(138): CodeIgniter\Validation\Validation->run()
 9 APPPATH\Controllers\Auth.php(25): CodeIgniter\Controller->validate([...])
10 SYSTEMPATH\CodeIgniter.php(933): App\Controllers\Auth->processRegister()
11 SYSTEMPATH\CodeIgniter.php(507): CodeIgniter\CodeIgniter->runController(Object(App\Controllers\Auth))
12 SYSTEMPATH\CodeIgniter.php(354): CodeIgniter\CodeIgniter->handleRequest(null, Object(Config\Cache), false)
13 SYSTEMPATH\Boot.php(334): CodeIgniter\CodeIgniter->run()
14 SYSTEMPATH\Boot.php(67): CodeIgniter\Boot::runCodeIgniter(Object(CodeIgniter\CodeIgniter))
15 FCPATH\index.php(59): CodeIgniter\Boot::bootWeb(Object(Config\Paths))
CRITICAL - 2025-07-14 08:21:20 --> [Caused by] mysqli_sql_exception: Table 'montecarlo_db.users' doesn't exist
in SYSTEMPATH\Database\MySQLi\Connection.php on line 327.
 1 SYSTEMPATH\Database\MySQLi\Connection.php(327): mysqli->query('SELECT 1
FROM `users`
WHERE `username` = \'badri\'
 LIMIT 1', 0)
 2 SYSTEMPATH\Database\BaseConnection.php(738): CodeIgniter\Database\MySQLi\Connection->execute('SELECT 1
FROM `users`
WHERE `username` = \'badri\'
 LIMIT 1')
 3 SYSTEMPATH\Database\BaseConnection.php(652): CodeIgniter\Database\BaseConnection->simpleQuery('SELECT 1
FROM `users`
WHERE `username` = \'badri\'
 LIMIT 1')
 4 SYSTEMPATH\Database\BaseBuilder.php(1649): CodeIgniter\Database\BaseConnection->query('SELECT 1
FROM `users`
WHERE `username` = :username:
 LIMIT 1', [...], false)
 5 SYSTEMPATH\Validation\Rules.php(175): CodeIgniter\Database\BaseBuilder->get()
 6 SYSTEMPATH\Validation\StrictRules\Rules.php(187): CodeIgniter\Validation\Rules->is_unique('badri', 'users.username', [...])
 7 SYSTEMPATH\Validation\Validation.php(336): CodeIgniter\Validation\StrictRules\Rules->is_unique('badri', 'users.username', [...], null, 'username')
 8 SYSTEMPATH\Validation\Validation.php(201): CodeIgniter\Validation\Validation->processRules('username', 'username', 'badri', [...], [...], 'username')
 9 SYSTEMPATH\Controller.php(138): CodeIgniter\Validation\Validation->run()
10 APPPATH\Controllers\Auth.php(25): CodeIgniter\Controller->validate([...])
11 SYSTEMPATH\CodeIgniter.php(933): App\Controllers\Auth->processRegister()
12 SYSTEMPATH\CodeIgniter.php(507): CodeIgniter\CodeIgniter->runController(Object(App\Controllers\Auth))
13 SYSTEMPATH\CodeIgniter.php(354): CodeIgniter\CodeIgniter->handleRequest(null, Object(Config\Cache), false)
14 SYSTEMPATH\Boot.php(334): CodeIgniter\CodeIgniter->run()
15 SYSTEMPATH\Boot.php(67): CodeIgniter\Boot::runCodeIgniter(Object(CodeIgniter\CodeIgniter))
16 FCPATH\index.php(59): CodeIgniter\Boot::bootWeb(Object(Config\Paths))
CRITICAL - 2025-07-14 08:22:03 --> CodeIgniter\Filters\Exceptions\FilterException: "auth" filter must have a matching alias defined.
[Method: GET, Route: dashboard]
in SYSTEMPATH\Filters\Filters.php on line 590.
 1 SYSTEMPATH\Filters\Filters.php(590): CodeIgniter\Filters\Exceptions\FilterException::forNoAlias('auth')
 2 SYSTEMPATH\Filters\Filters.php(641): CodeIgniter\Filters\Filters->enableFilter('auth', 'before')
 3 SYSTEMPATH\CodeIgniter.php(467): CodeIgniter\Filters\Filters->enableFilters([...], 'before')
 4 SYSTEMPATH\CodeIgniter.php(354): CodeIgniter\CodeIgniter->handleRequest(null, Object(Config\Cache), false)
 5 SYSTEMPATH\Boot.php(334): CodeIgniter\CodeIgniter->run()
 6 SYSTEMPATH\Boot.php(67): CodeIgniter\Boot::runCodeIgniter(Object(CodeIgniter\CodeIgniter))
 7 FCPATH\index.php(59): CodeIgniter\Boot::bootWeb(Object(Config\Paths))
CRITICAL - 2025-07-14 08:22:32 --> CodeIgniter\Filters\Exceptions\FilterException: "auth" filter must have a matching alias defined.
[Method: GET, Route: dashboard]
in SYSTEMPATH\Filters\Filters.php on line 590.
 1 SYSTEMPATH\Filters\Filters.php(590): CodeIgniter\Filters\Exceptions\FilterException::forNoAlias('auth')
 2 SYSTEMPATH\Filters\Filters.php(641): CodeIgniter\Filters\Filters->enableFilter('auth', 'before')
 3 SYSTEMPATH\CodeIgniter.php(467): CodeIgniter\Filters\Filters->enableFilters([...], 'before')
 4 SYSTEMPATH\CodeIgniter.php(354): CodeIgniter\CodeIgniter->handleRequest(null, Object(Config\Cache), false)
 5 SYSTEMPATH\Boot.php(334): CodeIgniter\CodeIgniter->run()
 6 SYSTEMPATH\Boot.php(67): CodeIgniter\Boot::runCodeIgniter(Object(CodeIgniter\CodeIgniter))
 7 FCPATH\index.php(59): CodeIgniter\Boot::bootWeb(Object(Config\Paths))
CRITICAL - 2025-07-14 08:22:33 --> CodeIgniter\Filters\Exceptions\FilterException: "auth" filter must have a matching alias defined.
[Method: GET, Route: dashboard]
in SYSTEMPATH\Filters\Filters.php on line 590.
 1 SYSTEMPATH\Filters\Filters.php(590): CodeIgniter\Filters\Exceptions\FilterException::forNoAlias('auth')
 2 SYSTEMPATH\Filters\Filters.php(641): CodeIgniter\Filters\Filters->enableFilter('auth', 'before')
 3 SYSTEMPATH\CodeIgniter.php(467): CodeIgniter\Filters\Filters->enableFilters([...], 'before')
 4 SYSTEMPATH\CodeIgniter.php(354): CodeIgniter\CodeIgniter->handleRequest(null, Object(Config\Cache), false)
 5 SYSTEMPATH\Boot.php(334): CodeIgniter\CodeIgniter->run()
 6 SYSTEMPATH\Boot.php(67): CodeIgniter\Boot::runCodeIgniter(Object(CodeIgniter\CodeIgniter))
 7 FCPATH\index.php(59): CodeIgniter\Boot::bootWeb(Object(Config\Paths))
CRITICAL - 2025-07-14 08:35:50 --> ArgumentCountError: Too few arguments to function App\Models\LoginModel::cekLogin(), 1 passed in C:\laragon\www\montecarlo\app\Controllers\Auth.php on line 28 and exactly 2 expected
[Method: POST, Route: login]
in APPPATH\Models\LoginModel.php on line 13.
 1 APPPATH\Controllers\Auth.php(28): App\Models\LoginModel->cekLogin('admin')
 2 SYSTEMPATH\CodeIgniter.php(933): App\Controllers\Auth->login()
 3 SYSTEMPATH\CodeIgniter.php(507): CodeIgniter\CodeIgniter->runController(Object(App\Controllers\Auth))
 4 SYSTEMPATH\CodeIgniter.php(354): CodeIgniter\CodeIgniter->handleRequest(null, Object(Config\Cache), false)
 5 SYSTEMPATH\Boot.php(334): CodeIgniter\CodeIgniter->run()
 6 SYSTEMPATH\Boot.php(67): CodeIgniter\Boot::runCodeIgniter(Object(CodeIgniter\CodeIgniter))
 7 FCPATH\index.php(59): CodeIgniter\Boot::bootWeb(Object(Config\Paths))
CRITICAL - 2025-07-14 08:36:03 --> ArgumentCountError: Too few arguments to function App\Models\LoginModel::cekLogin(), 1 passed in C:\laragon\www\montecarlo\app\Controllers\Auth.php on line 28 and exactly 2 expected
[Method: POST, Route: login]
in APPPATH\Models\LoginModel.php on line 13.
 1 APPPATH\Controllers\Auth.php(28): App\Models\LoginModel->cekLogin('admin')
 2 SYSTEMPATH\CodeIgniter.php(933): App\Controllers\Auth->login()
 3 SYSTEMPATH\CodeIgniter.php(507): CodeIgniter\CodeIgniter->runController(Object(App\Controllers\Auth))
 4 SYSTEMPATH\CodeIgniter.php(354): CodeIgniter\CodeIgniter->handleRequest(null, Object(Config\Cache), false)
 5 SYSTEMPATH\Boot.php(334): CodeIgniter\CodeIgniter->run()
 6 SYSTEMPATH\Boot.php(67): CodeIgniter\Boot::runCodeIgniter(Object(CodeIgniter\CodeIgniter))
 7 FCPATH\index.php(59): CodeIgniter\Boot::bootWeb(Object(Config\Paths))
CRITICAL - 2025-07-14 08:36:08 --> ArgumentCountError: Too few arguments to function App\Models\LoginModel::cekLogin(), 1 passed in C:\laragon\www\montecarlo\app\Controllers\Auth.php on line 28 and exactly 2 expected
[Method: POST, Route: login]
in APPPATH\Models\LoginModel.php on line 13.
 1 APPPATH\Controllers\Auth.php(28): App\Models\LoginModel->cekLogin('admin')
 2 SYSTEMPATH\CodeIgniter.php(933): App\Controllers\Auth->login()
 3 SYSTEMPATH\CodeIgniter.php(507): CodeIgniter\CodeIgniter->runController(Object(App\Controllers\Auth))
 4 SYSTEMPATH\CodeIgniter.php(354): CodeIgniter\CodeIgniter->handleRequest(null, Object(Config\Cache), false)
 5 SYSTEMPATH\Boot.php(334): CodeIgniter\CodeIgniter->run()
 6 SYSTEMPATH\Boot.php(67): CodeIgniter\Boot::runCodeIgniter(Object(CodeIgniter\CodeIgniter))
 7 FCPATH\index.php(59): CodeIgniter\Boot::bootWeb(Object(Config\Paths))
CRITICAL - 2025-07-14 08:37:55 --> CodeIgniter\Exceptions\BadMethodCallException: Call to undefined method App\Models\LoginModel::cekLogin
[Method: POST, Route: login]
in SYSTEMPATH\Model.php on line 930.
 1 APPPATH\Controllers\Auth.php(28): CodeIgniter\Model->__call('cekLogin', [...])
 2 SYSTEMPATH\CodeIgniter.php(933): App\Controllers\Auth->login()
 3 SYSTEMPATH\CodeIgniter.php(507): CodeIgniter\CodeIgniter->runController(Object(App\Controllers\Auth))
 4 SYSTEMPATH\CodeIgniter.php(354): CodeIgniter\CodeIgniter->handleRequest(null, Object(Config\Cache), false)
 5 SYSTEMPATH\Boot.php(334): CodeIgniter\CodeIgniter->run()
 6 SYSTEMPATH\Boot.php(67): CodeIgniter\Boot::runCodeIgniter(Object(CodeIgniter\CodeIgniter))
 7 FCPATH\index.php(59): CodeIgniter\Boot::bootWeb(Object(Config\Paths))
CRITICAL - 2025-07-14 08:38:01 --> CodeIgniter\Exceptions\BadMethodCallException: Call to undefined method App\Models\LoginModel::cekLogin
[Method: POST, Route: login]
in SYSTEMPATH\Model.php on line 930.
 1 APPPATH\Controllers\Auth.php(28): CodeIgniter\Model->__call('cekLogin', [...])
 2 SYSTEMPATH\CodeIgniter.php(933): App\Controllers\Auth->login()
 3 SYSTEMPATH\CodeIgniter.php(507): CodeIgniter\CodeIgniter->runController(Object(App\Controllers\Auth))
 4 SYSTEMPATH\CodeIgniter.php(354): CodeIgniter\CodeIgniter->handleRequest(null, Object(Config\Cache), false)
 5 SYSTEMPATH\Boot.php(334): CodeIgniter\CodeIgniter->run()
 6 SYSTEMPATH\Boot.php(67): CodeIgniter\Boot::runCodeIgniter(Object(CodeIgniter\CodeIgniter))
 7 FCPATH\index.php(59): CodeIgniter\Boot::bootWeb(Object(Config\Paths))
CRITICAL - 2025-07-14 08:39:19 --> CodeIgniter\Exceptions\BadMethodCallException: Call to undefined method App\Models\LoginModel::cekLogin
[Method: POST, Route: login]
in SYSTEMPATH\Model.php on line 930.
 1 APPPATH\Controllers\Auth.php(28): CodeIgniter\Model->__call('cekLogin', [...])
 2 SYSTEMPATH\CodeIgniter.php(933): App\Controllers\Auth->login()
 3 SYSTEMPATH\CodeIgniter.php(507): CodeIgniter\CodeIgniter->runController(Object(App\Controllers\Auth))
 4 SYSTEMPATH\CodeIgniter.php(354): CodeIgniter\CodeIgniter->handleRequest(null, Object(Config\Cache), false)
 5 SYSTEMPATH\Boot.php(334): CodeIgniter\CodeIgniter->run()
 6 SYSTEMPATH\Boot.php(67): CodeIgniter\Boot::runCodeIgniter(Object(CodeIgniter\CodeIgniter))
 7 FCPATH\index.php(59): CodeIgniter\Boot::bootWeb(Object(Config\Paths))
CRITICAL - 2025-07-14 08:40:51 --> CodeIgniter\Exceptions\BadMethodCallException: Call to undefined method App\Models\LoginModel::cekLogin
[Method: POST, Route: login]
in SYSTEMPATH\Model.php on line 930.
 1 APPPATH\Controllers\Auth.php(28): CodeIgniter\Model->__call('cekLogin', [...])
 2 SYSTEMPATH\CodeIgniter.php(933): App\Controllers\Auth->login()
 3 SYSTEMPATH\CodeIgniter.php(507): CodeIgniter\CodeIgniter->runController(Object(App\Controllers\Auth))
 4 SYSTEMPATH\CodeIgniter.php(354): CodeIgniter\CodeIgniter->handleRequest(null, Object(Config\Cache), false)
 5 SYSTEMPATH\Boot.php(334): CodeIgniter\CodeIgniter->run()
 6 SYSTEMPATH\Boot.php(67): CodeIgniter\Boot::runCodeIgniter(Object(CodeIgniter\CodeIgniter))
 7 FCPATH\index.php(59): CodeIgniter\Boot::bootWeb(Object(Config\Paths))
CRITICAL - 2025-07-14 08:41:10 --> CodeIgniter\Exceptions\BadMethodCallException: Call to undefined method App\Models\LoginModel::cekLogin
[Method: POST, Route: login]
in SYSTEMPATH\Model.php on line 930.
 1 APPPATH\Controllers\Auth.php(28): CodeIgniter\Model->__call('cekLogin', [...])
 2 SYSTEMPATH\CodeIgniter.php(933): App\Controllers\Auth->login()
 3 SYSTEMPATH\CodeIgniter.php(507): CodeIgniter\CodeIgniter->runController(Object(App\Controllers\Auth))
 4 SYSTEMPATH\CodeIgniter.php(354): CodeIgniter\CodeIgniter->handleRequest(null, Object(Config\Cache), false)
 5 SYSTEMPATH\Boot.php(334): CodeIgniter\CodeIgniter->run()
 6 SYSTEMPATH\Boot.php(67): CodeIgniter\Boot::runCodeIgniter(Object(CodeIgniter\CodeIgniter))
 7 FCPATH\index.php(59): CodeIgniter\Boot::bootWeb(Object(Config\Paths))
CRITICAL - 2025-07-14 08:41:12 --> CodeIgniter\Exceptions\BadMethodCallException: Call to undefined method App\Models\LoginModel::cekLogin
[Method: POST, Route: login]
in SYSTEMPATH\Model.php on line 930.
 1 APPPATH\Controllers\Auth.php(28): CodeIgniter\Model->__call('cekLogin', [...])
 2 SYSTEMPATH\CodeIgniter.php(933): App\Controllers\Auth->login()
 3 SYSTEMPATH\CodeIgniter.php(507): CodeIgniter\CodeIgniter->runController(Object(App\Controllers\Auth))
 4 SYSTEMPATH\CodeIgniter.php(354): CodeIgniter\CodeIgniter->handleRequest(null, Object(Config\Cache), false)
 5 SYSTEMPATH\Boot.php(334): CodeIgniter\CodeIgniter->run()
 6 SYSTEMPATH\Boot.php(67): CodeIgniter\Boot::runCodeIgniter(Object(CodeIgniter\CodeIgniter))
 7 FCPATH\index.php(59): CodeIgniter\Boot::bootWeb(Object(Config\Paths))
ERROR - 2025-07-14 08:42:04 --> mysqli_sql_exception: Table 'montecarlo_db.users' doesn't exist in C:\laragon\www\montecarlo\vendor\codeigniter4\framework\system\Database\MySQLi\Connection.php:327
Stack trace:
#0 C:\laragon\www\montecarlo\vendor\codeigniter4\framework\system\Database\MySQLi\Connection.php(327): mysqli->query('SELECT *\nFROM `...', 0)
#1 C:\laragon\www\montecarlo\vendor\codeigniter4\framework\system\Database\BaseConnection.php(738): CodeIgniter\Database\MySQLi\Connection->execute('SELECT *\nFROM `...')
#2 C:\laragon\www\montecarlo\vendor\codeigniter4\framework\system\Database\BaseConnection.php(652): CodeIgniter\Database\BaseConnection->simpleQuery('SELECT *\nFROM `...')
#3 C:\laragon\www\montecarlo\vendor\codeigniter4\framework\system\Database\BaseBuilder.php(1649): CodeIgniter\Database\BaseConnection->query('SELECT *\nFROM `...', Array, false)
#4 C:\laragon\www\montecarlo\vendor\codeigniter4\framework\system\Model.php(330): CodeIgniter\Database\BaseBuilder->get()
#5 C:\laragon\www\montecarlo\vendor\codeigniter4\framework\system\BaseModel.php(717): CodeIgniter\Model->doFirst()
#6 C:\laragon\www\montecarlo\app\Models\LoginModel.php(26): CodeIgniter\BaseModel->first()
#7 C:\laragon\www\montecarlo\app\Controllers\Auth.php(29): App\Models\LoginModel->getUserByUsername('admin')
#8 C:\laragon\www\montecarlo\vendor\codeigniter4\framework\system\CodeIgniter.php(933): App\Controllers\Auth->login()
#9 C:\laragon\www\montecarlo\vendor\codeigniter4\framework\system\CodeIgniter.php(507): CodeIgniter\CodeIgniter->runController(Object(App\Controllers\Auth))
#10 C:\laragon\www\montecarlo\vendor\codeigniter4\framework\system\CodeIgniter.php(354): CodeIgniter\CodeIgniter->handleRequest(NULL, Object(Config\Cache), false)
#11 C:\laragon\www\montecarlo\vendor\codeigniter4\framework\system\Boot.php(334): CodeIgniter\CodeIgniter->run()
#12 C:\laragon\www\montecarlo\vendor\codeigniter4\framework\system\Boot.php(67): CodeIgniter\Boot::runCodeIgniter(Object(CodeIgniter\CodeIgniter))
#13 C:\laragon\www\montecarlo\index.php(59): CodeIgniter\Boot::bootWeb(Object(Config\Paths))
#14 {main}
CRITICAL - 2025-07-14 08:42:04 --> CodeIgniter\Database\Exceptions\DatabaseException: Table 'montecarlo_db.users' doesn't exist
[Method: POST, Route: login]
in SYSTEMPATH\Database\BaseConnection.php on line 692.
 1 SYSTEMPATH\Database\BaseBuilder.php(1649): CodeIgniter\Database\BaseConnection->query('SELECT *
FROM `users`
WHERE `username` = :username:
 LIMIT 1', [...], false)
 2 SYSTEMPATH\Model.php(330): CodeIgniter\Database\BaseBuilder->get()
 3 SYSTEMPATH\BaseModel.php(717): CodeIgniter\Model->doFirst()
 4 APPPATH\Models\LoginModel.php(26): CodeIgniter\BaseModel->first()
 5 APPPATH\Controllers\Auth.php(29): App\Models\LoginModel->getUserByUsername('admin')
 6 SYSTEMPATH\CodeIgniter.php(933): App\Controllers\Auth->login()
 7 SYSTEMPATH\CodeIgniter.php(507): CodeIgniter\CodeIgniter->runController(Object(App\Controllers\Auth))
 8 SYSTEMPATH\CodeIgniter.php(354): CodeIgniter\CodeIgniter->handleRequest(null, Object(Config\Cache), false)
 9 SYSTEMPATH\Boot.php(334): CodeIgniter\CodeIgniter->run()
10 SYSTEMPATH\Boot.php(67): CodeIgniter\Boot::runCodeIgniter(Object(CodeIgniter\CodeIgniter))
11 FCPATH\index.php(59): CodeIgniter\Boot::bootWeb(Object(Config\Paths))
CRITICAL - 2025-07-14 08:42:04 --> [Caused by] CodeIgniter\Database\Exceptions\DatabaseException: Table 'montecarlo_db.users' doesn't exist
in SYSTEMPATH\Database\MySQLi\Connection.php on line 332.
 1 SYSTEMPATH\Database\BaseConnection.php(738): CodeIgniter\Database\MySQLi\Connection->execute('SELECT *
FROM `users`
WHERE `username` = \'admin\'
 LIMIT 1')
 2 SYSTEMPATH\Database\BaseConnection.php(652): CodeIgniter\Database\BaseConnection->simpleQuery('SELECT *
FROM `users`
WHERE `username` = \'admin\'
 LIMIT 1')
 3 SYSTEMPATH\Database\BaseBuilder.php(1649): CodeIgniter\Database\BaseConnection->query('SELECT *
FROM `users`
WHERE `username` = :username:
 LIMIT 1', [...], false)
 4 SYSTEMPATH\Model.php(330): CodeIgniter\Database\BaseBuilder->get()
 5 SYSTEMPATH\BaseModel.php(717): CodeIgniter\Model->doFirst()
 6 APPPATH\Models\LoginModel.php(26): CodeIgniter\BaseModel->first()
 7 APPPATH\Controllers\Auth.php(29): App\Models\LoginModel->getUserByUsername('admin')
 8 SYSTEMPATH\CodeIgniter.php(933): App\Controllers\Auth->login()
 9 SYSTEMPATH\CodeIgniter.php(507): CodeIgniter\CodeIgniter->runController(Object(App\Controllers\Auth))
10 SYSTEMPATH\CodeIgniter.php(354): CodeIgniter\CodeIgniter->handleRequest(null, Object(Config\Cache), false)
11 SYSTEMPATH\Boot.php(334): CodeIgniter\CodeIgniter->run()
12 SYSTEMPATH\Boot.php(67): CodeIgniter\Boot::runCodeIgniter(Object(CodeIgniter\CodeIgniter))
13 FCPATH\index.php(59): CodeIgniter\Boot::bootWeb(Object(Config\Paths))
CRITICAL - 2025-07-14 08:42:04 --> [Caused by] mysqli_sql_exception: Table 'montecarlo_db.users' doesn't exist
in SYSTEMPATH\Database\MySQLi\Connection.php on line 327.
 1 SYSTEMPATH\Database\MySQLi\Connection.php(327): mysqli->query('SELECT *
FROM `users`
WHERE `username` = \'admin\'
 LIMIT 1', 0)
 2 SYSTEMPATH\Database\BaseConnection.php(738): CodeIgniter\Database\MySQLi\Connection->execute('SELECT *
FROM `users`
WHERE `username` = \'admin\'
 LIMIT 1')
 3 SYSTEMPATH\Database\BaseConnection.php(652): CodeIgniter\Database\BaseConnection->simpleQuery('SELECT *
FROM `users`
WHERE `username` = \'admin\'
 LIMIT 1')
 4 SYSTEMPATH\Database\BaseBuilder.php(1649): CodeIgniter\Database\BaseConnection->query('SELECT *
FROM `users`
WHERE `username` = :username:
 LIMIT 1', [...], false)
 5 SYSTEMPATH\Model.php(330): CodeIgniter\Database\BaseBuilder->get()
 6 SYSTEMPATH\BaseModel.php(717): CodeIgniter\Model->doFirst()
 7 APPPATH\Models\LoginModel.php(26): CodeIgniter\BaseModel->first()
 8 APPPATH\Controllers\Auth.php(29): App\Models\LoginModel->getUserByUsername('admin')
 9 SYSTEMPATH\CodeIgniter.php(933): App\Controllers\Auth->login()
10 SYSTEMPATH\CodeIgniter.php(507): CodeIgniter\CodeIgniter->runController(Object(App\Controllers\Auth))
11 SYSTEMPATH\CodeIgniter.php(354): CodeIgniter\CodeIgniter->handleRequest(null, Object(Config\Cache), false)
12 SYSTEMPATH\Boot.php(334): CodeIgniter\CodeIgniter->run()
13 SYSTEMPATH\Boot.php(67): CodeIgniter\Boot::runCodeIgniter(Object(CodeIgniter\CodeIgniter))
14 FCPATH\index.php(59): CodeIgniter\Boot::bootWeb(Object(Config\Paths))
DEBUG - 2025-07-14 08:43:02 --> Session: Class initialized using 'CodeIgniter\Session\Handlers\FileHandler' driver.
DEBUG - 2025-07-14 08:43:06 --> Session: Class initialized using 'CodeIgniter\Session\Handlers\FileHandler' driver.
ERROR - 2025-07-14 08:43:06 --> mysqli_sql_exception: Table 'montecarlo_db.users' doesn't exist in C:\laragon\www\montecarlo\vendor\codeigniter4\framework\system\Database\MySQLi\Connection.php:327
Stack trace:
#0 C:\laragon\www\montecarlo\vendor\codeigniter4\framework\system\Database\MySQLi\Connection.php(327): mysqli->query('SELECT *\nFROM `...', 0)
#1 C:\laragon\www\montecarlo\vendor\codeigniter4\framework\system\Database\BaseConnection.php(738): CodeIgniter\Database\MySQLi\Connection->execute('SELECT *\nFROM `...')
#2 C:\laragon\www\montecarlo\vendor\codeigniter4\framework\system\Database\BaseConnection.php(652): CodeIgniter\Database\BaseConnection->simpleQuery('SELECT *\nFROM `...')
#3 C:\laragon\www\montecarlo\vendor\codeigniter4\framework\system\Database\BaseBuilder.php(1649): CodeIgniter\Database\BaseConnection->query('SELECT *\nFROM `...', Array, false)
#4 C:\laragon\www\montecarlo\vendor\codeigniter4\framework\system\Model.php(330): CodeIgniter\Database\BaseBuilder->get()
#5 C:\laragon\www\montecarlo\vendor\codeigniter4\framework\system\BaseModel.php(717): CodeIgniter\Model->doFirst()
#6 C:\laragon\www\montecarlo\app\Models\LoginModel.php(26): CodeIgniter\BaseModel->first()
#7 C:\laragon\www\montecarlo\app\Controllers\Auth.php(29): App\Models\LoginModel->getUserByUsername('admin')
#8 C:\laragon\www\montecarlo\vendor\codeigniter4\framework\system\CodeIgniter.php(933): App\Controllers\Auth->login()
#9 C:\laragon\www\montecarlo\vendor\codeigniter4\framework\system\CodeIgniter.php(507): CodeIgniter\CodeIgniter->runController(Object(App\Controllers\Auth))
#10 C:\laragon\www\montecarlo\vendor\codeigniter4\framework\system\CodeIgniter.php(354): CodeIgniter\CodeIgniter->handleRequest(NULL, Object(Config\Cache), false)
#11 C:\laragon\www\montecarlo\vendor\codeigniter4\framework\system\Boot.php(334): CodeIgniter\CodeIgniter->run()
#12 C:\laragon\www\montecarlo\vendor\codeigniter4\framework\system\Boot.php(67): CodeIgniter\Boot::runCodeIgniter(Object(CodeIgniter\CodeIgniter))
#13 C:\laragon\www\montecarlo\index.php(59): CodeIgniter\Boot::bootWeb(Object(Config\Paths))
#14 {main}
CRITICAL - 2025-07-14 08:43:06 --> CodeIgniter\Database\Exceptions\DatabaseException: Table 'montecarlo_db.users' doesn't exist
[Method: POST, Route: login]
in SYSTEMPATH\Database\BaseConnection.php on line 692.
 1 SYSTEMPATH\Database\BaseBuilder.php(1649): CodeIgniter\Database\BaseConnection->query('SELECT *
FROM `users`
WHERE `username` = :username:
 LIMIT 1', [...], false)
 2 SYSTEMPATH\Model.php(330): CodeIgniter\Database\BaseBuilder->get()
 3 SYSTEMPATH\BaseModel.php(717): CodeIgniter\Model->doFirst()
 4 APPPATH\Models\LoginModel.php(26): CodeIgniter\BaseModel->first()
 5 APPPATH\Controllers\Auth.php(29): App\Models\LoginModel->getUserByUsername('admin')
 6 SYSTEMPATH\CodeIgniter.php(933): App\Controllers\Auth->login()
 7 SYSTEMPATH\CodeIgniter.php(507): CodeIgniter\CodeIgniter->runController(Object(App\Controllers\Auth))
 8 SYSTEMPATH\CodeIgniter.php(354): CodeIgniter\CodeIgniter->handleRequest(null, Object(Config\Cache), false)
 9 SYSTEMPATH\Boot.php(334): CodeIgniter\CodeIgniter->run()
10 SYSTEMPATH\Boot.php(67): CodeIgniter\Boot::runCodeIgniter(Object(CodeIgniter\CodeIgniter))
11 FCPATH\index.php(59): CodeIgniter\Boot::bootWeb(Object(Config\Paths))
CRITICAL - 2025-07-14 08:43:06 --> [Caused by] CodeIgniter\Database\Exceptions\DatabaseException: Table 'montecarlo_db.users' doesn't exist
in SYSTEMPATH\Database\MySQLi\Connection.php on line 332.
 1 SYSTEMPATH\Database\BaseConnection.php(738): CodeIgniter\Database\MySQLi\Connection->execute('SELECT *
FROM `users`
WHERE `username` = \'admin\'
 LIMIT 1')
 2 SYSTEMPATH\Database\BaseConnection.php(652): CodeIgniter\Database\BaseConnection->simpleQuery('SELECT *
FROM `users`
WHERE `username` = \'admin\'
 LIMIT 1')
 3 SYSTEMPATH\Database\BaseBuilder.php(1649): CodeIgniter\Database\BaseConnection->query('SELECT *
FROM `users`
WHERE `username` = :username:
 LIMIT 1', [...], false)
 4 SYSTEMPATH\Model.php(330): CodeIgniter\Database\BaseBuilder->get()
 5 SYSTEMPATH\BaseModel.php(717): CodeIgniter\Model->doFirst()
 6 APPPATH\Models\LoginModel.php(26): CodeIgniter\BaseModel->first()
 7 APPPATH\Controllers\Auth.php(29): App\Models\LoginModel->getUserByUsername('admin')
 8 SYSTEMPATH\CodeIgniter.php(933): App\Controllers\Auth->login()
 9 SYSTEMPATH\CodeIgniter.php(507): CodeIgniter\CodeIgniter->runController(Object(App\Controllers\Auth))
10 SYSTEMPATH\CodeIgniter.php(354): CodeIgniter\CodeIgniter->handleRequest(null, Object(Config\Cache), false)
11 SYSTEMPATH\Boot.php(334): CodeIgniter\CodeIgniter->run()
12 SYSTEMPATH\Boot.php(67): CodeIgniter\Boot::runCodeIgniter(Object(CodeIgniter\CodeIgniter))
13 FCPATH\index.php(59): CodeIgniter\Boot::bootWeb(Object(Config\Paths))
CRITICAL - 2025-07-14 08:43:06 --> [Caused by] mysqli_sql_exception: Table 'montecarlo_db.users' doesn't exist
in SYSTEMPATH\Database\MySQLi\Connection.php on line 327.
 1 SYSTEMPATH\Database\MySQLi\Connection.php(327): mysqli->query('SELECT *
FROM `users`
WHERE `username` = \'admin\'
 LIMIT 1', 0)
 2 SYSTEMPATH\Database\BaseConnection.php(738): CodeIgniter\Database\MySQLi\Connection->execute('SELECT *
FROM `users`
WHERE `username` = \'admin\'
 LIMIT 1')
 3 SYSTEMPATH\Database\BaseConnection.php(652): CodeIgniter\Database\BaseConnection->simpleQuery('SELECT *
FROM `users`
WHERE `username` = \'admin\'
 LIMIT 1')
 4 SYSTEMPATH\Database\BaseBuilder.php(1649): CodeIgniter\Database\BaseConnection->query('SELECT *
FROM `users`
WHERE `username` = :username:
 LIMIT 1', [...], false)
 5 SYSTEMPATH\Model.php(330): CodeIgniter\Database\BaseBuilder->get()
 6 SYSTEMPATH\BaseModel.php(717): CodeIgniter\Model->doFirst()
 7 APPPATH\Models\LoginModel.php(26): CodeIgniter\BaseModel->first()
 8 APPPATH\Controllers\Auth.php(29): App\Models\LoginModel->getUserByUsername('admin')
 9 SYSTEMPATH\CodeIgniter.php(933): App\Controllers\Auth->login()
10 SYSTEMPATH\CodeIgniter.php(507): CodeIgniter\CodeIgniter->runController(Object(App\Controllers\Auth))
11 SYSTEMPATH\CodeIgniter.php(354): CodeIgniter\CodeIgniter->handleRequest(null, Object(Config\Cache), false)
12 SYSTEMPATH\Boot.php(334): CodeIgniter\CodeIgniter->run()
13 SYSTEMPATH\Boot.php(67): CodeIgniter\Boot::runCodeIgniter(Object(CodeIgniter\CodeIgniter))
14 FCPATH\index.php(59): CodeIgniter\Boot::bootWeb(Object(Config\Paths))
DEBUG - 2025-07-14 08:44:40 --> Session: Class initialized using 'CodeIgniter\Session\Handlers\FileHandler' driver.
DEBUG - 2025-07-14 08:44:41 --> Session: Class initialized using 'CodeIgniter\Session\Handlers\FileHandler' driver.
DEBUG - 2025-07-14 08:44:44 --> Session: Class initialized using 'CodeIgniter\Session\Handlers\FileHandler' driver.
DEBUG - 2025-07-14 08:44:44 --> Session: Class initialized using 'CodeIgniter\Session\Handlers\FileHandler' driver.
DEBUG - 2025-07-14 08:44:50 --> Session: Class initialized using 'CodeIgniter\Session\Handlers\FileHandler' driver.
DEBUG - 2025-07-14 08:44:50 --> Session: Class initialized using 'CodeIgniter\Session\Handlers\FileHandler' driver.
DEBUG - 2025-07-14 08:44:55 --> Session: Class initialized using 'CodeIgniter\Session\Handlers\FileHandler' driver.
DEBUG - 2025-07-14 08:44:55 --> Session: Class initialized using 'CodeIgniter\Session\Handlers\FileHandler' driver.
DEBUG - 2025-07-14 08:45:05 --> Session: Class initialized using 'CodeIgniter\Session\Handlers\FileHandler' driver.
DEBUG - 2025-07-14 08:45:06 --> Session: Class initialized using 'CodeIgniter\Session\Handlers\FileHandler' driver.
DEBUG - 2025-07-14 08:45:09 --> Session: Class initialized using 'CodeIgniter\Session\Handlers\FileHandler' driver.
ERROR - 2025-07-14 08:45:14 --> mysqli_sql_exception: Table 'montecarlo_db.users' doesn't exist in C:\laragon\www\montecarlo\vendor\codeigniter4\framework\system\Database\MySQLi\Connection.php:327
Stack trace:
#0 C:\laragon\www\montecarlo\vendor\codeigniter4\framework\system\Database\MySQLi\Connection.php(327): mysqli->query('SELECT 1\nFROM `...', 0)
#1 C:\laragon\www\montecarlo\vendor\codeigniter4\framework\system\Database\BaseConnection.php(738): CodeIgniter\Database\MySQLi\Connection->execute('SELECT 1\nFROM `...')
#2 C:\laragon\www\montecarlo\vendor\codeigniter4\framework\system\Database\BaseConnection.php(652): CodeIgniter\Database\BaseConnection->simpleQuery('SELECT 1\nFROM `...')
#3 C:\laragon\www\montecarlo\vendor\codeigniter4\framework\system\Database\BaseBuilder.php(1649): CodeIgniter\Database\BaseConnection->query('SELECT 1\nFROM `...', Array, false)
#4 C:\laragon\www\montecarlo\vendor\codeigniter4\framework\system\Validation\Rules.php(175): CodeIgniter\Database\BaseBuilder->get()
#5 C:\laragon\www\montecarlo\vendor\codeigniter4\framework\system\Validation\StrictRules\Rules.php(187): CodeIgniter\Validation\Rules->is_unique('badri', 'users.username', Array)
#6 C:\laragon\www\montecarlo\vendor\codeigniter4\framework\system\Validation\Validation.php(336): CodeIgniter\Validation\StrictRules\Rules->is_unique('badri', 'users.username', Array, NULL, 'username')
#7 C:\laragon\www\montecarlo\vendor\codeigniter4\framework\system\Validation\Validation.php(201): CodeIgniter\Validation\Validation->processRules('username', 'username', 'badri', Array, Array, 'username')
#8 C:\laragon\www\montecarlo\vendor\codeigniter4\framework\system\Controller.php(138): CodeIgniter\Validation\Validation->run()
#9 C:\laragon\www\montecarlo\app\Controllers\Auth.php(74): CodeIgniter\Controller->validate(Array)
#10 C:\laragon\www\montecarlo\vendor\codeigniter4\framework\system\CodeIgniter.php(933): App\Controllers\Auth->processRegister()
#11 C:\laragon\www\montecarlo\vendor\codeigniter4\framework\system\CodeIgniter.php(507): CodeIgniter\CodeIgniter->runController(Object(App\Controllers\Auth))
#12 C:\laragon\www\montecarlo\vendor\codeigniter4\framework\system\CodeIgniter.php(354): CodeIgniter\CodeIgniter->handleRequest(NULL, Object(Config\Cache), false)
#13 C:\laragon\www\montecarlo\vendor\codeigniter4\framework\system\Boot.php(334): CodeIgniter\CodeIgniter->run()
#14 C:\laragon\www\montecarlo\vendor\codeigniter4\framework\system\Boot.php(67): CodeIgniter\Boot::runCodeIgniter(Object(CodeIgniter\CodeIgniter))
#15 C:\laragon\www\montecarlo\index.php(59): CodeIgniter\Boot::bootWeb(Object(Config\Paths))
#16 {main}
CRITICAL - 2025-07-14 08:45:14 --> CodeIgniter\Database\Exceptions\DatabaseException: Table 'montecarlo_db.users' doesn't exist
[Method: POST, Route: register]
in SYSTEMPATH\Database\BaseConnection.php on line 692.
 1 SYSTEMPATH\Database\BaseBuilder.php(1649): CodeIgniter\Database\BaseConnection->query('SELECT 1
FROM `users`
WHERE `username` = :username:
 LIMIT 1', [...], false)
 2 SYSTEMPATH\Validation\Rules.php(175): CodeIgniter\Database\BaseBuilder->get()
 3 SYSTEMPATH\Validation\StrictRules\Rules.php(187): CodeIgniter\Validation\Rules->is_unique('badri', 'users.username', [...])
 4 SYSTEMPATH\Validation\Validation.php(336): CodeIgniter\Validation\StrictRules\Rules->is_unique('badri', 'users.username', [...], null, 'username')
 5 SYSTEMPATH\Validation\Validation.php(201): CodeIgniter\Validation\Validation->processRules('username', 'username', 'badri', [...], [...], 'username')
 6 SYSTEMPATH\Controller.php(138): CodeIgniter\Validation\Validation->run()
 7 APPPATH\Controllers\Auth.php(74): CodeIgniter\Controller->validate([...])
 8 SYSTEMPATH\CodeIgniter.php(933): App\Controllers\Auth->processRegister()
 9 SYSTEMPATH\CodeIgniter.php(507): CodeIgniter\CodeIgniter->runController(Object(App\Controllers\Auth))
10 SYSTEMPATH\CodeIgniter.php(354): CodeIgniter\CodeIgniter->handleRequest(null, Object(Config\Cache), false)
11 SYSTEMPATH\Boot.php(334): CodeIgniter\CodeIgniter->run()
12 SYSTEMPATH\Boot.php(67): CodeIgniter\Boot::runCodeIgniter(Object(CodeIgniter\CodeIgniter))
13 FCPATH\index.php(59): CodeIgniter\Boot::bootWeb(Object(Config\Paths))
CRITICAL - 2025-07-14 08:45:14 --> [Caused by] CodeIgniter\Database\Exceptions\DatabaseException: Table 'montecarlo_db.users' doesn't exist
in SYSTEMPATH\Database\MySQLi\Connection.php on line 332.
 1 SYSTEMPATH\Database\BaseConnection.php(738): CodeIgniter\Database\MySQLi\Connection->execute('SELECT 1
FROM `users`
WHERE `username` = \'badri\'
 LIMIT 1')
 2 SYSTEMPATH\Database\BaseConnection.php(652): CodeIgniter\Database\BaseConnection->simpleQuery('SELECT 1
FROM `users`
WHERE `username` = \'badri\'
 LIMIT 1')
 3 SYSTEMPATH\Database\BaseBuilder.php(1649): CodeIgniter\Database\BaseConnection->query('SELECT 1
FROM `users`
WHERE `username` = :username:
 LIMIT 1', [...], false)
 4 SYSTEMPATH\Validation\Rules.php(175): CodeIgniter\Database\BaseBuilder->get()
 5 SYSTEMPATH\Validation\StrictRules\Rules.php(187): CodeIgniter\Validation\Rules->is_unique('badri', 'users.username', [...])
 6 SYSTEMPATH\Validation\Validation.php(336): CodeIgniter\Validation\StrictRules\Rules->is_unique('badri', 'users.username', [...], null, 'username')
 7 SYSTEMPATH\Validation\Validation.php(201): CodeIgniter\Validation\Validation->processRules('username', 'username', 'badri', [...], [...], 'username')
 8 SYSTEMPATH\Controller.php(138): CodeIgniter\Validation\Validation->run()
 9 APPPATH\Controllers\Auth.php(74): CodeIgniter\Controller->validate([...])
10 SYSTEMPATH\CodeIgniter.php(933): App\Controllers\Auth->processRegister()
11 SYSTEMPATH\CodeIgniter.php(507): CodeIgniter\CodeIgniter->runController(Object(App\Controllers\Auth))
12 SYSTEMPATH\CodeIgniter.php(354): CodeIgniter\CodeIgniter->handleRequest(null, Object(Config\Cache), false)
13 SYSTEMPATH\Boot.php(334): CodeIgniter\CodeIgniter->run()
14 SYSTEMPATH\Boot.php(67): CodeIgniter\Boot::runCodeIgniter(Object(CodeIgniter\CodeIgniter))
15 FCPATH\index.php(59): CodeIgniter\Boot::bootWeb(Object(Config\Paths))
CRITICAL - 2025-07-14 08:45:14 --> [Caused by] mysqli_sql_exception: Table 'montecarlo_db.users' doesn't exist
in SYSTEMPATH\Database\MySQLi\Connection.php on line 327.
 1 SYSTEMPATH\Database\MySQLi\Connection.php(327): mysqli->query('SELECT 1
FROM `users`
WHERE `username` = \'badri\'
 LIMIT 1', 0)
 2 SYSTEMPATH\Database\BaseConnection.php(738): CodeIgniter\Database\MySQLi\Connection->execute('SELECT 1
FROM `users`
WHERE `username` = \'badri\'
 LIMIT 1')
 3 SYSTEMPATH\Database\BaseConnection.php(652): CodeIgniter\Database\BaseConnection->simpleQuery('SELECT 1
FROM `users`
WHERE `username` = \'badri\'
 LIMIT 1')
 4 SYSTEMPATH\Database\BaseBuilder.php(1649): CodeIgniter\Database\BaseConnection->query('SELECT 1
FROM `users`
WHERE `username` = :username:
 LIMIT 1', [...], false)
 5 SYSTEMPATH\Validation\Rules.php(175): CodeIgniter\Database\BaseBuilder->get()
 6 SYSTEMPATH\Validation\StrictRules\Rules.php(187): CodeIgniter\Validation\Rules->is_unique('badri', 'users.username', [...])
 7 SYSTEMPATH\Validation\Validation.php(336): CodeIgniter\Validation\StrictRules\Rules->is_unique('badri', 'users.username', [...], null, 'username')
 8 SYSTEMPATH\Validation\Validation.php(201): CodeIgniter\Validation\Validation->processRules('username', 'username', 'badri', [...], [...], 'username')
 9 SYSTEMPATH\Controller.php(138): CodeIgniter\Validation\Validation->run()
10 APPPATH\Controllers\Auth.php(74): CodeIgniter\Controller->validate([...])
11 SYSTEMPATH\CodeIgniter.php(933): App\Controllers\Auth->processRegister()
12 SYSTEMPATH\CodeIgniter.php(507): CodeIgniter\CodeIgniter->runController(Object(App\Controllers\Auth))
13 SYSTEMPATH\CodeIgniter.php(354): CodeIgniter\CodeIgniter->handleRequest(null, Object(Config\Cache), false)
14 SYSTEMPATH\Boot.php(334): CodeIgniter\CodeIgniter->run()
15 SYSTEMPATH\Boot.php(67): CodeIgniter\Boot::runCodeIgniter(Object(CodeIgniter\CodeIgniter))
16 FCPATH\index.php(59): CodeIgniter\Boot::bootWeb(Object(Config\Paths))
DEBUG - 2025-07-14 08:46:52 --> Session: Class initialized using 'CodeIgniter\Session\Handlers\FileHandler' driver.
DEBUG - 2025-07-14 08:46:52 --> Session: Class initialized using 'CodeIgniter\Session\Handlers\FileHandler' driver.
DEBUG - 2025-07-14 08:47:17 --> Session: Class initialized using 'CodeIgniter\Session\Handlers\FileHandler' driver.
DEBUG - 2025-07-14 08:47:20 --> Session: Class initialized using 'CodeIgniter\Session\Handlers\FileHandler' driver.
DEBUG - 2025-07-14 08:47:21 --> Session: Class initialized using 'CodeIgniter\Session\Handlers\FileHandler' driver.
DEBUG - 2025-07-14 08:47:23 --> Session: Class initialized using 'CodeIgniter\Session\Handlers\FileHandler' driver.
DEBUG - 2025-07-14 08:47:28 --> Session: Class initialized using 'CodeIgniter\Session\Handlers\FileHandler' driver.
DEBUG - 2025-07-14 08:47:28 --> Session: Class initialized using 'CodeIgniter\Session\Handlers\FileHandler' driver.
DEBUG - 2025-07-14 08:47:30 --> Session: Class initialized using 'CodeIgniter\Session\Handlers\FileHandler' driver.
DEBUG - 2025-07-14 08:47:33 --> Session: Class initialized using 'CodeIgniter\Session\Handlers\FileHandler' driver.
DEBUG - 2025-07-14 08:47:34 --> Session: Class initialized using 'CodeIgniter\Session\Handlers\FileHandler' driver.
DEBUG - 2025-07-14 08:48:33 --> Session: Class initialized using 'CodeIgniter\Session\Handlers\FileHandler' driver.
DEBUG - 2025-07-14 08:48:33 --> Session: Class initialized using 'CodeIgniter\Session\Handlers\FileHandler' driver.
DEBUG - 2025-07-14 08:48:34 --> Session: Class initialized using 'CodeIgniter\Session\Handlers\FileHandler' driver.
DEBUG - 2025-07-14 08:48:37 --> Session: Class initialized using 'CodeIgniter\Session\Handlers\FileHandler' driver.
DEBUG - 2025-07-14 08:48:38 --> Session: Class initialized using 'CodeIgniter\Session\Handlers\FileHandler' driver.
DEBUG - 2025-07-14 08:50:57 --> Session: Class initialized using 'CodeIgniter\Session\Handlers\FileHandler' driver.
DEBUG - 2025-07-14 08:51:04 --> Session: Class initialized using 'CodeIgniter\Session\Handlers\FileHandler' driver.
DEBUG - 2025-07-14 08:51:04 --> Session: Class initialized using 'CodeIgniter\Session\Handlers\FileHandler' driver.
DEBUG - 2025-07-14 08:51:06 --> Session: Class initialized using 'CodeIgniter\Session\Handlers\FileHandler' driver.
DEBUG - 2025-07-14 08:51:10 --> Session: Class initialized using 'CodeIgniter\Session\Handlers\FileHandler' driver.
DEBUG - 2025-07-14 08:51:10 --> Session: Class initialized using 'CodeIgniter\Session\Handlers\FileHandler' driver.
DEBUG - 2025-07-14 08:52:39 --> Session: Class initialized using 'CodeIgniter\Session\Handlers\FileHandler' driver.
DEBUG - 2025-07-14 08:52:43 --> Session: Class initialized using 'CodeIgniter\Session\Handlers\FileHandler' driver.
DEBUG - 2025-07-14 08:52:51 --> Session: Class initialized using 'CodeIgniter\Session\Handlers\FileHandler' driver.
DEBUG - 2025-07-14 08:52:52 --> Session: Class initialized using 'CodeIgniter\Session\Handlers\FileHandler' driver.
DEBUG - 2025-07-14 08:52:57 --> Session: Class initialized using 'CodeIgniter\Session\Handlers\FileHandler' driver.
DEBUG - 2025-07-14 08:52:58 --> Session: Class initialized using 'CodeIgniter\Session\Handlers\FileHandler' driver.
DEBUG - 2025-07-14 08:54:08 --> Session: Class initialized using 'CodeIgniter\Session\Handlers\FileHandler' driver.
DEBUG - 2025-07-14 08:54:14 --> Session: Class initialized using 'CodeIgniter\Session\Handlers\FileHandler' driver.
DEBUG - 2025-07-14 08:54:17 --> Session: Class initialized using 'CodeIgniter\Session\Handlers\FileHandler' driver.
DEBUG - 2025-07-14 08:54:17 --> Session: Class initialized using 'CodeIgniter\Session\Handlers\FileHandler' driver.
DEBUG - 2025-07-14 08:54:20 --> Session: Class initialized using 'CodeIgniter\Session\Handlers\FileHandler' driver.
DEBUG - 2025-07-14 08:54:21 --> Session: Class initialized using 'CodeIgniter\Session\Handlers\FileHandler' driver.
DEBUG - 2025-07-14 09:35:51 --> Session: Class initialized using 'CodeIgniter\Session\Handlers\FileHandler' driver.
DEBUG - 2025-07-14 09:35:53 --> Session: Class initialized using 'CodeIgniter\Session\Handlers\FileHandler' driver.
DEBUG - 2025-07-14 09:35:58 --> Session: Class initialized using 'CodeIgniter\Session\Handlers\FileHandler' driver.
DEBUG - 2025-07-14 09:35:59 --> Session: Class initialized using 'CodeIgniter\Session\Handlers\FileHandler' driver.
DEBUG - 2025-07-14 09:36:07 --> Session: Class initialized using 'CodeIgniter\Session\Handlers\FileHandler' driver.
DEBUG - 2025-07-14 09:36:10 --> Session: Class initialized using 'CodeIgniter\Session\Handlers\FileHandler' driver.
DEBUG - 2025-07-14 09:36:14 --> Session: Class initialized using 'CodeIgniter\Session\Handlers\FileHandler' driver.
DEBUG - 2025-07-14 09:36:16 --> Session: Class initialized using 'CodeIgniter\Session\Handlers\FileHandler' driver.
DEBUG - 2025-07-14 09:39:25 --> Session: Class initialized using 'CodeIgniter\Session\Handlers\FileHandler' driver.
DEBUG - 2025-07-14 09:39:27 --> Session: Class initialized using 'CodeIgniter\Session\Handlers\FileHandler' driver.
DEBUG - 2025-07-14 09:40:20 --> Session: Class initialized using 'CodeIgniter\Session\Handlers\FileHandler' driver.
DEBUG - 2025-07-14 09:40:21 --> Session: Class initialized using 'CodeIgniter\Session\Handlers\FileHandler' driver.
DEBUG - 2025-07-14 09:41:01 --> Session: Class initialized using 'CodeIgniter\Session\Handlers\FileHandler' driver.
DEBUG - 2025-07-14 09:41:03 --> Session: Class initialized using 'CodeIgniter\Session\Handlers\FileHandler' driver.
DEBUG - 2025-07-14 09:41:03 --> Session: Class initialized using 'CodeIgniter\Session\Handlers\FileHandler' driver.
DEBUG - 2025-07-14 09:41:07 --> Session: Class initialized using 'CodeIgniter\Session\Handlers\FileHandler' driver.
DEBUG - 2025-07-14 09:41:07 --> Session: Class initialized using 'CodeIgniter\Session\Handlers\FileHandler' driver.
DEBUG - 2025-07-14 09:41:11 --> Session: Class initialized using 'CodeIgniter\Session\Handlers\FileHandler' driver.
DEBUG - 2025-07-14 09:41:11 --> Session: Class initialized using 'CodeIgniter\Session\Handlers\FileHandler' driver.
DEBUG - 2025-07-14 09:41:16 --> Session: Class initialized using 'CodeIgniter\Session\Handlers\FileHandler' driver.
DEBUG - 2025-07-14 09:41:17 --> Session: Class initialized using 'CodeIgniter\Session\Handlers\FileHandler' driver.
DEBUG - 2025-07-14 09:44:34 --> Session: Class initialized using 'CodeIgniter\Session\Handlers\FileHandler' driver.
DEBUG - 2025-07-14 09:44:35 --> Session: Class initialized using 'CodeIgniter\Session\Handlers\FileHandler' driver.
DEBUG - 2025-07-14 09:44:38 --> Session: Class initialized using 'CodeIgniter\Session\Handlers\FileHandler' driver.
DEBUG - 2025-07-14 09:45:31 --> Session: Class initialized using 'CodeIgniter\Session\Handlers\FileHandler' driver.
DEBUG - 2025-07-14 09:45:42 --> Session: Class initialized using 'CodeIgniter\Session\Handlers\FileHandler' driver.
DEBUG - 2025-07-14 09:45:43 --> Session: Class initialized using 'CodeIgniter\Session\Handlers\FileHandler' driver.
DEBUG - 2025-07-14 09:45:44 --> Session: Class initialized using 'CodeIgniter\Session\Handlers\FileHandler' driver.
DEBUG - 2025-07-14 09:45:44 --> Session: Class initialized using 'CodeIgniter\Session\Handlers\FileHandler' driver.
DEBUG - 2025-07-14 09:45:57 --> Session: Class initialized using 'CodeIgniter\Session\Handlers\FileHandler' driver.
DEBUG - 2025-07-14 09:46:04 --> Session: Class initialized using 'CodeIgniter\Session\Handlers\FileHandler' driver.
DEBUG - 2025-07-14 09:46:05 --> Session: Class initialized using 'CodeIgniter\Session\Handlers\FileHandler' driver.
DEBUG - 2025-07-14 09:46:07 --> Session: Class initialized using 'CodeIgniter\Session\Handlers\FileHandler' driver.
DEBUG - 2025-07-14 09:46:55 --> Session: Class initialized using 'CodeIgniter\Session\Handlers\FileHandler' driver.
DEBUG - 2025-07-14 09:47:15 --> Session: Class initialized using 'CodeIgniter\Session\Handlers\FileHandler' driver.
DEBUG - 2025-07-14 09:47:36 --> Session: Class initialized using 'CodeIgniter\Session\Handlers\FileHandler' driver.
DEBUG - 2025-07-14 10:23:54 --> Session: Class initialized using 'CodeIgniter\Session\Handlers\FileHandler' driver.
DEBUG - 2025-07-14 10:23:56 --> Session: Class initialized using 'CodeIgniter\Session\Handlers\FileHandler' driver.
DEBUG - 2025-07-14 10:24:00 --> Session: Class initialized using 'CodeIgniter\Session\Handlers\FileHandler' driver.
DEBUG - 2025-07-14 10:25:44 --> Session: Class initialized using 'CodeIgniter\Session\Handlers\FileHandler' driver.
DEBUG - 2025-07-14 10:26:05 --> Session: Class initialized using 'CodeIgniter\Session\Handlers\FileHandler' driver.
DEBUG - 2025-07-14 10:26:06 --> Session: Class initialized using 'CodeIgniter\Session\Handlers\FileHandler' driver.
DEBUG - 2025-07-14 10:26:08 --> Session: Class initialized using 'CodeIgniter\Session\Handlers\FileHandler' driver.
DEBUG - 2025-07-14 10:26:28 --> Session: Class initialized using 'CodeIgniter\Session\Handlers\FileHandler' driver.
DEBUG - 2025-07-14 10:26:59 --> Session: Class initialized using 'CodeIgniter\Session\Handlers\FileHandler' driver.
CRITICAL - 2025-07-14 10:26:59 --> CodeIgniter\View\Exceptions\ViewException: Invalid file: "layout/template.php"
[Method: GET, Route: akun]
in SYSTEMPATH\Exceptions\FrameworkException.php on line 39.
 1 SYSTEMPATH\View\View.php(212): CodeIgniter\Exceptions\FrameworkException::forInvalidFile('layout/template.php')
 2 SYSTEMPATH\View\View.php(240): CodeIgniter\View\View->render('layout/template', [], true)
 3 SYSTEMPATH\Common.php(1173): CodeIgniter\View\View->render('akun/index', [], true)
 4 APPPATH\Controllers\Akun.php(19): view('akun/index', [...])
 5 SYSTEMPATH\CodeIgniter.php(933): App\Controllers\Akun->index()
 6 SYSTEMPATH\CodeIgniter.php(507): CodeIgniter\CodeIgniter->runController(Object(App\Controllers\Akun))
 7 SYSTEMPATH\CodeIgniter.php(354): CodeIgniter\CodeIgniter->handleRequest(null, Object(Config\Cache), false)
 8 SYSTEMPATH\Boot.php(334): CodeIgniter\CodeIgniter->run()
 9 SYSTEMPATH\Boot.php(67): CodeIgniter\Boot::runCodeIgniter(Object(CodeIgniter\CodeIgniter))
10 FCPATH\index.php(59): CodeIgniter\Boot::bootWeb(Object(Config\Paths))
DEBUG - 2025-07-14 10:27:56 --> Session: Class initialized using 'CodeIgniter\Session\Handlers\FileHandler' driver.
CRITICAL - 2025-07-14 10:27:56 --> CodeIgniter\View\Exceptions\ViewException: Invalid file: "layout/template.php"
[Method: GET, Route: akun]
in SYSTEMPATH\Exceptions\FrameworkException.php on line 39.
 1 SYSTEMPATH\View\View.php(212): CodeIgniter\Exceptions\FrameworkException::forInvalidFile('layout/template.php')
 2 SYSTEMPATH\View\View.php(240): CodeIgniter\View\View->render('layout/template', [], true)
 3 SYSTEMPATH\Common.php(1173): CodeIgniter\View\View->render('akun/index', [], true)
 4 APPPATH\Controllers\Akun.php(22): view('akun/index', [...])
 5 SYSTEMPATH\CodeIgniter.php(933): App\Controllers\Akun->index()
 6 SYSTEMPATH\CodeIgniter.php(507): CodeIgniter\CodeIgniter->runController(Object(App\Controllers\Akun))
 7 SYSTEMPATH\CodeIgniter.php(354): CodeIgniter\CodeIgniter->handleRequest(null, Object(Config\Cache), false)
 8 SYSTEMPATH\Boot.php(334): CodeIgniter\CodeIgniter->run()
 9 SYSTEMPATH\Boot.php(67): CodeIgniter\Boot::runCodeIgniter(Object(CodeIgniter\CodeIgniter))
10 FCPATH\index.php(59): CodeIgniter\Boot::bootWeb(Object(Config\Paths))
DEBUG - 2025-07-14 10:27:58 --> Session: Class initialized using 'CodeIgniter\Session\Handlers\FileHandler' driver.
DEBUG - 2025-07-14 10:28:00 --> Session: Class initialized using 'CodeIgniter\Session\Handlers\FileHandler' driver.
CRITICAL - 2025-07-14 10:28:00 --> CodeIgniter\View\Exceptions\ViewException: Invalid file: "layout/template.php"
[Method: GET, Route: akun]
in SYSTEMPATH\Exceptions\FrameworkException.php on line 39.
 1 SYSTEMPATH\View\View.php(212): CodeIgniter\Exceptions\FrameworkException::forInvalidFile('layout/template.php')
 2 SYSTEMPATH\View\View.php(240): CodeIgniter\View\View->render('layout/template', [], true)
 3 SYSTEMPATH\Common.php(1173): CodeIgniter\View\View->render('akun/index', [], true)
 4 APPPATH\Controllers\Akun.php(22): view('akun/index', [...])
 5 SYSTEMPATH\CodeIgniter.php(933): App\Controllers\Akun->index()
 6 SYSTEMPATH\CodeIgniter.php(507): CodeIgniter\CodeIgniter->runController(Object(App\Controllers\Akun))
 7 SYSTEMPATH\CodeIgniter.php(354): CodeIgniter\CodeIgniter->handleRequest(null, Object(Config\Cache), false)
 8 SYSTEMPATH\Boot.php(334): CodeIgniter\CodeIgniter->run()
 9 SYSTEMPATH\Boot.php(67): CodeIgniter\Boot::runCodeIgniter(Object(CodeIgniter\CodeIgniter))
10 FCPATH\index.php(59): CodeIgniter\Boot::bootWeb(Object(Config\Paths))
DEBUG - 2025-07-14 10:31:17 --> Session: Class initialized using 'CodeIgniter\Session\Handlers\FileHandler' driver.
CRITICAL - 2025-07-14 10:31:17 --> CodeIgniter\View\Exceptions\ViewException: Invalid file: "layout/template.php"
[Method: GET, Route: akun]
in SYSTEMPATH\Exceptions\FrameworkException.php on line 39.
 1 SYSTEMPATH\View\View.php(212): CodeIgniter\Exceptions\FrameworkException::forInvalidFile('layout/template.php')
 2 SYSTEMPATH\View\View.php(240): CodeIgniter\View\View->render('layout/template', [], true)
 3 SYSTEMPATH\Common.php(1173): CodeIgniter\View\View->render('akun/index', [], true)
 4 APPPATH\Controllers\Akun.php(22): view('akun/index', [...])
 5 SYSTEMPATH\CodeIgniter.php(933): App\Controllers\Akun->index()
 6 SYSTEMPATH\CodeIgniter.php(507): CodeIgniter\CodeIgniter->runController(Object(App\Controllers\Akun))
 7 SYSTEMPATH\CodeIgniter.php(354): CodeIgniter\CodeIgniter->handleRequest(null, Object(Config\Cache), false)
 8 SYSTEMPATH\Boot.php(334): CodeIgniter\CodeIgniter->run()
 9 SYSTEMPATH\Boot.php(67): CodeIgniter\Boot::runCodeIgniter(Object(CodeIgniter\CodeIgniter))
10 FCPATH\index.php(59): CodeIgniter\Boot::bootWeb(Object(Config\Paths))
DEBUG - 2025-07-14 10:31:18 --> Session: Class initialized using 'CodeIgniter\Session\Handlers\FileHandler' driver.
DEBUG - 2025-07-14 10:31:19 --> Session: Class initialized using 'CodeIgniter\Session\Handlers\FileHandler' driver.
CRITICAL - 2025-07-14 10:31:19 --> CodeIgniter\View\Exceptions\ViewException: Invalid file: "layout/template.php"
[Method: GET, Route: akun]
in SYSTEMPATH\Exceptions\FrameworkException.php on line 39.
 1 SYSTEMPATH\View\View.php(212): CodeIgniter\Exceptions\FrameworkException::forInvalidFile('layout/template.php')
 2 SYSTEMPATH\View\View.php(240): CodeIgniter\View\View->render('layout/template', [], true)
 3 SYSTEMPATH\Common.php(1173): CodeIgniter\View\View->render('akun/index', [], true)
 4 APPPATH\Controllers\Akun.php(22): view('akun/index', [...])
 5 SYSTEMPATH\CodeIgniter.php(933): App\Controllers\Akun->index()
 6 SYSTEMPATH\CodeIgniter.php(507): CodeIgniter\CodeIgniter->runController(Object(App\Controllers\Akun))
 7 SYSTEMPATH\CodeIgniter.php(354): CodeIgniter\CodeIgniter->handleRequest(null, Object(Config\Cache), false)
 8 SYSTEMPATH\Boot.php(334): CodeIgniter\CodeIgniter->run()
 9 SYSTEMPATH\Boot.php(67): CodeIgniter\Boot::runCodeIgniter(Object(CodeIgniter\CodeIgniter))
10 FCPATH\index.php(59): CodeIgniter\Boot::bootWeb(Object(Config\Paths))
DEBUG - 2025-07-14 10:32:18 --> Session: Class initialized using 'CodeIgniter\Session\Handlers\FileHandler' driver.
DEBUG - 2025-07-14 10:33:17 --> Session: Class initialized using 'CodeIgniter\Session\Handlers\FileHandler' driver.
CRITICAL - 2025-07-14 10:38:14 --> CodeIgniter\Exceptions\RuntimeException: View themes, no current section.
[Method: GET, Route: login]
in SYSTEMPATH\View\View.php on line 430.
 1 APPPATH\Views\auth\login.php(67): CodeIgniter\View\View->endSection()
 2 SYSTEMPATH\View\View.php(224): include('C:\\laragon\\www\\montecarlo\\app\\Views\\auth\\login.php')
 3 SYSTEMPATH\View\View.php(227): CodeIgniter\View\View->CodeIgniter\View\{closure}()
 4 SYSTEMPATH\Common.php(1173): CodeIgniter\View\View->render('auth/login', [], true)
 5 APPPATH\Controllers\Auth.php(14): view('auth/login')
 6 SYSTEMPATH\CodeIgniter.php(933): App\Controllers\Auth->index()
 7 SYSTEMPATH\CodeIgniter.php(507): CodeIgniter\CodeIgniter->runController(Object(App\Controllers\Auth))
 8 SYSTEMPATH\CodeIgniter.php(354): CodeIgniter\CodeIgniter->handleRequest(null, Object(Config\Cache), false)
 9 SYSTEMPATH\Boot.php(334): CodeIgniter\CodeIgniter->run()
10 SYSTEMPATH\Boot.php(67): CodeIgniter\Boot::runCodeIgniter(Object(CodeIgniter\CodeIgniter))
11 FCPATH\index.php(59): CodeIgniter\Boot::bootWeb(Object(Config\Paths))
CRITICAL - 2025-07-14 10:38:15 --> CodeIgniter\Exceptions\RuntimeException: View themes, no current section.
[Method: GET, Route: login]
in SYSTEMPATH\View\View.php on line 430.
 1 APPPATH\Views\auth\login.php(67): CodeIgniter\View\View->endSection()
 2 SYSTEMPATH\View\View.php(224): include('C:\\laragon\\www\\montecarlo\\app\\Views\\auth\\login.php')
 3 SYSTEMPATH\View\View.php(227): CodeIgniter\View\View->CodeIgniter\View\{closure}()
 4 SYSTEMPATH\Common.php(1173): CodeIgniter\View\View->render('auth/login', [], true)
 5 APPPATH\Controllers\Auth.php(14): view('auth/login')
 6 SYSTEMPATH\CodeIgniter.php(933): App\Controllers\Auth->index()
 7 SYSTEMPATH\CodeIgniter.php(507): CodeIgniter\CodeIgniter->runController(Object(App\Controllers\Auth))
 8 SYSTEMPATH\CodeIgniter.php(354): CodeIgniter\CodeIgniter->handleRequest(null, Object(Config\Cache), false)
 9 SYSTEMPATH\Boot.php(334): CodeIgniter\CodeIgniter->run()
10 SYSTEMPATH\Boot.php(67): CodeIgniter\Boot::runCodeIgniter(Object(CodeIgniter\CodeIgniter))
11 FCPATH\index.php(59): CodeIgniter\Boot::bootWeb(Object(Config\Paths))
CRITICAL - 2025-07-14 10:38:18 --> CodeIgniter\Exceptions\RuntimeException: View themes, no current section.
[Method: GET, Route: login]
in SYSTEMPATH\View\View.php on line 430.
 1 APPPATH\Views\auth\login.php(67): CodeIgniter\View\View->endSection()
 2 SYSTEMPATH\View\View.php(224): include('C:\\laragon\\www\\montecarlo\\app\\Views\\auth\\login.php')
 3 SYSTEMPATH\View\View.php(227): CodeIgniter\View\View->CodeIgniter\View\{closure}()
 4 SYSTEMPATH\Common.php(1173): CodeIgniter\View\View->render('auth/login', [], true)
 5 APPPATH\Controllers\Auth.php(14): view('auth/login')
 6 SYSTEMPATH\CodeIgniter.php(933): App\Controllers\Auth->index()
 7 SYSTEMPATH\CodeIgniter.php(507): CodeIgniter\CodeIgniter->runController(Object(App\Controllers\Auth))
 8 SYSTEMPATH\CodeIgniter.php(354): CodeIgniter\CodeIgniter->handleRequest(null, Object(Config\Cache), false)
 9 SYSTEMPATH\Boot.php(334): CodeIgniter\CodeIgniter->run()
10 SYSTEMPATH\Boot.php(67): CodeIgniter\Boot::runCodeIgniter(Object(CodeIgniter\CodeIgniter))
11 FCPATH\index.php(59): CodeIgniter\Boot::bootWeb(Object(Config\Paths))
CRITICAL - 2025-07-14 10:38:20 --> CodeIgniter\Exceptions\RuntimeException: View themes, no current section.
[Method: GET, Route: login]
in SYSTEMPATH\View\View.php on line 430.
 1 APPPATH\Views\auth\login.php(67): CodeIgniter\View\View->endSection()
 2 SYSTEMPATH\View\View.php(224): include('C:\\laragon\\www\\montecarlo\\app\\Views\\auth\\login.php')
 3 SYSTEMPATH\View\View.php(227): CodeIgniter\View\View->CodeIgniter\View\{closure}()
 4 SYSTEMPATH\Common.php(1173): CodeIgniter\View\View->render('auth/login', [], true)
 5 APPPATH\Controllers\Auth.php(14): view('auth/login')
 6 SYSTEMPATH\CodeIgniter.php(933): App\Controllers\Auth->index()
 7 SYSTEMPATH\CodeIgniter.php(507): CodeIgniter\CodeIgniter->runController(Object(App\Controllers\Auth))
 8 SYSTEMPATH\CodeIgniter.php(354): CodeIgniter\CodeIgniter->handleRequest(null, Object(Config\Cache), false)
 9 SYSTEMPATH\Boot.php(334): CodeIgniter\CodeIgniter->run()
10 SYSTEMPATH\Boot.php(67): CodeIgniter\Boot::runCodeIgniter(Object(CodeIgniter\CodeIgniter))
11 FCPATH\index.php(59): CodeIgniter\Boot::bootWeb(Object(Config\Paths))
CRITICAL - 2025-07-14 12:46:36 --> CodeIgniter\Exceptions\RuntimeException: View themes, no current section.
[Method: GET, Route: login]
in SYSTEMPATH\View\View.php on line 430.
 1 APPPATH\Views\auth\login.php(62): CodeIgniter\View\View->endSection()
 2 SYSTEMPATH\View\View.php(224): include('C:\\laragon\\www\\montecarlo\\app\\Views\\auth\\login.php')
 3 SYSTEMPATH\View\View.php(227): CodeIgniter\View\View->CodeIgniter\View\{closure}()
 4 SYSTEMPATH\Common.php(1173): CodeIgniter\View\View->render('auth/login', [], true)
 5 APPPATH\Controllers\Auth.php(14): view('auth/login')
 6 SYSTEMPATH\CodeIgniter.php(933): App\Controllers\Auth->index()
 7 SYSTEMPATH\CodeIgniter.php(507): CodeIgniter\CodeIgniter->runController(Object(App\Controllers\Auth))
 8 SYSTEMPATH\CodeIgniter.php(354): CodeIgniter\CodeIgniter->handleRequest(null, Object(Config\Cache), false)
 9 SYSTEMPATH\Boot.php(334): CodeIgniter\CodeIgniter->run()
10 SYSTEMPATH\Boot.php(67): CodeIgniter\Boot::runCodeIgniter(Object(CodeIgniter\CodeIgniter))
11 FCPATH\index.php(59): CodeIgniter\Boot::bootWeb(Object(Config\Paths))
CRITICAL - 2025-07-14 12:46:38 --> CodeIgniter\Exceptions\RuntimeException: View themes, no current section.
[Method: GET, Route: login]
in SYSTEMPATH\View\View.php on line 430.
 1 APPPATH\Views\auth\login.php(62): CodeIgniter\View\View->endSection()
 2 SYSTEMPATH\View\View.php(224): include('C:\\laragon\\www\\montecarlo\\app\\Views\\auth\\login.php')
 3 SYSTEMPATH\View\View.php(227): CodeIgniter\View\View->CodeIgniter\View\{closure}()
 4 SYSTEMPATH\Common.php(1173): CodeIgniter\View\View->render('auth/login', [], true)
 5 APPPATH\Controllers\Auth.php(14): view('auth/login')
 6 SYSTEMPATH\CodeIgniter.php(933): App\Controllers\Auth->index()
 7 SYSTEMPATH\CodeIgniter.php(507): CodeIgniter\CodeIgniter->runController(Object(App\Controllers\Auth))
 8 SYSTEMPATH\CodeIgniter.php(354): CodeIgniter\CodeIgniter->handleRequest(null, Object(Config\Cache), false)
 9 SYSTEMPATH\Boot.php(334): CodeIgniter\CodeIgniter->run()
10 SYSTEMPATH\Boot.php(67): CodeIgniter\Boot::runCodeIgniter(Object(CodeIgniter\CodeIgniter))
11 FCPATH\index.php(59): CodeIgniter\Boot::bootWeb(Object(Config\Paths))
CRITICAL - 2025-07-14 12:46:40 --> CodeIgniter\Exceptions\RuntimeException: View themes, no current section.
[Method: GET, Route: login]
in SYSTEMPATH\View\View.php on line 430.
 1 APPPATH\Views\auth\login.php(62): CodeIgniter\View\View->endSection()
 2 SYSTEMPATH\View\View.php(224): include('C:\\laragon\\www\\montecarlo\\app\\Views\\auth\\login.php')
 3 SYSTEMPATH\View\View.php(227): CodeIgniter\View\View->CodeIgniter\View\{closure}()
 4 SYSTEMPATH\Common.php(1173): CodeIgniter\View\View->render('auth/login', [], true)
 5 APPPATH\Controllers\Auth.php(14): view('auth/login')
 6 SYSTEMPATH\CodeIgniter.php(933): App\Controllers\Auth->index()
 7 SYSTEMPATH\CodeIgniter.php(507): CodeIgniter\CodeIgniter->runController(Object(App\Controllers\Auth))
 8 SYSTEMPATH\CodeIgniter.php(354): CodeIgniter\CodeIgniter->handleRequest(null, Object(Config\Cache), false)
 9 SYSTEMPATH\Boot.php(334): CodeIgniter\CodeIgniter->run()
10 SYSTEMPATH\Boot.php(67): CodeIgniter\Boot::runCodeIgniter(Object(CodeIgniter\CodeIgniter))
11 FCPATH\index.php(59): CodeIgniter\Boot::bootWeb(Object(Config\Paths))
DEBUG - 2025-07-14 14:19:33 --> Session: Class initialized using 'CodeIgniter\Session\Handlers\FileHandler' driver.
DEBUG - 2025-07-14 14:19:36 --> Session: Class initialized using 'CodeIgniter\Session\Handlers\FileHandler' driver.
DEBUG - 2025-07-14 14:19:42 --> Session: Class initialized using 'CodeIgniter\Session\Handlers\FileHandler' driver.
DEBUG - 2025-07-14 14:19:44 --> Session: Class initialized using 'CodeIgniter\Session\Handlers\FileHandler' driver.
DEBUG - 2025-07-14 14:19:48 --> Session: Class initialized using 'CodeIgniter\Session\Handlers\FileHandler' driver.
DEBUG - 2025-07-14 14:19:48 --> Session: Class initialized using 'CodeIgniter\Session\Handlers\FileHandler' driver.
DEBUG - 2025-07-14 14:19:59 --> Session: Class initialized using 'CodeIgniter\Session\Handlers\FileHandler' driver.
DEBUG - 2025-07-14 14:20:05 --> Session: Class initialized using 'CodeIgniter\Session\Handlers\FileHandler' driver.
DEBUG - 2025-07-14 14:20:05 --> Session: Class initialized using 'CodeIgniter\Session\Handlers\FileHandler' driver.
DEBUG - 2025-07-14 14:20:07 --> Session: Class initialized using 'CodeIgniter\Session\Handlers\FileHandler' driver.
DEBUG - 2025-07-14 14:20:33 --> Session: Class initialized using 'CodeIgniter\Session\Handlers\FileHandler' driver.
DEBUG - 2025-07-14 14:40:10 --> Session: Class initialized using 'CodeIgniter\Session\Handlers\FileHandler' driver.
DEBUG - 2025-07-14 14:40:13 --> Session: Class initialized using 'CodeIgniter\Session\Handlers\FileHandler' driver.
DEBUG - 2025-07-14 14:41:56 --> Session: Class initialized using 'CodeIgniter\Session\Handlers\FileHandler' driver.
DEBUG - 2025-07-14 14:41:58 --> Session: Class initialized using 'CodeIgniter\Session\Handlers\FileHandler' driver.
DEBUG - 2025-07-14 14:42:00 --> Session: Class initialized using 'CodeIgniter\Session\Handlers\FileHandler' driver.
DEBUG - 2025-07-14 14:42:01 --> Session: Class initialized using 'CodeIgniter\Session\Handlers\FileHandler' driver.
DEBUG - 2025-07-14 14:42:04 --> Session: Class initialized using 'CodeIgniter\Session\Handlers\FileHandler' driver.
DEBUG - 2025-07-14 14:42:09 --> Session: Class initialized using 'CodeIgniter\Session\Handlers\FileHandler' driver.
DEBUG - 2025-07-14 14:42:12 --> Session: Class initialized using 'CodeIgniter\Session\Handlers\FileHandler' driver.
DEBUG - 2025-07-14 14:42:13 --> Session: Class initialized using 'CodeIgniter\Session\Handlers\FileHandler' driver.
DEBUG - 2025-07-14 14:42:20 --> Session: Class initialized using 'CodeIgniter\Session\Handlers\FileHandler' driver.
DEBUG - 2025-07-14 14:42:26 --> Session: Class initialized using 'CodeIgniter\Session\Handlers\FileHandler' driver.
DEBUG - 2025-07-14 14:42:34 --> Session: Class initialized using 'CodeIgniter\Session\Handlers\FileHandler' driver.
DEBUG - 2025-07-14 14:42:49 --> Session: Class initialized using 'CodeIgniter\Session\Handlers\FileHandler' driver.
DEBUG - 2025-07-14 14:42:49 --> Session: Class initialized using 'CodeIgniter\Session\Handlers\FileHandler' driver.
DEBUG - 2025-07-14 14:42:52 --> Session: Class initialized using 'CodeIgniter\Session\Handlers\FileHandler' driver.
DEBUG - 2025-07-14 14:42:52 --> Session: Class initialized using 'CodeIgniter\Session\Handlers\FileHandler' driver.
DEBUG - 2025-07-14 14:43:04 --> Session: Class initialized using 'CodeIgniter\Session\Handlers\FileHandler' driver.
DEBUG - 2025-07-14 14:43:13 --> Session: Class initialized using 'CodeIgniter\Session\Handlers\FileHandler' driver.
DEBUG - 2025-07-14 14:43:14 --> Session: Class initialized using 'CodeIgniter\Session\Handlers\FileHandler' driver.
DEBUG - 2025-07-14 14:43:16 --> Session: Class initialized using 'CodeIgniter\Session\Handlers\FileHandler' driver.
DEBUG - 2025-07-14 14:43:16 --> Session: Class initialized using 'CodeIgniter\Session\Handlers\FileHandler' driver.
DEBUG - 2025-07-14 14:43:21 --> Session: Class initialized using 'CodeIgniter\Session\Handlers\FileHandler' driver.
DEBUG - 2025-07-14 14:43:21 --> Session: Class initialized using 'CodeIgniter\Session\Handlers\FileHandler' driver.
DEBUG - 2025-07-14 14:43:24 --> Session: Class initialized using 'CodeIgniter\Session\Handlers\FileHandler' driver.
DEBUG - 2025-07-14 14:43:25 --> Session: Class initialized using 'CodeIgniter\Session\Handlers\FileHandler' driver.
DEBUG - 2025-07-14 14:43:26 --> Session: Class initialized using 'CodeIgniter\Session\Handlers\FileHandler' driver.
DEBUG - 2025-07-14 14:43:26 --> Session: Class initialized using 'CodeIgniter\Session\Handlers\FileHandler' driver.
DEBUG - 2025-07-14 14:43:28 --> Session: Class initialized using 'CodeIgniter\Session\Handlers\FileHandler' driver.
DEBUG - 2025-07-14 14:43:28 --> Session: Class initialized using 'CodeIgniter\Session\Handlers\FileHandler' driver.
DEBUG - 2025-07-14 14:43:34 --> Session: Class initialized using 'CodeIgniter\Session\Handlers\FileHandler' driver.
DEBUG - 2025-07-14 14:43:34 --> Session: Class initialized using 'CodeIgniter\Session\Handlers\FileHandler' driver.
DEBUG - 2025-07-14 16:05:26 --> Session: Class initialized using 'CodeIgniter\Session\Handlers\FileHandler' driver.
DEBUG - 2025-07-14 16:05:28 --> Session: Class initialized using 'CodeIgniter\Session\Handlers\FileHandler' driver.
DEBUG - 2025-07-14 16:05:41 --> Session: Class initialized using 'CodeIgniter\Session\Handlers\FileHandler' driver.
DEBUG - 2025-07-14 16:05:42 --> Session: Class initialized using 'CodeIgniter\Session\Handlers\FileHandler' driver.
DEBUG - 2025-07-14 16:05:46 --> Session: Class initialized using 'CodeIgniter\Session\Handlers\FileHandler' driver.
DEBUG - 2025-07-14 16:05:47 --> Session: Class initialized using 'CodeIgniter\Session\Handlers\FileHandler' driver.
DEBUG - 2025-07-14 16:05:48 --> Session: Class initialized using 'CodeIgniter\Session\Handlers\FileHandler' driver.
DEBUG - 2025-07-14 16:05:50 --> Session: Class initialized using 'CodeIgniter\Session\Handlers\FileHandler' driver.
DEBUG - 2025-07-14 16:06:11 --> Session: Class initialized using 'CodeIgniter\Session\Handlers\FileHandler' driver.
DEBUG - 2025-07-14 16:06:14 --> Session: Class initialized using 'CodeIgniter\Session\Handlers\FileHandler' driver.
DEBUG - 2025-07-14 16:06:14 --> Session: Class initialized using 'CodeIgniter\Session\Handlers\FileHandler' driver.
DEBUG - 2025-07-14 16:06:23 --> Session: Class initialized using 'CodeIgniter\Session\Handlers\FileHandler' driver.
DEBUG - 2025-07-14 16:06:25 --> Session: Class initialized using 'CodeIgniter\Session\Handlers\FileHandler' driver.
DEBUG - 2025-07-14 16:06:25 --> Session: Class initialized using 'CodeIgniter\Session\Handlers\FileHandler' driver.
DEBUG - 2025-07-14 16:06:32 --> Session: Class initialized using 'CodeIgniter\Session\Handlers\FileHandler' driver.
DEBUG - 2025-07-14 16:06:33 --> Session: Class initialized using 'CodeIgniter\Session\Handlers\FileHandler' driver.
DEBUG - 2025-07-14 16:06:33 --> Session: Class initialized using 'CodeIgniter\Session\Handlers\FileHandler' driver.
DEBUG - 2025-07-14 16:06:43 --> Session: Class initialized using 'CodeIgniter\Session\Handlers\FileHandler' driver.
DEBUG - 2025-07-14 16:06:45 --> Session: Class initialized using 'CodeIgniter\Session\Handlers\FileHandler' driver.
DEBUG - 2025-07-14 16:06:45 --> Session: Class initialized using 'CodeIgniter\Session\Handlers\FileHandler' driver.
DEBUG - 2025-07-14 16:06:53 --> Session: Class initialized using 'CodeIgniter\Session\Handlers\FileHandler' driver.
DEBUG - 2025-07-14 16:06:54 --> Session: Class initialized using 'CodeIgniter\Session\Handlers\FileHandler' driver.
DEBUG - 2025-07-14 16:06:56 --> Session: Class initialized using 'CodeIgniter\Session\Handlers\FileHandler' driver.
DEBUG - 2025-07-14 16:06:56 --> Session: Class initialized using 'CodeIgniter\Session\Handlers\FileHandler' driver.
DEBUG - 2025-07-14 16:07:03 --> Session: Class initialized using 'CodeIgniter\Session\Handlers\FileHandler' driver.
DEBUG - 2025-07-14 16:07:05 --> Session: Class initialized using 'CodeIgniter\Session\Handlers\FileHandler' driver.
DEBUG - 2025-07-14 16:07:05 --> Session: Class initialized using 'CodeIgniter\Session\Handlers\FileHandler' driver.
DEBUG - 2025-07-14 16:07:10 --> Session: Class initialized using 'CodeIgniter\Session\Handlers\FileHandler' driver.
DEBUG - 2025-07-14 16:07:12 --> Session: Class initialized using 'CodeIgniter\Session\Handlers\FileHandler' driver.
DEBUG - 2025-07-14 16:07:12 --> Session: Class initialized using 'CodeIgniter\Session\Handlers\FileHandler' driver.
DEBUG - 2025-07-14 16:07:19 --> Session: Class initialized using 'CodeIgniter\Session\Handlers\FileHandler' driver.
DEBUG - 2025-07-14 16:07:20 --> Session: Class initialized using 'CodeIgniter\Session\Handlers\FileHandler' driver.
DEBUG - 2025-07-14 16:07:21 --> Session: Class initialized using 'CodeIgniter\Session\Handlers\FileHandler' driver.
DEBUG - 2025-07-14 16:07:37 --> Session: Class initialized using 'CodeIgniter\Session\Handlers\FileHandler' driver.
DEBUG - 2025-07-14 16:07:38 --> Session: Class initialized using 'CodeIgniter\Session\Handlers\FileHandler' driver.
DEBUG - 2025-07-14 16:07:38 --> Session: Class initialized using 'CodeIgniter\Session\Handlers\FileHandler' driver.
DEBUG - 2025-07-14 16:07:44 --> Session: Class initialized using 'CodeIgniter\Session\Handlers\FileHandler' driver.
DEBUG - 2025-07-14 16:07:46 --> Session: Class initialized using 'CodeIgniter\Session\Handlers\FileHandler' driver.
DEBUG - 2025-07-14 16:07:46 --> Session: Class initialized using 'CodeIgniter\Session\Handlers\FileHandler' driver.
DEBUG - 2025-07-14 16:07:56 --> Session: Class initialized using 'CodeIgniter\Session\Handlers\FileHandler' driver.
DEBUG - 2025-07-14 16:07:58 --> Session: Class initialized using 'CodeIgniter\Session\Handlers\FileHandler' driver.
DEBUG - 2025-07-14 16:07:58 --> Session: Class initialized using 'CodeIgniter\Session\Handlers\FileHandler' driver.
DEBUG - 2025-07-14 16:08:02 --> Session: Class initialized using 'CodeIgniter\Session\Handlers\FileHandler' driver.
DEBUG - 2025-07-14 16:08:04 --> Session: Class initialized using 'CodeIgniter\Session\Handlers\FileHandler' driver.
DEBUG - 2025-07-14 16:08:04 --> Session: Class initialized using 'CodeIgniter\Session\Handlers\FileHandler' driver.
DEBUG - 2025-07-14 16:08:08 --> Session: Class initialized using 'CodeIgniter\Session\Handlers\FileHandler' driver.
DEBUG - 2025-07-14 16:08:09 --> Session: Class initialized using 'CodeIgniter\Session\Handlers\FileHandler' driver.
DEBUG - 2025-07-14 16:08:09 --> Session: Class initialized using 'CodeIgniter\Session\Handlers\FileHandler' driver.
DEBUG - 2025-07-14 16:08:16 --> Session: Class initialized using 'CodeIgniter\Session\Handlers\FileHandler' driver.
DEBUG - 2025-07-14 16:08:18 --> Session: Class initialized using 'CodeIgniter\Session\Handlers\FileHandler' driver.
DEBUG - 2025-07-14 16:08:18 --> Session: Class initialized using 'CodeIgniter\Session\Handlers\FileHandler' driver.
DEBUG - 2025-07-14 16:08:30 --> Session: Class initialized using 'CodeIgniter\Session\Handlers\FileHandler' driver.
DEBUG - 2025-07-14 16:08:32 --> Session: Class initialized using 'CodeIgniter\Session\Handlers\FileHandler' driver.
DEBUG - 2025-07-14 16:08:32 --> Session: Class initialized using 'CodeIgniter\Session\Handlers\FileHandler' driver.
DEBUG - 2025-07-14 16:08:41 --> Session: Class initialized using 'CodeIgniter\Session\Handlers\FileHandler' driver.
DEBUG - 2025-07-14 16:08:42 --> Session: Class initialized using 'CodeIgniter\Session\Handlers\FileHandler' driver.
DEBUG - 2025-07-14 16:08:43 --> Session: Class initialized using 'CodeIgniter\Session\Handlers\FileHandler' driver.
DEBUG - 2025-07-14 16:08:47 --> Session: Class initialized using 'CodeIgniter\Session\Handlers\FileHandler' driver.
DEBUG - 2025-07-14 16:08:48 --> Session: Class initialized using 'CodeIgniter\Session\Handlers\FileHandler' driver.
DEBUG - 2025-07-14 16:08:48 --> Session: Class initialized using 'CodeIgniter\Session\Handlers\FileHandler' driver.
DEBUG - 2025-07-14 16:08:52 --> Session: Class initialized using 'CodeIgniter\Session\Handlers\FileHandler' driver.
DEBUG - 2025-07-14 16:08:53 --> Session: Class initialized using 'CodeIgniter\Session\Handlers\FileHandler' driver.
DEBUG - 2025-07-14 16:08:53 --> Session: Class initialized using 'CodeIgniter\Session\Handlers\FileHandler' driver.
DEBUG - 2025-07-14 16:09:02 --> Session: Class initialized using 'CodeIgniter\Session\Handlers\FileHandler' driver.
DEBUG - 2025-07-14 16:09:04 --> Session: Class initialized using 'CodeIgniter\Session\Handlers\FileHandler' driver.
DEBUG - 2025-07-14 16:09:04 --> Session: Class initialized using 'CodeIgniter\Session\Handlers\FileHandler' driver.
DEBUG - 2025-07-14 16:09:08 --> Session: Class initialized using 'CodeIgniter\Session\Handlers\FileHandler' driver.
DEBUG - 2025-07-14 16:09:09 --> Session: Class initialized using 'CodeIgniter\Session\Handlers\FileHandler' driver.
DEBUG - 2025-07-14 16:09:10 --> Session: Class initialized using 'CodeIgniter\Session\Handlers\FileHandler' driver.
DEBUG - 2025-07-14 16:09:18 --> Session: Class initialized using 'CodeIgniter\Session\Handlers\FileHandler' driver.
DEBUG - 2025-07-14 16:09:20 --> Session: Class initialized using 'CodeIgniter\Session\Handlers\FileHandler' driver.
DEBUG - 2025-07-14 16:09:20 --> Session: Class initialized using 'CodeIgniter\Session\Handlers\FileHandler' driver.
DEBUG - 2025-07-14 16:09:22 --> Session: Class initialized using 'CodeIgniter\Session\Handlers\FileHandler' driver.
DEBUG - 2025-07-14 16:09:23 --> Session: Class initialized using 'CodeIgniter\Session\Handlers\FileHandler' driver.
DEBUG - 2025-07-14 16:09:24 --> Session: Class initialized using 'CodeIgniter\Session\Handlers\FileHandler' driver.
DEBUG - 2025-07-14 16:09:26 --> Session: Class initialized using 'CodeIgniter\Session\Handlers\FileHandler' driver.
DEBUG - 2025-07-14 16:09:35 --> Session: Class initialized using 'CodeIgniter\Session\Handlers\FileHandler' driver.
DEBUG - 2025-07-14 16:09:37 --> Session: Class initialized using 'CodeIgniter\Session\Handlers\FileHandler' driver.
DEBUG - 2025-07-14 16:09:37 --> Session: Class initialized using 'CodeIgniter\Session\Handlers\FileHandler' driver.
DEBUG - 2025-07-14 16:09:41 --> Session: Class initialized using 'CodeIgniter\Session\Handlers\FileHandler' driver.
DEBUG - 2025-07-14 16:09:43 --> Session: Class initialized using 'CodeIgniter\Session\Handlers\FileHandler' driver.
DEBUG - 2025-07-14 16:09:43 --> Session: Class initialized using 'CodeIgniter\Session\Handlers\FileHandler' driver.
DEBUG - 2025-07-14 16:09:47 --> Session: Class initialized using 'CodeIgniter\Session\Handlers\FileHandler' driver.
DEBUG - 2025-07-14 16:09:49 --> Session: Class initialized using 'CodeIgniter\Session\Handlers\FileHandler' driver.
DEBUG - 2025-07-14 16:09:49 --> Session: Class initialized using 'CodeIgniter\Session\Handlers\FileHandler' driver.
DEBUG - 2025-07-14 16:09:54 --> Session: Class initialized using 'CodeIgniter\Session\Handlers\FileHandler' driver.
DEBUG - 2025-07-14 16:09:55 --> Session: Class initialized using 'CodeIgniter\Session\Handlers\FileHandler' driver.
DEBUG - 2025-07-14 16:09:56 --> Session: Class initialized using 'CodeIgniter\Session\Handlers\FileHandler' driver.
DEBUG - 2025-07-14 16:11:18 --> Session: Class initialized using 'CodeIgniter\Session\Handlers\FileHandler' driver.
DEBUG - 2025-07-14 16:11:21 --> Session: Class initialized using 'CodeIgniter\Session\Handlers\FileHandler' driver.
DEBUG - 2025-07-14 16:11:22 --> Session: Class initialized using 'CodeIgniter\Session\Handlers\FileHandler' driver.
DEBUG - 2025-07-14 16:11:23 --> Session: Class initialized using 'CodeIgniter\Session\Handlers\FileHandler' driver.
DEBUG - 2025-07-14 16:11:57 --> Session: Class initialized using 'CodeIgniter\Session\Handlers\FileHandler' driver.
DEBUG - 2025-07-14 16:11:59 --> Session: Class initialized using 'CodeIgniter\Session\Handlers\FileHandler' driver.
DEBUG - 2025-07-14 16:12:00 --> Session: Class initialized using 'CodeIgniter\Session\Handlers\FileHandler' driver.
DEBUG - 2025-07-14 16:12:01 --> Session: Class initialized using 'CodeIgniter\Session\Handlers\FileHandler' driver.
DEBUG - 2025-07-14 16:12:04 --> Session: Class initialized using 'CodeIgniter\Session\Handlers\FileHandler' driver.
DEBUG - 2025-07-14 16:12:05 --> Session: Class initialized using 'CodeIgniter\Session\Handlers\FileHandler' driver.
DEBUG - 2025-07-14 16:12:06 --> Session: Class initialized using 'CodeIgniter\Session\Handlers\FileHandler' driver.
DEBUG - 2025-07-14 16:12:07 --> Session: Class initialized using 'CodeIgniter\Session\Handlers\FileHandler' driver.
DEBUG - 2025-07-14 16:12:18 --> Session: Class initialized using 'CodeIgniter\Session\Handlers\FileHandler' driver.
DEBUG - 2025-07-14 16:12:19 --> Session: Class initialized using 'CodeIgniter\Session\Handlers\FileHandler' driver.
DEBUG - 2025-07-14 16:12:30 --> Session: Class initialized using 'CodeIgniter\Session\Handlers\FileHandler' driver.
DEBUG - 2025-07-14 16:14:46 --> Session: Class initialized using 'CodeIgniter\Session\Handlers\FileHandler' driver.
DEBUG - 2025-07-14 16:15:51 --> Session: Class initialized using 'CodeIgniter\Session\Handlers\FileHandler' driver.
DEBUG - 2025-07-14 16:15:54 --> Session: Class initialized using 'CodeIgniter\Session\Handlers\FileHandler' driver.
DEBUG - 2025-07-14 16:15:57 --> Session: Class initialized using 'CodeIgniter\Session\Handlers\FileHandler' driver.
DEBUG - 2025-07-14 16:16:02 --> Session: Class initialized using 'CodeIgniter\Session\Handlers\FileHandler' driver.
DEBUG - 2025-07-14 16:17:54 --> Session: Class initialized using 'CodeIgniter\Session\Handlers\FileHandler' driver.
DEBUG - 2025-07-14 16:22:01 --> Session: Class initialized using 'CodeIgniter\Session\Handlers\FileHandler' driver.
DEBUG - 2025-07-14 16:22:29 --> Session: Class initialized using 'CodeIgniter\Session\Handlers\FileHandler' driver.
DEBUG - 2025-07-14 16:23:15 --> Session: Class initialized using 'CodeIgniter\Session\Handlers\FileHandler' driver.
CRITICAL - 2025-07-14 16:23:15 --> ErrorException: Undefined variable $user
[Method: GET, Route: wilayah]
in APPPATH\Views\layout\navbar.php on line 5.
 1 APPPATH\Views\layout\navbar.php(5): CodeIgniter\Debug\Exceptions->errorHandler(2, 'Undefined variable $user', 'C:\\laragon\\www\\montecarlo\\app\\Views\\layout\\navbar.php', 5)
 2 SYSTEMPATH\View\View.php(224): include('C:\\laragon\\www\\montecarlo\\app\\Views\\layout\\navbar.php')
 3 SYSTEMPATH\View\View.php(227): CodeIgniter\View\View->CodeIgniter\View\{closure}()
 4 SYSTEMPATH\View\View.php(475): CodeIgniter\View\View->render('layout/navbar', null, true)
 5 APPPATH\Views\layout\layout.php(66): CodeIgniter\View\View->include('layout/navbar')
 6 SYSTEMPATH\View\View.php(224): include('C:\\laragon\\www\\montecarlo\\app\\Views\\layout\\layout.php')
 7 SYSTEMPATH\View\View.php(227): CodeIgniter\View\View->CodeIgniter\View\{closure}()
 8 SYSTEMPATH\View\View.php(240): CodeIgniter\View\View->render('layout/layout', [], true)
 9 SYSTEMPATH\Common.php(1173): CodeIgniter\View\View->render('wilayah/index', [], true)
10 APPPATH\Controllers\Wilayah.php(25): view('wilayah/index', [...])
11 SYSTEMPATH\CodeIgniter.php(933): App\Controllers\Wilayah->index()
12 SYSTEMPATH\CodeIgniter.php(507): CodeIgniter\CodeIgniter->runController(Object(App\Controllers\Wilayah))
13 SYSTEMPATH\CodeIgniter.php(354): CodeIgniter\CodeIgniter->handleRequest(null, Object(Config\Cache), false)
14 SYSTEMPATH\Boot.php(334): CodeIgniter\CodeIgniter->run()
15 SYSTEMPATH\Boot.php(67): CodeIgniter\Boot::runCodeIgniter(Object(CodeIgniter\CodeIgniter))
16 FCPATH\index.php(59): CodeIgniter\Boot::bootWeb(Object(Config\Paths))
DEBUG - 2025-07-14 16:23:17 --> Session: Class initialized using 'CodeIgniter\Session\Handlers\FileHandler' driver.
CRITICAL - 2025-07-14 16:23:17 --> ErrorException: Undefined variable $user
[Method: GET, Route: /]
in APPPATH\Views\layout\navbar.php on line 5.
 1 APPPATH\Views\layout\navbar.php(5): CodeIgniter\Debug\Exceptions->errorHandler(2, 'Undefined variable $user', 'C:\\laragon\\www\\montecarlo\\app\\Views\\layout\\navbar.php', 5)
 2 SYSTEMPATH\View\View.php(224): include('C:\\laragon\\www\\montecarlo\\app\\Views\\layout\\navbar.php')
 3 SYSTEMPATH\View\View.php(227): CodeIgniter\View\View->CodeIgniter\View\{closure}()
 4 SYSTEMPATH\View\View.php(475): CodeIgniter\View\View->render('layout/navbar', null, true)
 5 APPPATH\Views\layout\layout.php(66): CodeIgniter\View\View->include('layout/navbar')
 6 SYSTEMPATH\View\View.php(224): include('C:\\laragon\\www\\montecarlo\\app\\Views\\layout\\layout.php')
 7 SYSTEMPATH\View\View.php(227): CodeIgniter\View\View->CodeIgniter\View\{closure}()
 8 SYSTEMPATH\View\View.php(240): CodeIgniter\View\View->render('layout/layout', [], true)
 9 SYSTEMPATH\Common.php(1173): CodeIgniter\View\View->render('dashboard/index', [], true)
10 APPPATH\Controllers\Dashboard.php(11): view('dashboard/index', [...])
11 SYSTEMPATH\CodeIgniter.php(933): App\Controllers\Dashboard->index()
12 SYSTEMPATH\CodeIgniter.php(507): CodeIgniter\CodeIgniter->runController(Object(App\Controllers\Dashboard))
13 SYSTEMPATH\CodeIgniter.php(354): CodeIgniter\CodeIgniter->handleRequest(null, Object(Config\Cache), false)
14 SYSTEMPATH\Boot.php(334): CodeIgniter\CodeIgniter->run()
15 SYSTEMPATH\Boot.php(67): CodeIgniter\Boot::runCodeIgniter(Object(CodeIgniter\CodeIgniter))
16 FCPATH\index.php(59): CodeIgniter\Boot::bootWeb(Object(Config\Paths))
DEBUG - 2025-07-14 16:23:18 --> Session: Class initialized using 'CodeIgniter\Session\Handlers\FileHandler' driver.
CRITICAL - 2025-07-14 16:23:18 --> ErrorException: Undefined variable $user
[Method: GET, Route: wilayah]
in APPPATH\Views\layout\navbar.php on line 5.
 1 APPPATH\Views\layout\navbar.php(5): CodeIgniter\Debug\Exceptions->errorHandler(2, 'Undefined variable $user', 'C:\\laragon\\www\\montecarlo\\app\\Views\\layout\\navbar.php', 5)
 2 SYSTEMPATH\View\View.php(224): include('C:\\laragon\\www\\montecarlo\\app\\Views\\layout\\navbar.php')
 3 SYSTEMPATH\View\View.php(227): CodeIgniter\View\View->CodeIgniter\View\{closure}()
 4 SYSTEMPATH\View\View.php(475): CodeIgniter\View\View->render('layout/navbar', null, true)
 5 APPPATH\Views\layout\layout.php(66): CodeIgniter\View\View->include('layout/navbar')
 6 SYSTEMPATH\View\View.php(224): include('C:\\laragon\\www\\montecarlo\\app\\Views\\layout\\layout.php')
 7 SYSTEMPATH\View\View.php(227): CodeIgniter\View\View->CodeIgniter\View\{closure}()
 8 SYSTEMPATH\View\View.php(240): CodeIgniter\View\View->render('layout/layout', [], true)
 9 SYSTEMPATH\Common.php(1173): CodeIgniter\View\View->render('wilayah/index', [], true)
10 APPPATH\Controllers\Wilayah.php(25): view('wilayah/index', [...])
11 SYSTEMPATH\CodeIgniter.php(933): App\Controllers\Wilayah->index()
12 SYSTEMPATH\CodeIgniter.php(507): CodeIgniter\CodeIgniter->runController(Object(App\Controllers\Wilayah))
13 SYSTEMPATH\CodeIgniter.php(354): CodeIgniter\CodeIgniter->handleRequest(null, Object(Config\Cache), false)
14 SYSTEMPATH\Boot.php(334): CodeIgniter\CodeIgniter->run()
15 SYSTEMPATH\Boot.php(67): CodeIgniter\Boot::runCodeIgniter(Object(CodeIgniter\CodeIgniter))
16 FCPATH\index.php(59): CodeIgniter\Boot::bootWeb(Object(Config\Paths))
DEBUG - 2025-07-14 16:23:20 --> Session: Class initialized using 'CodeIgniter\Session\Handlers\FileHandler' driver.
DEBUG - 2025-07-14 16:23:22 --> Session: Class initialized using 'CodeIgniter\Session\Handlers\FileHandler' driver.
DEBUG - 2025-07-14 16:23:25 --> Session: Class initialized using 'CodeIgniter\Session\Handlers\FileHandler' driver.
DEBUG - 2025-07-14 16:23:28 --> Session: Class initialized using 'CodeIgniter\Session\Handlers\FileHandler' driver.
CRITICAL - 2025-07-14 16:23:28 --> ErrorException: Undefined variable $user
[Method: GET, Route: /]
in APPPATH\Views\layout\navbar.php on line 5.
 1 APPPATH\Views\layout\navbar.php(5): CodeIgniter\Debug\Exceptions->errorHandler(2, 'Undefined variable $user', 'C:\\laragon\\www\\montecarlo\\app\\Views\\layout\\navbar.php', 5)
 2 SYSTEMPATH\View\View.php(224): include('C:\\laragon\\www\\montecarlo\\app\\Views\\layout\\navbar.php')
 3 SYSTEMPATH\View\View.php(227): CodeIgniter\View\View->CodeIgniter\View\{closure}()
 4 SYSTEMPATH\View\View.php(475): CodeIgniter\View\View->render('layout/navbar', null, true)
 5 APPPATH\Views\layout\layout.php(66): CodeIgniter\View\View->include('layout/navbar')
 6 SYSTEMPATH\View\View.php(224): include('C:\\laragon\\www\\montecarlo\\app\\Views\\layout\\layout.php')
 7 SYSTEMPATH\View\View.php(227): CodeIgniter\View\View->CodeIgniter\View\{closure}()
 8 SYSTEMPATH\View\View.php(240): CodeIgniter\View\View->render('layout/layout', [], true)
 9 SYSTEMPATH\Common.php(1173): CodeIgniter\View\View->render('dashboard/index', [], true)
10 APPPATH\Controllers\Dashboard.php(11): view('dashboard/index', [...])
11 SYSTEMPATH\CodeIgniter.php(933): App\Controllers\Dashboard->index()
12 SYSTEMPATH\CodeIgniter.php(507): CodeIgniter\CodeIgniter->runController(Object(App\Controllers\Dashboard))
13 SYSTEMPATH\CodeIgniter.php(354): CodeIgniter\CodeIgniter->handleRequest(null, Object(Config\Cache), false)
14 SYSTEMPATH\Boot.php(334): CodeIgniter\CodeIgniter->run()
15 SYSTEMPATH\Boot.php(67): CodeIgniter\Boot::runCodeIgniter(Object(CodeIgniter\CodeIgniter))
16 FCPATH\index.php(59): CodeIgniter\Boot::bootWeb(Object(Config\Paths))
DEBUG - 2025-07-14 16:23:40 --> Session: Class initialized using 'CodeIgniter\Session\Handlers\FileHandler' driver.
DEBUG - 2025-07-14 16:23:43 --> Session: Class initialized using 'CodeIgniter\Session\Handlers\FileHandler' driver.
DEBUG - 2025-07-14 16:25:02 --> Session: Class initialized using 'CodeIgniter\Session\Handlers\FileHandler' driver.
DEBUG - 2025-07-14 16:25:18 --> Session: Class initialized using 'CodeIgniter\Session\Handlers\FileHandler' driver.
DEBUG - 2025-07-14 16:25:43 --> Session: Class initialized using 'CodeIgniter\Session\Handlers\FileHandler' driver.
DEBUG - 2025-07-14 16:25:58 --> Session: Class initialized using 'CodeIgniter\Session\Handlers\FileHandler' driver.
DEBUG - 2025-07-14 16:26:05 --> Session: Class initialized using 'CodeIgniter\Session\Handlers\FileHandler' driver.
DEBUG - 2025-07-14 16:26:12 --> Session: Class initialized using 'CodeIgniter\Session\Handlers\FileHandler' driver.
DEBUG - 2025-07-14 16:27:34 --> Session: Class initialized using 'CodeIgniter\Session\Handlers\FileHandler' driver.
DEBUG - 2025-07-14 16:27:43 --> Session: Class initialized using 'CodeIgniter\Session\Handlers\FileHandler' driver.
DEBUG - 2025-07-14 16:27:44 --> Session: Class initialized using 'CodeIgniter\Session\Handlers\FileHandler' driver.
DEBUG - 2025-07-14 16:28:35 --> Session: Class initialized using 'CodeIgniter\Session\Handlers\FileHandler' driver.
DEBUG - 2025-07-14 16:29:07 --> Session: Class initialized using 'CodeIgniter\Session\Handlers\FileHandler' driver.
DEBUG - 2025-07-14 16:29:09 --> Session: Class initialized using 'CodeIgniter\Session\Handlers\FileHandler' driver.
DEBUG - 2025-07-14 16:29:12 --> Session: Class initialized using 'CodeIgniter\Session\Handlers\FileHandler' driver.
DEBUG - 2025-07-14 16:32:41 --> Session: Class initialized using 'CodeIgniter\Session\Handlers\FileHandler' driver.
DEBUG - 2025-07-14 16:32:42 --> Session: Class initialized using 'CodeIgniter\Session\Handlers\FileHandler' driver.
DEBUG - 2025-07-14 16:32:56 --> Session: Class initialized using 'CodeIgniter\Session\Handlers\FileHandler' driver.
DEBUG - 2025-07-14 16:32:57 --> Session: Class initialized using 'CodeIgniter\Session\Handlers\FileHandler' driver.
DEBUG - 2025-07-14 16:33:06 --> Session: Class initialized using 'CodeIgniter\Session\Handlers\FileHandler' driver.
DEBUG - 2025-07-14 16:33:20 --> Session: Class initialized using 'CodeIgniter\Session\Handlers\FileHandler' driver.
DEBUG - 2025-07-14 16:33:20 --> Session: Class initialized using 'CodeIgniter\Session\Handlers\FileHandler' driver.
DEBUG - 2025-07-14 16:33:23 --> Session: Class initialized using 'CodeIgniter\Session\Handlers\FileHandler' driver.
DEBUG - 2025-07-14 16:33:24 --> Session: Class initialized using 'CodeIgniter\Session\Handlers\FileHandler' driver.
DEBUG - 2025-07-14 16:33:26 --> Session: Class initialized using 'CodeIgniter\Session\Handlers\FileHandler' driver.
DEBUG - 2025-07-14 16:33:27 --> Session: Class initialized using 'CodeIgniter\Session\Handlers\FileHandler' driver.
DEBUG - 2025-07-14 16:33:28 --> Session: Class initialized using 'CodeIgniter\Session\Handlers\FileHandler' driver.
DEBUG - 2025-07-14 16:33:30 --> Session: Class initialized using 'CodeIgniter\Session\Handlers\FileHandler' driver.
DEBUG - 2025-07-14 16:38:48 --> Session: Class initialized using 'CodeIgniter\Session\Handlers\FileHandler' driver.
DEBUG - 2025-07-14 16:38:49 --> Session: Class initialized using 'CodeIgniter\Session\Handlers\FileHandler' driver.
DEBUG - 2025-07-14 16:38:50 --> Session: Class initialized using 'CodeIgniter\Session\Handlers\FileHandler' driver.
DEBUG - 2025-07-14 16:38:58 --> Session: Class initialized using 'CodeIgniter\Session\Handlers\FileHandler' driver.
DEBUG - 2025-07-14 16:38:58 --> Session: Class initialized using 'CodeIgniter\Session\Handlers\FileHandler' driver.
DEBUG - 2025-07-14 16:39:00 --> Session: Class initialized using 'CodeIgniter\Session\Handlers\FileHandler' driver.
DEBUG - 2025-07-14 16:39:01 --> Session: Class initialized using 'CodeIgniter\Session\Handlers\FileHandler' driver.
DEBUG - 2025-07-14 16:39:02 --> Session: Class initialized using 'CodeIgniter\Session\Handlers\FileHandler' driver.
DEBUG - 2025-07-14 16:39:05 --> Session: Class initialized using 'CodeIgniter\Session\Handlers\FileHandler' driver.
DEBUG - 2025-07-14 16:39:06 --> Session: Class initialized using 'CodeIgniter\Session\Handlers\FileHandler' driver.
DEBUG - 2025-07-14 16:39:10 --> Session: Class initialized using 'CodeIgniter\Session\Handlers\FileHandler' driver.
DEBUG - 2025-07-14 16:39:10 --> Session: Class initialized using 'CodeIgniter\Session\Handlers\FileHandler' driver.
DEBUG - 2025-07-14 16:39:16 --> Session: Class initialized using 'CodeIgniter\Session\Handlers\FileHandler' driver.
DEBUG - 2025-07-14 16:39:17 --> Session: Class initialized using 'CodeIgniter\Session\Handlers\FileHandler' driver.
DEBUG - 2025-07-14 16:40:32 --> Session: Class initialized using 'CodeIgniter\Session\Handlers\FileHandler' driver.
DEBUG - 2025-07-14 16:40:35 --> Session: Class initialized using 'CodeIgniter\Session\Handlers\FileHandler' driver.
DEBUG - 2025-07-14 16:41:00 --> Session: Class initialized using 'CodeIgniter\Session\Handlers\FileHandler' driver.
DEBUG - 2025-07-14 16:41:02 --> Session: Class initialized using 'CodeIgniter\Session\Handlers\FileHandler' driver.
DEBUG - 2025-07-14 16:41:24 --> Session: Class initialized using 'CodeIgniter\Session\Handlers\FileHandler' driver.
DEBUG - 2025-07-14 16:41:35 --> Session: Class initialized using 'CodeIgniter\Session\Handlers\FileHandler' driver.
DEBUG - 2025-07-14 16:41:37 --> Session: Class initialized using 'CodeIgniter\Session\Handlers\FileHandler' driver.
DEBUG - 2025-07-14 16:41:38 --> Session: Class initialized using 'CodeIgniter\Session\Handlers\FileHandler' driver.
DEBUG - 2025-07-14 16:41:39 --> Session: Class initialized using 'CodeIgniter\Session\Handlers\FileHandler' driver.
DEBUG - 2025-07-14 16:41:41 --> Session: Class initialized using 'CodeIgniter\Session\Handlers\FileHandler' driver.
DEBUG - 2025-07-14 16:42:23 --> Session: Class initialized using 'CodeIgniter\Session\Handlers\FileHandler' driver.
DEBUG - 2025-07-14 16:42:25 --> Session: Class initialized using 'CodeIgniter\Session\Handlers\FileHandler' driver.
DEBUG - 2025-07-14 16:42:44 --> Session: Class initialized using 'CodeIgniter\Session\Handlers\FileHandler' driver.
DEBUG - 2025-07-14 16:43:23 --> Session: Class initialized using 'CodeIgniter\Session\Handlers\FileHandler' driver.
DEBUG - 2025-07-14 16:43:24 --> Session: Class initialized using 'CodeIgniter\Session\Handlers\FileHandler' driver.
DEBUG - 2025-07-14 16:44:36 --> Session: Class initialized using 'CodeIgniter\Session\Handlers\FileHandler' driver.
DEBUG - 2025-07-14 16:44:37 --> Session: Class initialized using 'CodeIgniter\Session\Handlers\FileHandler' driver.
DEBUG - 2025-07-14 16:45:14 --> Session: Class initialized using 'CodeIgniter\Session\Handlers\FileHandler' driver.
DEBUG - 2025-07-14 16:45:16 --> Session: Class initialized using 'CodeIgniter\Session\Handlers\FileHandler' driver.
DEBUG - 2025-07-14 16:45:24 --> Session: Class initialized using 'CodeIgniter\Session\Handlers\FileHandler' driver.
DEBUG - 2025-07-14 16:45:24 --> Session: Class initialized using 'CodeIgniter\Session\Handlers\FileHandler' driver.
DEBUG - 2025-07-14 16:45:27 --> Session: Class initialized using 'CodeIgniter\Session\Handlers\FileHandler' driver.
DEBUG - 2025-07-14 16:45:27 --> Session: Class initialized using 'CodeIgniter\Session\Handlers\FileHandler' driver.
DEBUG - 2025-07-14 16:45:38 --> Session: Class initialized using 'CodeIgniter\Session\Handlers\FileHandler' driver.
DEBUG - 2025-07-14 16:46:22 --> Session: Class initialized using 'CodeIgniter\Session\Handlers\FileHandler' driver.
DEBUG - 2025-07-14 16:46:47 --> Session: Class initialized using 'CodeIgniter\Session\Handlers\FileHandler' driver.
DEBUG - 2025-07-14 16:46:52 --> Session: Class initialized using 'CodeIgniter\Session\Handlers\FileHandler' driver.
DEBUG - 2025-07-14 16:46:59 --> Session: Class initialized using 'CodeIgniter\Session\Handlers\FileHandler' driver.
DEBUG - 2025-07-14 16:47:05 --> Session: Class initialized using 'CodeIgniter\Session\Handlers\FileHandler' driver.
DEBUG - 2025-07-14 16:47:17 --> Session: Class initialized using 'CodeIgniter\Session\Handlers\FileHandler' driver.
DEBUG - 2025-07-14 16:48:48 --> Session: Class initialized using 'CodeIgniter\Session\Handlers\FileHandler' driver.
DEBUG - 2025-07-14 16:49:00 --> Session: Class initialized using 'CodeIgniter\Session\Handlers\FileHandler' driver.
DEBUG - 2025-07-14 16:49:08 --> Session: Class initialized using 'CodeIgniter\Session\Handlers\FileHandler' driver.
DEBUG - 2025-07-14 16:49:17 --> Session: Class initialized using 'CodeIgniter\Session\Handlers\FileHandler' driver.
DEBUG - 2025-07-14 16:49:30 --> Session: Class initialized using 'CodeIgniter\Session\Handlers\FileHandler' driver.
DEBUG - 2025-07-14 16:50:16 --> Session: Class initialized using 'CodeIgniter\Session\Handlers\FileHandler' driver.
DEBUG - 2025-07-14 16:53:23 --> Session: Class initialized using 'CodeIgniter\Session\Handlers\FileHandler' driver.
DEBUG - 2025-07-14 16:53:23 --> Session: Class initialized using 'CodeIgniter\Session\Handlers\FileHandler' driver.
DEBUG - 2025-07-14 16:53:30 --> Session: Class initialized using 'CodeIgniter\Session\Handlers\FileHandler' driver.
DEBUG - 2025-07-14 16:53:30 --> Session: Class initialized using 'CodeIgniter\Session\Handlers\FileHandler' driver.
DEBUG - 2025-07-14 16:53:32 --> Session: Class initialized using 'CodeIgniter\Session\Handlers\FileHandler' driver.
DEBUG - 2025-07-14 16:54:05 --> Session: Class initialized using 'CodeIgniter\Session\Handlers\FileHandler' driver.
DEBUG - 2025-07-14 16:54:28 --> Session: Class initialized using 'CodeIgniter\Session\Handlers\FileHandler' driver.
DEBUG - 2025-07-14 16:54:46 --> Session: Class initialized using 'CodeIgniter\Session\Handlers\FileHandler' driver.
DEBUG - 2025-07-14 16:54:47 --> Session: Class initialized using 'CodeIgniter\Session\Handlers\FileHandler' driver.
DEBUG - 2025-07-14 16:54:47 --> Session: Class initialized using 'CodeIgniter\Session\Handlers\FileHandler' driver.
DEBUG - 2025-07-14 16:54:49 --> Session: Class initialized using 'CodeIgniter\Session\Handlers\FileHandler' driver.
DEBUG - 2025-07-14 16:54:59 --> Session: Class initialized using 'CodeIgniter\Session\Handlers\FileHandler' driver.
DEBUG - 2025-07-14 16:55:00 --> Session: Class initialized using 'CodeIgniter\Session\Handlers\FileHandler' driver.
DEBUG - 2025-07-14 16:55:02 --> Session: Class initialized using 'CodeIgniter\Session\Handlers\FileHandler' driver.
DEBUG - 2025-07-14 16:55:12 --> Session: Class initialized using 'CodeIgniter\Session\Handlers\FileHandler' driver.
DEBUG - 2025-07-14 16:55:12 --> Session: Class initialized using 'CodeIgniter\Session\Handlers\FileHandler' driver.
DEBUG - 2025-07-14 16:55:13 --> Session: Class initialized using 'CodeIgniter\Session\Handlers\FileHandler' driver.
DEBUG - 2025-07-14 16:55:54 --> Session: Class initialized using 'CodeIgniter\Session\Handlers\FileHandler' driver.
DEBUG - 2025-07-14 16:56:05 --> Session: Class initialized using 'CodeIgniter\Session\Handlers\FileHandler' driver.
DEBUG - 2025-07-14 16:56:11 --> Session: Class initialized using 'CodeIgniter\Session\Handlers\FileHandler' driver.
DEBUG - 2025-07-14 16:56:26 --> Session: Class initialized using 'CodeIgniter\Session\Handlers\FileHandler' driver.
DEBUG - 2025-07-14 16:57:04 --> Session: Class initialized using 'CodeIgniter\Session\Handlers\FileHandler' driver.
DEBUG - 2025-07-14 16:57:10 --> Session: Class initialized using 'CodeIgniter\Session\Handlers\FileHandler' driver.
DEBUG - 2025-07-14 16:57:28 --> Session: Class initialized using 'CodeIgniter\Session\Handlers\FileHandler' driver.
DEBUG - 2025-07-14 16:57:30 --> Session: Class initialized using 'CodeIgniter\Session\Handlers\FileHandler' driver.
DEBUG - 2025-07-14 16:57:43 --> Session: Class initialized using 'CodeIgniter\Session\Handlers\FileHandler' driver.
DEBUG - 2025-07-14 16:58:01 --> Session: Class initialized using 'CodeIgniter\Session\Handlers\FileHandler' driver.
DEBUG - 2025-07-14 16:58:02 --> Session: Class initialized using 'CodeIgniter\Session\Handlers\FileHandler' driver.
DEBUG - 2025-07-14 16:58:31 --> Session: Class initialized using 'CodeIgniter\Session\Handlers\FileHandler' driver.
DEBUG - 2025-07-14 16:59:03 --> Session: Class initialized using 'CodeIgniter\Session\Handlers\FileHandler' driver.
DEBUG - 2025-07-14 16:59:24 --> Session: Class initialized using 'CodeIgniter\Session\Handlers\FileHandler' driver.
DEBUG - 2025-07-14 17:00:25 --> Session: Class initialized using 'CodeIgniter\Session\Handlers\FileHandler' driver.
DEBUG - 2025-07-14 17:00:35 --> Session: Class initialized using 'CodeIgniter\Session\Handlers\FileHandler' driver.
DEBUG - 2025-07-14 17:01:00 --> Session: Class initialized using 'CodeIgniter\Session\Handlers\FileHandler' driver.
DEBUG - 2025-07-14 17:01:10 --> Session: Class initialized using 'CodeIgniter\Session\Handlers\FileHandler' driver.
DEBUG - 2025-07-14 17:01:13 --> Session: Class initialized using 'CodeIgniter\Session\Handlers\FileHandler' driver.
DEBUG - 2025-07-14 17:01:14 --> Session: Class initialized using 'CodeIgniter\Session\Handlers\FileHandler' driver.
DEBUG - 2025-07-14 17:01:15 --> Session: Class initialized using 'CodeIgniter\Session\Handlers\FileHandler' driver.
DEBUG - 2025-07-14 17:01:25 --> Session: Class initialized using 'CodeIgniter\Session\Handlers\FileHandler' driver.
DEBUG - 2025-07-14 17:01:28 --> Session: Class initialized using 'CodeIgniter\Session\Handlers\FileHandler' driver.
DEBUG - 2025-07-14 17:01:53 --> Session: Class initialized using 'CodeIgniter\Session\Handlers\FileHandler' driver.
DEBUG - 2025-07-14 17:01:59 --> Session: Class initialized using 'CodeIgniter\Session\Handlers\FileHandler' driver.
DEBUG - 2025-07-14 17:02:16 --> Session: Class initialized using 'CodeIgniter\Session\Handlers\FileHandler' driver.
DEBUG - 2025-07-14 17:02:40 --> Session: Class initialized using 'CodeIgniter\Session\Handlers\FileHandler' driver.
DEBUG - 2025-07-14 17:03:35 --> Session: Class initialized using 'CodeIgniter\Session\Handlers\FileHandler' driver.
DEBUG - 2025-07-14 17:03:37 --> Session: Class initialized using 'CodeIgniter\Session\Handlers\FileHandler' driver.
DEBUG - 2025-07-14 17:03:39 --> Session: Class initialized using 'CodeIgniter\Session\Handlers\FileHandler' driver.
DEBUG - 2025-07-14 17:04:00 --> Session: Class initialized using 'CodeIgniter\Session\Handlers\FileHandler' driver.
DEBUG - 2025-07-14 17:04:09 --> Session: Class initialized using 'CodeIgniter\Session\Handlers\FileHandler' driver.
DEBUG - 2025-07-14 17:04:17 --> Session: Class initialized using 'CodeIgniter\Session\Handlers\FileHandler' driver.
DEBUG - 2025-07-14 17:04:19 --> Session: Class initialized using 'CodeIgniter\Session\Handlers\FileHandler' driver.
DEBUG - 2025-07-14 17:04:47 --> Session: Class initialized using 'CodeIgniter\Session\Handlers\FileHandler' driver.
DEBUG - 2025-07-14 17:04:56 --> Session: Class initialized using 'CodeIgniter\Session\Handlers\FileHandler' driver.
DEBUG - 2025-07-14 17:04:57 --> Session: Class initialized using 'CodeIgniter\Session\Handlers\FileHandler' driver.
DEBUG - 2025-07-14 17:05:15 --> Session: Class initialized using 'CodeIgniter\Session\Handlers\FileHandler' driver.
DEBUG - 2025-07-14 17:05:21 --> Session: Class initialized using 'CodeIgniter\Session\Handlers\FileHandler' driver.
DEBUG - 2025-07-14 17:05:51 --> Session: Class initialized using 'CodeIgniter\Session\Handlers\FileHandler' driver.
DEBUG - 2025-07-14 17:06:05 --> Session: Class initialized using 'CodeIgniter\Session\Handlers\FileHandler' driver.
DEBUG - 2025-07-14 17:06:06 --> Session: Class initialized using 'CodeIgniter\Session\Handlers\FileHandler' driver.
DEBUG - 2025-07-14 17:06:10 --> Session: Class initialized using 'CodeIgniter\Session\Handlers\FileHandler' driver.
DEBUG - 2025-07-14 17:06:28 --> Session: Class initialized using 'CodeIgniter\Session\Handlers\FileHandler' driver.
DEBUG - 2025-07-14 17:06:31 --> Session: Class initialized using 'CodeIgniter\Session\Handlers\FileHandler' driver.
DEBUG - 2025-07-14 17:06:33 --> Session: Class initialized using 'CodeIgniter\Session\Handlers\FileHandler' driver.
DEBUG - 2025-07-14 17:06:35 --> Session: Class initialized using 'CodeIgniter\Session\Handlers\FileHandler' driver.
DEBUG - 2025-07-14 17:06:36 --> Session: Class initialized using 'CodeIgniter\Session\Handlers\FileHandler' driver.
DEBUG - 2025-07-14 17:06:39 --> Session: Class initialized using 'CodeIgniter\Session\Handlers\FileHandler' driver.
DEBUG - 2025-07-14 17:07:06 --> Session: Class initialized using 'CodeIgniter\Session\Handlers\FileHandler' driver.
DEBUG - 2025-07-14 17:07:11 --> Session: Class initialized using 'CodeIgniter\Session\Handlers\FileHandler' driver.
DEBUG - 2025-07-14 17:07:18 --> Session: Class initialized using 'CodeIgniter\Session\Handlers\FileHandler' driver.
DEBUG - 2025-07-14 17:07:29 --> Session: Class initialized using 'CodeIgniter\Session\Handlers\FileHandler' driver.
DEBUG - 2025-07-14 17:07:30 --> Session: Class initialized using 'CodeIgniter\Session\Handlers\FileHandler' driver.
DEBUG - 2025-07-14 17:08:05 --> Session: Class initialized using 'CodeIgniter\Session\Handlers\FileHandler' driver.
DEBUG - 2025-07-14 17:08:16 --> Session: Class initialized using 'CodeIgniter\Session\Handlers\FileHandler' driver.
DEBUG - 2025-07-14 17:08:44 --> Session: Class initialized using 'CodeIgniter\Session\Handlers\FileHandler' driver.
DEBUG - 2025-07-14 17:09:22 --> Session: Class initialized using 'CodeIgniter\Session\Handlers\FileHandler' driver.
DEBUG - 2025-07-14 17:09:40 --> Session: Class initialized using 'CodeIgniter\Session\Handlers\FileHandler' driver.
DEBUG - 2025-07-14 17:10:07 --> Session: Class initialized using 'CodeIgniter\Session\Handlers\FileHandler' driver.
DEBUG - 2025-07-14 17:10:09 --> Session: Class initialized using 'CodeIgniter\Session\Handlers\FileHandler' driver.
DEBUG - 2025-07-14 17:10:13 --> Session: Class initialized using 'CodeIgniter\Session\Handlers\FileHandler' driver.
DEBUG - 2025-07-14 17:11:33 --> Session: Class initialized using 'CodeIgniter\Session\Handlers\FileHandler' driver.
DEBUG - 2025-07-14 17:11:54 --> Session: Class initialized using 'CodeIgniter\Session\Handlers\FileHandler' driver.
DEBUG - 2025-07-14 17:11:58 --> Session: Class initialized using 'CodeIgniter\Session\Handlers\FileHandler' driver.
DEBUG - 2025-07-14 17:11:58 --> Session: Class initialized using 'CodeIgniter\Session\Handlers\FileHandler' driver.
DEBUG - 2025-07-14 17:12:01 --> Session: Class initialized using 'CodeIgniter\Session\Handlers\FileHandler' driver.
DEBUG - 2025-07-14 17:29:22 --> Session: Class initialized using 'CodeIgniter\Session\Handlers\FileHandler' driver.
DEBUG - 2025-07-14 17:29:39 --> Session: Class initialized using 'CodeIgniter\Session\Handlers\FileHandler' driver.
DEBUG - 2025-07-14 17:29:39 --> Session: Class initialized using 'CodeIgniter\Session\Handlers\FileHandler' driver.
DEBUG - 2025-07-14 17:32:19 --> Session: Class initialized using 'CodeIgniter\Session\Handlers\FileHandler' driver.
CRITICAL - 2025-07-14 17:32:19 --> ErrorException: Undefined array key "id"
[Method: GET, Route: wilayah]
in APPPATH\Views\wilayah\index.php on line 39.
 1 APPPATH\Views\wilayah\index.php(39): CodeIgniter\Debug\Exceptions->errorHandler(2, 'Undefined array key "id"', 'C:\\laragon\\www\\montecarlo\\app\\Views\\wilayah\\index.php', 39)
 2 SYSTEMPATH\View\View.php(224): include('C:\\laragon\\www\\montecarlo\\app\\Views\\wilayah\\index.php')
 3 SYSTEMPATH\View\View.php(227): CodeIgniter\View\View->CodeIgniter\View\{closure}()
 4 SYSTEMPATH\Common.php(1173): CodeIgniter\View\View->render('wilayah/index', [], true)
 5 APPPATH\Controllers\Wilayah.php(25): view('wilayah/index', [...])
 6 SYSTEMPATH\CodeIgniter.php(933): App\Controllers\Wilayah->index()
 7 SYSTEMPATH\CodeIgniter.php(507): CodeIgniter\CodeIgniter->runController(Object(App\Controllers\Wilayah))
 8 SYSTEMPATH\CodeIgniter.php(354): CodeIgniter\CodeIgniter->handleRequest(null, Object(Config\Cache), false)
 9 SYSTEMPATH\Boot.php(334): CodeIgniter\CodeIgniter->run()
10 SYSTEMPATH\Boot.php(67): CodeIgniter\Boot::runCodeIgniter(Object(CodeIgniter\CodeIgniter))
11 FCPATH\index.php(59): CodeIgniter\Boot::bootWeb(Object(Config\Paths))
DEBUG - 2025-07-14 17:32:21 --> Session: Class initialized using 'CodeIgniter\Session\Handlers\FileHandler' driver.
DEBUG - 2025-07-14 17:32:22 --> Session: Class initialized using 'CodeIgniter\Session\Handlers\FileHandler' driver.
CRITICAL - 2025-07-14 17:32:22 --> ErrorException: Undefined array key "id"
[Method: GET, Route: wilayah]
in APPPATH\Views\wilayah\index.php on line 39.
 1 APPPATH\Views\wilayah\index.php(39): CodeIgniter\Debug\Exceptions->errorHandler(2, 'Undefined array key "id"', 'C:\\laragon\\www\\montecarlo\\app\\Views\\wilayah\\index.php', 39)
 2 SYSTEMPATH\View\View.php(224): include('C:\\laragon\\www\\montecarlo\\app\\Views\\wilayah\\index.php')
 3 SYSTEMPATH\View\View.php(227): CodeIgniter\View\View->CodeIgniter\View\{closure}()
 4 SYSTEMPATH\Common.php(1173): CodeIgniter\View\View->render('wilayah/index', [], true)
 5 APPPATH\Controllers\Wilayah.php(25): view('wilayah/index', [...])
 6 SYSTEMPATH\CodeIgniter.php(933): App\Controllers\Wilayah->index()
 7 SYSTEMPATH\CodeIgniter.php(507): CodeIgniter\CodeIgniter->runController(Object(App\Controllers\Wilayah))
 8 SYSTEMPATH\CodeIgniter.php(354): CodeIgniter\CodeIgniter->handleRequest(null, Object(Config\Cache), false)
 9 SYSTEMPATH\Boot.php(334): CodeIgniter\CodeIgniter->run()
10 SYSTEMPATH\Boot.php(67): CodeIgniter\Boot::runCodeIgniter(Object(CodeIgniter\CodeIgniter))
11 FCPATH\index.php(59): CodeIgniter\Boot::bootWeb(Object(Config\Paths))
DEBUG - 2025-07-14 17:32:38 --> Session: Class initialized using 'CodeIgniter\Session\Handlers\FileHandler' driver.
DEBUG - 2025-07-14 17:32:47 --> Session: Class initialized using 'CodeIgniter\Session\Handlers\FileHandler' driver.
DEBUG - 2025-07-14 17:32:48 --> Session: Class initialized using 'CodeIgniter\Session\Handlers\FileHandler' driver.
DEBUG - 2025-07-14 17:38:46 --> Session: Class initialized using 'CodeIgniter\Session\Handlers\FileHandler' driver.
DEBUG - 2025-07-14 17:38:49 --> Session: Class initialized using 'CodeIgniter\Session\Handlers\FileHandler' driver.
DEBUG - 2025-07-14 17:38:51 --> Session: Class initialized using 'CodeIgniter\Session\Handlers\FileHandler' driver.
DEBUG - 2025-07-14 17:38:53 --> Session: Class initialized using 'CodeIgniter\Session\Handlers\FileHandler' driver.
DEBUG - 2025-07-14 17:38:55 --> Session: Class initialized using 'CodeIgniter\Session\Handlers\FileHandler' driver.
DEBUG - 2025-07-14 17:47:56 --> Session: Class initialized using 'CodeIgniter\Session\Handlers\FileHandler' driver.
DEBUG - 2025-07-14 17:47:59 --> Session: Class initialized using 'CodeIgniter\Session\Handlers\FileHandler' driver.
DEBUG - 2025-07-14 17:48:49 --> Session: Class initialized using 'CodeIgniter\Session\Handlers\FileHandler' driver.
ERROR - 2025-07-14 17:48:51 --> mysqli_sql_exception: Unknown column 'wilayah.nama_kecamatan' in 'field list' in C:\laragon\www\montecarlo\vendor\codeigniter4\framework\system\Database\MySQLi\Connection.php:327
Stack trace:
#0 C:\laragon\www\montecarlo\vendor\codeigniter4\framework\system\Database\MySQLi\Connection.php(327): mysqli->query('SELECT `siswa`....', 0)
#1 C:\laragon\www\montecarlo\vendor\codeigniter4\framework\system\Database\BaseConnection.php(738): CodeIgniter\Database\MySQLi\Connection->execute('SELECT `siswa`....')
#2 C:\laragon\www\montecarlo\vendor\codeigniter4\framework\system\Database\BaseConnection.php(652): CodeIgniter\Database\BaseConnection->simpleQuery('SELECT `siswa`....')
#3 C:\laragon\www\montecarlo\vendor\codeigniter4\framework\system\Database\BaseBuilder.php(1649): CodeIgniter\Database\BaseConnection->query('SELECT `siswa`....', Array, false)
#4 C:\laragon\www\montecarlo\vendor\codeigniter4\framework\system\Model.php(286): CodeIgniter\Database\BaseBuilder->get()
#5 C:\laragon\www\montecarlo\vendor\codeigniter4\framework\system\BaseModel.php(679): CodeIgniter\Model->doFindAll(0, 0)
#6 C:\laragon\www\montecarlo\app\Models\SiswaModel.php(26): CodeIgniter\BaseModel->findAll()
#7 C:\laragon\www\montecarlo\app\Controllers\Siswa.php(26): App\Models\SiswaModel->getSiswaWithWilayah()
#8 C:\laragon\www\montecarlo\vendor\codeigniter4\framework\system\CodeIgniter.php(933): App\Controllers\Siswa->index()
#9 C:\laragon\www\montecarlo\vendor\codeigniter4\framework\system\CodeIgniter.php(507): CodeIgniter\CodeIgniter->runController(Object(App\Controllers\Siswa))
#10 C:\laragon\www\montecarlo\vendor\codeigniter4\framework\system\CodeIgniter.php(354): CodeIgniter\CodeIgniter->handleRequest(NULL, Object(Config\Cache), false)
#11 C:\laragon\www\montecarlo\vendor\codeigniter4\framework\system\Boot.php(334): CodeIgniter\CodeIgniter->run()
#12 C:\laragon\www\montecarlo\vendor\codeigniter4\framework\system\Boot.php(67): CodeIgniter\Boot::runCodeIgniter(Object(CodeIgniter\CodeIgniter))
#13 C:\laragon\www\montecarlo\index.php(59): CodeIgniter\Boot::bootWeb(Object(Config\Paths))
#14 {main}
CRITICAL - 2025-07-14 17:48:51 --> CodeIgniter\Database\Exceptions\DatabaseException: Unknown column 'wilayah.nama_kecamatan' in 'field list'
[Method: GET, Route: siswa]
in SYSTEMPATH\Database\BaseConnection.php on line 692.
 1 SYSTEMPATH\Database\BaseBuilder.php(1649): CodeIgniter\Database\BaseConnection->query('SELECT `siswa`.*, `wilayah`.`nama_kecamatan`
FROM `siswa`
JOIN `wilayah` ON `wilayah`.`id` = `siswa`.`kecamatan_id`', [], false)
 2 SYSTEMPATH\Model.php(286): CodeIgniter\Database\BaseBuilder->get()
 3 SYSTEMPATH\BaseModel.php(679): CodeIgniter\Model->doFindAll(0, 0)
 4 APPPATH\Models\SiswaModel.php(26): CodeIgniter\BaseModel->findAll()
 5 APPPATH\Controllers\Siswa.php(26): App\Models\SiswaModel->getSiswaWithWilayah()
 6 SYSTEMPATH\CodeIgniter.php(933): App\Controllers\Siswa->index()
 7 SYSTEMPATH\CodeIgniter.php(507): CodeIgniter\CodeIgniter->runController(Object(App\Controllers\Siswa))
 8 SYSTEMPATH\CodeIgniter.php(354): CodeIgniter\CodeIgniter->handleRequest(null, Object(Config\Cache), false)
 9 SYSTEMPATH\Boot.php(334): CodeIgniter\CodeIgniter->run()
10 SYSTEMPATH\Boot.php(67): CodeIgniter\Boot::runCodeIgniter(Object(CodeIgniter\CodeIgniter))
11 FCPATH\index.php(59): CodeIgniter\Boot::bootWeb(Object(Config\Paths))
CRITICAL - 2025-07-14 17:48:51 --> [Caused by] CodeIgniter\Database\Exceptions\DatabaseException: Unknown column 'wilayah.nama_kecamatan' in 'field list'
in SYSTEMPATH\Database\MySQLi\Connection.php on line 332.
 1 SYSTEMPATH\Database\BaseConnection.php(738): CodeIgniter\Database\MySQLi\Connection->execute('SELECT `siswa`.*, `wilayah`.`nama_kecamatan`
FROM `siswa`
JOIN `wilayah` ON `wilayah`.`id` = `siswa`.`kecamatan_id`')
 2 SYSTEMPATH\Database\BaseConnection.php(652): CodeIgniter\Database\BaseConnection->simpleQuery('SELECT `siswa`.*, `wilayah`.`nama_kecamatan`
FROM `siswa`
JOIN `wilayah` ON `wilayah`.`id` = `siswa`.`kecamatan_id`')
 3 SYSTEMPATH\Database\BaseBuilder.php(1649): CodeIgniter\Database\BaseConnection->query('SELECT `siswa`.*, `wilayah`.`nama_kecamatan`
FROM `siswa`
JOIN `wilayah` ON `wilayah`.`id` = `siswa`.`kecamatan_id`', [], false)
 4 SYSTEMPATH\Model.php(286): CodeIgniter\Database\BaseBuilder->get()
 5 SYSTEMPATH\BaseModel.php(679): CodeIgniter\Model->doFindAll(0, 0)
 6 APPPATH\Models\SiswaModel.php(26): CodeIgniter\BaseModel->findAll()
 7 APPPATH\Controllers\Siswa.php(26): App\Models\SiswaModel->getSiswaWithWilayah()
 8 SYSTEMPATH\CodeIgniter.php(933): App\Controllers\Siswa->index()
 9 SYSTEMPATH\CodeIgniter.php(507): CodeIgniter\CodeIgniter->runController(Object(App\Controllers\Siswa))
10 SYSTEMPATH\CodeIgniter.php(354): CodeIgniter\CodeIgniter->handleRequest(null, Object(Config\Cache), false)
11 SYSTEMPATH\Boot.php(334): CodeIgniter\CodeIgniter->run()
12 SYSTEMPATH\Boot.php(67): CodeIgniter\Boot::runCodeIgniter(Object(CodeIgniter\CodeIgniter))
13 FCPATH\index.php(59): CodeIgniter\Boot::bootWeb(Object(Config\Paths))
CRITICAL - 2025-07-14 17:48:51 --> [Caused by] mysqli_sql_exception: Unknown column 'wilayah.nama_kecamatan' in 'field list'
in SYSTEMPATH\Database\MySQLi\Connection.php on line 327.
 1 SYSTEMPATH\Database\MySQLi\Connection.php(327): mysqli->query('SELECT `siswa`.*, `wilayah`.`nama_kecamatan`
FROM `siswa`
JOIN `wilayah` ON `wilayah`.`id` = `siswa`.`kecamatan_id`', 0)
 2 SYSTEMPATH\Database\BaseConnection.php(738): CodeIgniter\Database\MySQLi\Connection->execute('SELECT `siswa`.*, `wilayah`.`nama_kecamatan`
FROM `siswa`
JOIN `wilayah` ON `wilayah`.`id` = `siswa`.`kecamatan_id`')
 3 SYSTEMPATH\Database\BaseConnection.php(652): CodeIgniter\Database\BaseConnection->simpleQuery('SELECT `siswa`.*, `wilayah`.`nama_kecamatan`
FROM `siswa`
JOIN `wilayah` ON `wilayah`.`id` = `siswa`.`kecamatan_id`')
 4 SYSTEMPATH\Database\BaseBuilder.php(1649): CodeIgniter\Database\BaseConnection->query('SELECT `siswa`.*, `wilayah`.`nama_kecamatan`
FROM `siswa`
JOIN `wilayah` ON `wilayah`.`id` = `siswa`.`kecamatan_id`', [], false)
 5 SYSTEMPATH\Model.php(286): CodeIgniter\Database\BaseBuilder->get()
 6 SYSTEMPATH\BaseModel.php(679): CodeIgniter\Model->doFindAll(0, 0)
 7 APPPATH\Models\SiswaModel.php(26): CodeIgniter\BaseModel->findAll()
 8 APPPATH\Controllers\Siswa.php(26): App\Models\SiswaModel->getSiswaWithWilayah()
 9 SYSTEMPATH\CodeIgniter.php(933): App\Controllers\Siswa->index()
10 SYSTEMPATH\CodeIgniter.php(507): CodeIgniter\CodeIgniter->runController(Object(App\Controllers\Siswa))
11 SYSTEMPATH\CodeIgniter.php(354): CodeIgniter\CodeIgniter->handleRequest(null, Object(Config\Cache), false)
12 SYSTEMPATH\Boot.php(334): CodeIgniter\CodeIgniter->run()
13 SYSTEMPATH\Boot.php(67): CodeIgniter\Boot::runCodeIgniter(Object(CodeIgniter\CodeIgniter))
14 FCPATH\index.php(59): CodeIgniter\Boot::bootWeb(Object(Config\Paths))
ERROR - 2025-07-14 17:50:15 --> mysqli_sql_exception: Unknown column 'wilayah.nama_kecamatan' in 'field list' in C:\laragon\www\montecarlo\vendor\codeigniter4\framework\system\Database\MySQLi\Connection.php:327
Stack trace:
#0 C:\laragon\www\montecarlo\vendor\codeigniter4\framework\system\Database\MySQLi\Connection.php(327): mysqli->query('SELECT `siswa`....', 0)
#1 C:\laragon\www\montecarlo\vendor\codeigniter4\framework\system\Database\BaseConnection.php(738): CodeIgniter\Database\MySQLi\Connection->execute('SELECT `siswa`....')
#2 C:\laragon\www\montecarlo\vendor\codeigniter4\framework\system\Database\BaseConnection.php(652): CodeIgniter\Database\BaseConnection->simpleQuery('SELECT `siswa`....')
#3 C:\laragon\www\montecarlo\vendor\codeigniter4\framework\system\Database\BaseBuilder.php(1649): CodeIgniter\Database\BaseConnection->query('SELECT `siswa`....', Array, false)
#4 C:\laragon\www\montecarlo\vendor\codeigniter4\framework\system\Model.php(286): CodeIgniter\Database\BaseBuilder->get()
#5 C:\laragon\www\montecarlo\vendor\codeigniter4\framework\system\BaseModel.php(679): CodeIgniter\Model->doFindAll(0, 0)
#6 C:\laragon\www\montecarlo\app\Models\SiswaModel.php(26): CodeIgniter\BaseModel->findAll()
#7 C:\laragon\www\montecarlo\app\Controllers\Siswa.php(26): App\Models\SiswaModel->getSiswaWithWilayah()
#8 C:\laragon\www\montecarlo\vendor\codeigniter4\framework\system\CodeIgniter.php(933): App\Controllers\Siswa->index()
#9 C:\laragon\www\montecarlo\vendor\codeigniter4\framework\system\CodeIgniter.php(507): CodeIgniter\CodeIgniter->runController(Object(App\Controllers\Siswa))
#10 C:\laragon\www\montecarlo\vendor\codeigniter4\framework\system\CodeIgniter.php(354): CodeIgniter\CodeIgniter->handleRequest(NULL, Object(Config\Cache), false)
#11 C:\laragon\www\montecarlo\vendor\codeigniter4\framework\system\Boot.php(334): CodeIgniter\CodeIgniter->run()
#12 C:\laragon\www\montecarlo\vendor\codeigniter4\framework\system\Boot.php(67): CodeIgniter\Boot::runCodeIgniter(Object(CodeIgniter\CodeIgniter))
#13 C:\laragon\www\montecarlo\index.php(59): CodeIgniter\Boot::bootWeb(Object(Config\Paths))
#14 {main}
CRITICAL - 2025-07-14 17:50:15 --> CodeIgniter\Database\Exceptions\DatabaseException: Unknown column 'wilayah.nama_kecamatan' in 'field list'
[Method: GET, Route: siswa]
in SYSTEMPATH\Database\BaseConnection.php on line 692.
 1 SYSTEMPATH\Database\BaseBuilder.php(1649): CodeIgniter\Database\BaseConnection->query('SELECT `siswa`.*, `wilayah`.`nama_kecamatan`
FROM `siswa`
JOIN `wilayah` ON `wilayah`.`id` = `siswa`.`kecamatan_id`', [], false)
 2 SYSTEMPATH\Model.php(286): CodeIgniter\Database\BaseBuilder->get()
 3 SYSTEMPATH\BaseModel.php(679): CodeIgniter\Model->doFindAll(0, 0)
 4 APPPATH\Models\SiswaModel.php(26): CodeIgniter\BaseModel->findAll()
 5 APPPATH\Controllers\Siswa.php(26): App\Models\SiswaModel->getSiswaWithWilayah()
 6 SYSTEMPATH\CodeIgniter.php(933): App\Controllers\Siswa->index()
 7 SYSTEMPATH\CodeIgniter.php(507): CodeIgniter\CodeIgniter->runController(Object(App\Controllers\Siswa))
 8 SYSTEMPATH\CodeIgniter.php(354): CodeIgniter\CodeIgniter->handleRequest(null, Object(Config\Cache), false)
 9 SYSTEMPATH\Boot.php(334): CodeIgniter\CodeIgniter->run()
10 SYSTEMPATH\Boot.php(67): CodeIgniter\Boot::runCodeIgniter(Object(CodeIgniter\CodeIgniter))
11 FCPATH\index.php(59): CodeIgniter\Boot::bootWeb(Object(Config\Paths))
CRITICAL - 2025-07-14 17:50:15 --> [Caused by] CodeIgniter\Database\Exceptions\DatabaseException: Unknown column 'wilayah.nama_kecamatan' in 'field list'
in SYSTEMPATH\Database\MySQLi\Connection.php on line 332.
 1 SYSTEMPATH\Database\BaseConnection.php(738): CodeIgniter\Database\MySQLi\Connection->execute('SELECT `siswa`.*, `wilayah`.`nama_kecamatan`
FROM `siswa`
JOIN `wilayah` ON `wilayah`.`id` = `siswa`.`kecamatan_id`')
 2 SYSTEMPATH\Database\BaseConnection.php(652): CodeIgniter\Database\BaseConnection->simpleQuery('SELECT `siswa`.*, `wilayah`.`nama_kecamatan`
FROM `siswa`
JOIN `wilayah` ON `wilayah`.`id` = `siswa`.`kecamatan_id`')
 3 SYSTEMPATH\Database\BaseBuilder.php(1649): CodeIgniter\Database\BaseConnection->query('SELECT `siswa`.*, `wilayah`.`nama_kecamatan`
FROM `siswa`
JOIN `wilayah` ON `wilayah`.`id` = `siswa`.`kecamatan_id`', [], false)
 4 SYSTEMPATH\Model.php(286): CodeIgniter\Database\BaseBuilder->get()
 5 SYSTEMPATH\BaseModel.php(679): CodeIgniter\Model->doFindAll(0, 0)
 6 APPPATH\Models\SiswaModel.php(26): CodeIgniter\BaseModel->findAll()
 7 APPPATH\Controllers\Siswa.php(26): App\Models\SiswaModel->getSiswaWithWilayah()
 8 SYSTEMPATH\CodeIgniter.php(933): App\Controllers\Siswa->index()
 9 SYSTEMPATH\CodeIgniter.php(507): CodeIgniter\CodeIgniter->runController(Object(App\Controllers\Siswa))
10 SYSTEMPATH\CodeIgniter.php(354): CodeIgniter\CodeIgniter->handleRequest(null, Object(Config\Cache), false)
11 SYSTEMPATH\Boot.php(334): CodeIgniter\CodeIgniter->run()
12 SYSTEMPATH\Boot.php(67): CodeIgniter\Boot::runCodeIgniter(Object(CodeIgniter\CodeIgniter))
13 FCPATH\index.php(59): CodeIgniter\Boot::bootWeb(Object(Config\Paths))
CRITICAL - 2025-07-14 17:50:15 --> [Caused by] mysqli_sql_exception: Unknown column 'wilayah.nama_kecamatan' in 'field list'
in SYSTEMPATH\Database\MySQLi\Connection.php on line 327.
 1 SYSTEMPATH\Database\MySQLi\Connection.php(327): mysqli->query('SELECT `siswa`.*, `wilayah`.`nama_kecamatan`
FROM `siswa`
JOIN `wilayah` ON `wilayah`.`id` = `siswa`.`kecamatan_id`', 0)
 2 SYSTEMPATH\Database\BaseConnection.php(738): CodeIgniter\Database\MySQLi\Connection->execute('SELECT `siswa`.*, `wilayah`.`nama_kecamatan`
FROM `siswa`
JOIN `wilayah` ON `wilayah`.`id` = `siswa`.`kecamatan_id`')
 3 SYSTEMPATH\Database\BaseConnection.php(652): CodeIgniter\Database\BaseConnection->simpleQuery('SELECT `siswa`.*, `wilayah`.`nama_kecamatan`
FROM `siswa`
JOIN `wilayah` ON `wilayah`.`id` = `siswa`.`kecamatan_id`')
 4 SYSTEMPATH\Database\BaseBuilder.php(1649): CodeIgniter\Database\BaseConnection->query('SELECT `siswa`.*, `wilayah`.`nama_kecamatan`
FROM `siswa`
JOIN `wilayah` ON `wilayah`.`id` = `siswa`.`kecamatan_id`', [], false)
 5 SYSTEMPATH\Model.php(286): CodeIgniter\Database\BaseBuilder->get()
 6 SYSTEMPATH\BaseModel.php(679): CodeIgniter\Model->doFindAll(0, 0)
 7 APPPATH\Models\SiswaModel.php(26): CodeIgniter\BaseModel->findAll()
 8 APPPATH\Controllers\Siswa.php(26): App\Models\SiswaModel->getSiswaWithWilayah()
 9 SYSTEMPATH\CodeIgniter.php(933): App\Controllers\Siswa->index()
10 SYSTEMPATH\CodeIgniter.php(507): CodeIgniter\CodeIgniter->runController(Object(App\Controllers\Siswa))
11 SYSTEMPATH\CodeIgniter.php(354): CodeIgniter\CodeIgniter->handleRequest(null, Object(Config\Cache), false)
12 SYSTEMPATH\Boot.php(334): CodeIgniter\CodeIgniter->run()
13 SYSTEMPATH\Boot.php(67): CodeIgniter\Boot::runCodeIgniter(Object(CodeIgniter\CodeIgniter))
14 FCPATH\index.php(59): CodeIgniter\Boot::bootWeb(Object(Config\Paths))
ERROR - 2025-07-14 17:50:16 --> mysqli_sql_exception: Unknown column 'wilayah.nama_kecamatan' in 'field list' in C:\laragon\www\montecarlo\vendor\codeigniter4\framework\system\Database\MySQLi\Connection.php:327
Stack trace:
#0 C:\laragon\www\montecarlo\vendor\codeigniter4\framework\system\Database\MySQLi\Connection.php(327): mysqli->query('SELECT `siswa`....', 0)
#1 C:\laragon\www\montecarlo\vendor\codeigniter4\framework\system\Database\BaseConnection.php(738): CodeIgniter\Database\MySQLi\Connection->execute('SELECT `siswa`....')
#2 C:\laragon\www\montecarlo\vendor\codeigniter4\framework\system\Database\BaseConnection.php(652): CodeIgniter\Database\BaseConnection->simpleQuery('SELECT `siswa`....')
#3 C:\laragon\www\montecarlo\vendor\codeigniter4\framework\system\Database\BaseBuilder.php(1649): CodeIgniter\Database\BaseConnection->query('SELECT `siswa`....', Array, false)
#4 C:\laragon\www\montecarlo\vendor\codeigniter4\framework\system\Model.php(286): CodeIgniter\Database\BaseBuilder->get()
#5 C:\laragon\www\montecarlo\vendor\codeigniter4\framework\system\BaseModel.php(679): CodeIgniter\Model->doFindAll(0, 0)
#6 C:\laragon\www\montecarlo\app\Models\SiswaModel.php(26): CodeIgniter\BaseModel->findAll()
#7 C:\laragon\www\montecarlo\app\Controllers\Siswa.php(26): App\Models\SiswaModel->getSiswaWithWilayah()
#8 C:\laragon\www\montecarlo\vendor\codeigniter4\framework\system\CodeIgniter.php(933): App\Controllers\Siswa->index()
#9 C:\laragon\www\montecarlo\vendor\codeigniter4\framework\system\CodeIgniter.php(507): CodeIgniter\CodeIgniter->runController(Object(App\Controllers\Siswa))
#10 C:\laragon\www\montecarlo\vendor\codeigniter4\framework\system\CodeIgniter.php(354): CodeIgniter\CodeIgniter->handleRequest(NULL, Object(Config\Cache), false)
#11 C:\laragon\www\montecarlo\vendor\codeigniter4\framework\system\Boot.php(334): CodeIgniter\CodeIgniter->run()
#12 C:\laragon\www\montecarlo\vendor\codeigniter4\framework\system\Boot.php(67): CodeIgniter\Boot::runCodeIgniter(Object(CodeIgniter\CodeIgniter))
#13 C:\laragon\www\montecarlo\index.php(59): CodeIgniter\Boot::bootWeb(Object(Config\Paths))
#14 {main}
CRITICAL - 2025-07-14 17:50:16 --> CodeIgniter\Database\Exceptions\DatabaseException: Unknown column 'wilayah.nama_kecamatan' in 'field list'
[Method: GET, Route: siswa]
in SYSTEMPATH\Database\BaseConnection.php on line 692.
 1 SYSTEMPATH\Database\BaseBuilder.php(1649): CodeIgniter\Database\BaseConnection->query('SELECT `siswa`.*, `wilayah`.`nama_kecamatan`
FROM `siswa`
JOIN `wilayah` ON `wilayah`.`id` = `siswa`.`kecamatan_id`', [], false)
 2 SYSTEMPATH\Model.php(286): CodeIgniter\Database\BaseBuilder->get()
 3 SYSTEMPATH\BaseModel.php(679): CodeIgniter\Model->doFindAll(0, 0)
 4 APPPATH\Models\SiswaModel.php(26): CodeIgniter\BaseModel->findAll()
 5 APPPATH\Controllers\Siswa.php(26): App\Models\SiswaModel->getSiswaWithWilayah()
 6 SYSTEMPATH\CodeIgniter.php(933): App\Controllers\Siswa->index()
 7 SYSTEMPATH\CodeIgniter.php(507): CodeIgniter\CodeIgniter->runController(Object(App\Controllers\Siswa))
 8 SYSTEMPATH\CodeIgniter.php(354): CodeIgniter\CodeIgniter->handleRequest(null, Object(Config\Cache), false)
 9 SYSTEMPATH\Boot.php(334): CodeIgniter\CodeIgniter->run()
10 SYSTEMPATH\Boot.php(67): CodeIgniter\Boot::runCodeIgniter(Object(CodeIgniter\CodeIgniter))
11 FCPATH\index.php(59): CodeIgniter\Boot::bootWeb(Object(Config\Paths))
CRITICAL - 2025-07-14 17:50:16 --> [Caused by] CodeIgniter\Database\Exceptions\DatabaseException: Unknown column 'wilayah.nama_kecamatan' in 'field list'
in SYSTEMPATH\Database\MySQLi\Connection.php on line 332.
 1 SYSTEMPATH\Database\BaseConnection.php(738): CodeIgniter\Database\MySQLi\Connection->execute('SELECT `siswa`.*, `wilayah`.`nama_kecamatan`
FROM `siswa`
JOIN `wilayah` ON `wilayah`.`id` = `siswa`.`kecamatan_id`')
 2 SYSTEMPATH\Database\BaseConnection.php(652): CodeIgniter\Database\BaseConnection->simpleQuery('SELECT `siswa`.*, `wilayah`.`nama_kecamatan`
FROM `siswa`
JOIN `wilayah` ON `wilayah`.`id` = `siswa`.`kecamatan_id`')
 3 SYSTEMPATH\Database\BaseBuilder.php(1649): CodeIgniter\Database\BaseConnection->query('SELECT `siswa`.*, `wilayah`.`nama_kecamatan`
FROM `siswa`
JOIN `wilayah` ON `wilayah`.`id` = `siswa`.`kecamatan_id`', [], false)
 4 SYSTEMPATH\Model.php(286): CodeIgniter\Database\BaseBuilder->get()
 5 SYSTEMPATH\BaseModel.php(679): CodeIgniter\Model->doFindAll(0, 0)
 6 APPPATH\Models\SiswaModel.php(26): CodeIgniter\BaseModel->findAll()
 7 APPPATH\Controllers\Siswa.php(26): App\Models\SiswaModel->getSiswaWithWilayah()
 8 SYSTEMPATH\CodeIgniter.php(933): App\Controllers\Siswa->index()
 9 SYSTEMPATH\CodeIgniter.php(507): CodeIgniter\CodeIgniter->runController(Object(App\Controllers\Siswa))
10 SYSTEMPATH\CodeIgniter.php(354): CodeIgniter\CodeIgniter->handleRequest(null, Object(Config\Cache), false)
11 SYSTEMPATH\Boot.php(334): CodeIgniter\CodeIgniter->run()
12 SYSTEMPATH\Boot.php(67): CodeIgniter\Boot::runCodeIgniter(Object(CodeIgniter\CodeIgniter))
13 FCPATH\index.php(59): CodeIgniter\Boot::bootWeb(Object(Config\Paths))
CRITICAL - 2025-07-14 17:50:16 --> [Caused by] mysqli_sql_exception: Unknown column 'wilayah.nama_kecamatan' in 'field list'
in SYSTEMPATH\Database\MySQLi\Connection.php on line 327.
 1 SYSTEMPATH\Database\MySQLi\Connection.php(327): mysqli->query('SELECT `siswa`.*, `wilayah`.`nama_kecamatan`
FROM `siswa`
JOIN `wilayah` ON `wilayah`.`id` = `siswa`.`kecamatan_id`', 0)
 2 SYSTEMPATH\Database\BaseConnection.php(738): CodeIgniter\Database\MySQLi\Connection->execute('SELECT `siswa`.*, `wilayah`.`nama_kecamatan`
FROM `siswa`
JOIN `wilayah` ON `wilayah`.`id` = `siswa`.`kecamatan_id`')
 3 SYSTEMPATH\Database\BaseConnection.php(652): CodeIgniter\Database\BaseConnection->simpleQuery('SELECT `siswa`.*, `wilayah`.`nama_kecamatan`
FROM `siswa`
JOIN `wilayah` ON `wilayah`.`id` = `siswa`.`kecamatan_id`')
 4 SYSTEMPATH\Database\BaseBuilder.php(1649): CodeIgniter\Database\BaseConnection->query('SELECT `siswa`.*, `wilayah`.`nama_kecamatan`
FROM `siswa`
JOIN `wilayah` ON `wilayah`.`id` = `siswa`.`kecamatan_id`', [], false)
 5 SYSTEMPATH\Model.php(286): CodeIgniter\Database\BaseBuilder->get()
 6 SYSTEMPATH\BaseModel.php(679): CodeIgniter\Model->doFindAll(0, 0)
 7 APPPATH\Models\SiswaModel.php(26): CodeIgniter\BaseModel->findAll()
 8 APPPATH\Controllers\Siswa.php(26): App\Models\SiswaModel->getSiswaWithWilayah()
 9 SYSTEMPATH\CodeIgniter.php(933): App\Controllers\Siswa->index()
10 SYSTEMPATH\CodeIgniter.php(507): CodeIgniter\CodeIgniter->runController(Object(App\Controllers\Siswa))
11 SYSTEMPATH\CodeIgniter.php(354): CodeIgniter\CodeIgniter->handleRequest(null, Object(Config\Cache), false)
12 SYSTEMPATH\Boot.php(334): CodeIgniter\CodeIgniter->run()
13 SYSTEMPATH\Boot.php(67): CodeIgniter\Boot::runCodeIgniter(Object(CodeIgniter\CodeIgniter))
14 FCPATH\index.php(59): CodeIgniter\Boot::bootWeb(Object(Config\Paths))
ERROR - 2025-07-14 17:50:18 --> mysqli_sql_exception: Unknown column 'wilayah.nama_kecamatan' in 'field list' in C:\laragon\www\montecarlo\vendor\codeigniter4\framework\system\Database\MySQLi\Connection.php:327
Stack trace:
#0 C:\laragon\www\montecarlo\vendor\codeigniter4\framework\system\Database\MySQLi\Connection.php(327): mysqli->query('SELECT `siswa`....', 0)
#1 C:\laragon\www\montecarlo\vendor\codeigniter4\framework\system\Database\BaseConnection.php(738): CodeIgniter\Database\MySQLi\Connection->execute('SELECT `siswa`....')
#2 C:\laragon\www\montecarlo\vendor\codeigniter4\framework\system\Database\BaseConnection.php(652): CodeIgniter\Database\BaseConnection->simpleQuery('SELECT `siswa`....')
#3 C:\laragon\www\montecarlo\vendor\codeigniter4\framework\system\Database\BaseBuilder.php(1649): CodeIgniter\Database\BaseConnection->query('SELECT `siswa`....', Array, false)
#4 C:\laragon\www\montecarlo\vendor\codeigniter4\framework\system\Model.php(286): CodeIgniter\Database\BaseBuilder->get()
#5 C:\laragon\www\montecarlo\vendor\codeigniter4\framework\system\BaseModel.php(679): CodeIgniter\Model->doFindAll(0, 0)
#6 C:\laragon\www\montecarlo\app\Models\SiswaModel.php(26): CodeIgniter\BaseModel->findAll()
#7 C:\laragon\www\montecarlo\app\Controllers\Siswa.php(26): App\Models\SiswaModel->getSiswaWithWilayah()
#8 C:\laragon\www\montecarlo\vendor\codeigniter4\framework\system\CodeIgniter.php(933): App\Controllers\Siswa->index()
#9 C:\laragon\www\montecarlo\vendor\codeigniter4\framework\system\CodeIgniter.php(507): CodeIgniter\CodeIgniter->runController(Object(App\Controllers\Siswa))
#10 C:\laragon\www\montecarlo\vendor\codeigniter4\framework\system\CodeIgniter.php(354): CodeIgniter\CodeIgniter->handleRequest(NULL, Object(Config\Cache), false)
#11 C:\laragon\www\montecarlo\vendor\codeigniter4\framework\system\Boot.php(334): CodeIgniter\CodeIgniter->run()
#12 C:\laragon\www\montecarlo\vendor\codeigniter4\framework\system\Boot.php(67): CodeIgniter\Boot::runCodeIgniter(Object(CodeIgniter\CodeIgniter))
#13 C:\laragon\www\montecarlo\index.php(59): CodeIgniter\Boot::bootWeb(Object(Config\Paths))
#14 {main}
CRITICAL - 2025-07-14 17:50:18 --> CodeIgniter\Database\Exceptions\DatabaseException: Unknown column 'wilayah.nama_kecamatan' in 'field list'
[Method: GET, Route: siswa]
in SYSTEMPATH\Database\BaseConnection.php on line 692.
 1 SYSTEMPATH\Database\BaseBuilder.php(1649): CodeIgniter\Database\BaseConnection->query('SELECT `siswa`.*, `wilayah`.`nama_kecamatan`
FROM `siswa`
JOIN `wilayah` ON `wilayah`.`id` = `siswa`.`kecamatan_id`', [], false)
 2 SYSTEMPATH\Model.php(286): CodeIgniter\Database\BaseBuilder->get()
 3 SYSTEMPATH\BaseModel.php(679): CodeIgniter\Model->doFindAll(0, 0)
 4 APPPATH\Models\SiswaModel.php(26): CodeIgniter\BaseModel->findAll()
 5 APPPATH\Controllers\Siswa.php(26): App\Models\SiswaModel->getSiswaWithWilayah()
 6 SYSTEMPATH\CodeIgniter.php(933): App\Controllers\Siswa->index()
 7 SYSTEMPATH\CodeIgniter.php(507): CodeIgniter\CodeIgniter->runController(Object(App\Controllers\Siswa))
 8 SYSTEMPATH\CodeIgniter.php(354): CodeIgniter\CodeIgniter->handleRequest(null, Object(Config\Cache), false)
 9 SYSTEMPATH\Boot.php(334): CodeIgniter\CodeIgniter->run()
10 SYSTEMPATH\Boot.php(67): CodeIgniter\Boot::runCodeIgniter(Object(CodeIgniter\CodeIgniter))
11 FCPATH\index.php(59): CodeIgniter\Boot::bootWeb(Object(Config\Paths))
CRITICAL - 2025-07-14 17:50:18 --> [Caused by] CodeIgniter\Database\Exceptions\DatabaseException: Unknown column 'wilayah.nama_kecamatan' in 'field list'
in SYSTEMPATH\Database\MySQLi\Connection.php on line 332.
 1 SYSTEMPATH\Database\BaseConnection.php(738): CodeIgniter\Database\MySQLi\Connection->execute('SELECT `siswa`.*, `wilayah`.`nama_kecamatan`
FROM `siswa`
JOIN `wilayah` ON `wilayah`.`id` = `siswa`.`kecamatan_id`')
 2 SYSTEMPATH\Database\BaseConnection.php(652): CodeIgniter\Database\BaseConnection->simpleQuery('SELECT `siswa`.*, `wilayah`.`nama_kecamatan`
FROM `siswa`
JOIN `wilayah` ON `wilayah`.`id` = `siswa`.`kecamatan_id`')
 3 SYSTEMPATH\Database\BaseBuilder.php(1649): CodeIgniter\Database\BaseConnection->query('SELECT `siswa`.*, `wilayah`.`nama_kecamatan`
FROM `siswa`
JOIN `wilayah` ON `wilayah`.`id` = `siswa`.`kecamatan_id`', [], false)
 4 SYSTEMPATH\Model.php(286): CodeIgniter\Database\BaseBuilder->get()
 5 SYSTEMPATH\BaseModel.php(679): CodeIgniter\Model->doFindAll(0, 0)
 6 APPPATH\Models\SiswaModel.php(26): CodeIgniter\BaseModel->findAll()
 7 APPPATH\Controllers\Siswa.php(26): App\Models\SiswaModel->getSiswaWithWilayah()
 8 SYSTEMPATH\CodeIgniter.php(933): App\Controllers\Siswa->index()
 9 SYSTEMPATH\CodeIgniter.php(507): CodeIgniter\CodeIgniter->runController(Object(App\Controllers\Siswa))
10 SYSTEMPATH\CodeIgniter.php(354): CodeIgniter\CodeIgniter->handleRequest(null, Object(Config\Cache), false)
11 SYSTEMPATH\Boot.php(334): CodeIgniter\CodeIgniter->run()
12 SYSTEMPATH\Boot.php(67): CodeIgniter\Boot::runCodeIgniter(Object(CodeIgniter\CodeIgniter))
13 FCPATH\index.php(59): CodeIgniter\Boot::bootWeb(Object(Config\Paths))
CRITICAL - 2025-07-14 17:50:18 --> [Caused by] mysqli_sql_exception: Unknown column 'wilayah.nama_kecamatan' in 'field list'
in SYSTEMPATH\Database\MySQLi\Connection.php on line 327.
 1 SYSTEMPATH\Database\MySQLi\Connection.php(327): mysqli->query('SELECT `siswa`.*, `wilayah`.`nama_kecamatan`
FROM `siswa`
JOIN `wilayah` ON `wilayah`.`id` = `siswa`.`kecamatan_id`', 0)
 2 SYSTEMPATH\Database\BaseConnection.php(738): CodeIgniter\Database\MySQLi\Connection->execute('SELECT `siswa`.*, `wilayah`.`nama_kecamatan`
FROM `siswa`
JOIN `wilayah` ON `wilayah`.`id` = `siswa`.`kecamatan_id`')
 3 SYSTEMPATH\Database\BaseConnection.php(652): CodeIgniter\Database\BaseConnection->simpleQuery('SELECT `siswa`.*, `wilayah`.`nama_kecamatan`
FROM `siswa`
JOIN `wilayah` ON `wilayah`.`id` = `siswa`.`kecamatan_id`')
 4 SYSTEMPATH\Database\BaseBuilder.php(1649): CodeIgniter\Database\BaseConnection->query('SELECT `siswa`.*, `wilayah`.`nama_kecamatan`
FROM `siswa`
JOIN `wilayah` ON `wilayah`.`id` = `siswa`.`kecamatan_id`', [], false)
 5 SYSTEMPATH\Model.php(286): CodeIgniter\Database\BaseBuilder->get()
 6 SYSTEMPATH\BaseModel.php(679): CodeIgniter\Model->doFindAll(0, 0)
 7 APPPATH\Models\SiswaModel.php(26): CodeIgniter\BaseModel->findAll()
 8 APPPATH\Controllers\Siswa.php(26): App\Models\SiswaModel->getSiswaWithWilayah()
 9 SYSTEMPATH\CodeIgniter.php(933): App\Controllers\Siswa->index()
10 SYSTEMPATH\CodeIgniter.php(507): CodeIgniter\CodeIgniter->runController(Object(App\Controllers\Siswa))
11 SYSTEMPATH\CodeIgniter.php(354): CodeIgniter\CodeIgniter->handleRequest(null, Object(Config\Cache), false)
12 SYSTEMPATH\Boot.php(334): CodeIgniter\CodeIgniter->run()
13 SYSTEMPATH\Boot.php(67): CodeIgniter\Boot::runCodeIgniter(Object(CodeIgniter\CodeIgniter))
14 FCPATH\index.php(59): CodeIgniter\Boot::bootWeb(Object(Config\Paths))
ERROR - 2025-07-14 17:50:32 --> mysqli_sql_exception: Unknown column 'wilayah.nama_kecamatan' in 'field list' in C:\laragon\www\montecarlo\vendor\codeigniter4\framework\system\Database\MySQLi\Connection.php:327
Stack trace:
#0 C:\laragon\www\montecarlo\vendor\codeigniter4\framework\system\Database\MySQLi\Connection.php(327): mysqli->query('SELECT `siswa`....', 0)
#1 C:\laragon\www\montecarlo\vendor\codeigniter4\framework\system\Database\BaseConnection.php(738): CodeIgniter\Database\MySQLi\Connection->execute('SELECT `siswa`....')
#2 C:\laragon\www\montecarlo\vendor\codeigniter4\framework\system\Database\BaseConnection.php(652): CodeIgniter\Database\BaseConnection->simpleQuery('SELECT `siswa`....')
#3 C:\laragon\www\montecarlo\vendor\codeigniter4\framework\system\Database\BaseBuilder.php(1649): CodeIgniter\Database\BaseConnection->query('SELECT `siswa`....', Array, false)
#4 C:\laragon\www\montecarlo\vendor\codeigniter4\framework\system\Model.php(286): CodeIgniter\Database\BaseBuilder->get()
#5 C:\laragon\www\montecarlo\vendor\codeigniter4\framework\system\BaseModel.php(679): CodeIgniter\Model->doFindAll(0, 0)
#6 C:\laragon\www\montecarlo\app\Models\SiswaModel.php(26): CodeIgniter\BaseModel->findAll()
#7 C:\laragon\www\montecarlo\app\Controllers\Siswa.php(26): App\Models\SiswaModel->getSiswaWithWilayah()
#8 C:\laragon\www\montecarlo\vendor\codeigniter4\framework\system\CodeIgniter.php(933): App\Controllers\Siswa->index()
#9 C:\laragon\www\montecarlo\vendor\codeigniter4\framework\system\CodeIgniter.php(507): CodeIgniter\CodeIgniter->runController(Object(App\Controllers\Siswa))
#10 C:\laragon\www\montecarlo\vendor\codeigniter4\framework\system\CodeIgniter.php(354): CodeIgniter\CodeIgniter->handleRequest(NULL, Object(Config\Cache), false)
#11 C:\laragon\www\montecarlo\vendor\codeigniter4\framework\system\Boot.php(334): CodeIgniter\CodeIgniter->run()
#12 C:\laragon\www\montecarlo\vendor\codeigniter4\framework\system\Boot.php(67): CodeIgniter\Boot::runCodeIgniter(Object(CodeIgniter\CodeIgniter))
#13 C:\laragon\www\montecarlo\index.php(59): CodeIgniter\Boot::bootWeb(Object(Config\Paths))
#14 {main}
CRITICAL - 2025-07-14 17:50:32 --> CodeIgniter\Database\Exceptions\DatabaseException: Unknown column 'wilayah.nama_kecamatan' in 'field list'
[Method: GET, Route: siswa]
in SYSTEMPATH\Database\BaseConnection.php on line 692.
 1 SYSTEMPATH\Database\BaseBuilder.php(1649): CodeIgniter\Database\BaseConnection->query('SELECT `siswa`.*, `wilayah`.`nama_kecamatan`
FROM `siswa`
JOIN `wilayah` ON `wilayah`.`id` = `siswa`.`kecamatan_id`', [], false)
 2 SYSTEMPATH\Model.php(286): CodeIgniter\Database\BaseBuilder->get()
 3 SYSTEMPATH\BaseModel.php(679): CodeIgniter\Model->doFindAll(0, 0)
 4 APPPATH\Models\SiswaModel.php(26): CodeIgniter\BaseModel->findAll()
 5 APPPATH\Controllers\Siswa.php(26): App\Models\SiswaModel->getSiswaWithWilayah()
 6 SYSTEMPATH\CodeIgniter.php(933): App\Controllers\Siswa->index()
 7 SYSTEMPATH\CodeIgniter.php(507): CodeIgniter\CodeIgniter->runController(Object(App\Controllers\Siswa))
 8 SYSTEMPATH\CodeIgniter.php(354): CodeIgniter\CodeIgniter->handleRequest(null, Object(Config\Cache), false)
 9 SYSTEMPATH\Boot.php(334): CodeIgniter\CodeIgniter->run()
10 SYSTEMPATH\Boot.php(67): CodeIgniter\Boot::runCodeIgniter(Object(CodeIgniter\CodeIgniter))
11 FCPATH\index.php(59): CodeIgniter\Boot::bootWeb(Object(Config\Paths))
CRITICAL - 2025-07-14 17:50:32 --> [Caused by] CodeIgniter\Database\Exceptions\DatabaseException: Unknown column 'wilayah.nama_kecamatan' in 'field list'
in SYSTEMPATH\Database\MySQLi\Connection.php on line 332.
 1 SYSTEMPATH\Database\BaseConnection.php(738): CodeIgniter\Database\MySQLi\Connection->execute('SELECT `siswa`.*, `wilayah`.`nama_kecamatan`
FROM `siswa`
JOIN `wilayah` ON `wilayah`.`id` = `siswa`.`kecamatan_id`')
 2 SYSTEMPATH\Database\BaseConnection.php(652): CodeIgniter\Database\BaseConnection->simpleQuery('SELECT `siswa`.*, `wilayah`.`nama_kecamatan`
FROM `siswa`
JOIN `wilayah` ON `wilayah`.`id` = `siswa`.`kecamatan_id`')
 3 SYSTEMPATH\Database\BaseBuilder.php(1649): CodeIgniter\Database\BaseConnection->query('SELECT `siswa`.*, `wilayah`.`nama_kecamatan`
FROM `siswa`
JOIN `wilayah` ON `wilayah`.`id` = `siswa`.`kecamatan_id`', [], false)
 4 SYSTEMPATH\Model.php(286): CodeIgniter\Database\BaseBuilder->get()
 5 SYSTEMPATH\BaseModel.php(679): CodeIgniter\Model->doFindAll(0, 0)
 6 APPPATH\Models\SiswaModel.php(26): CodeIgniter\BaseModel->findAll()
 7 APPPATH\Controllers\Siswa.php(26): App\Models\SiswaModel->getSiswaWithWilayah()
 8 SYSTEMPATH\CodeIgniter.php(933): App\Controllers\Siswa->index()
 9 SYSTEMPATH\CodeIgniter.php(507): CodeIgniter\CodeIgniter->runController(Object(App\Controllers\Siswa))
10 SYSTEMPATH\CodeIgniter.php(354): CodeIgniter\CodeIgniter->handleRequest(null, Object(Config\Cache), false)
11 SYSTEMPATH\Boot.php(334): CodeIgniter\CodeIgniter->run()
12 SYSTEMPATH\Boot.php(67): CodeIgniter\Boot::runCodeIgniter(Object(CodeIgniter\CodeIgniter))
13 FCPATH\index.php(59): CodeIgniter\Boot::bootWeb(Object(Config\Paths))
CRITICAL - 2025-07-14 17:50:32 --> [Caused by] mysqli_sql_exception: Unknown column 'wilayah.nama_kecamatan' in 'field list'
in SYSTEMPATH\Database\MySQLi\Connection.php on line 327.
 1 SYSTEMPATH\Database\MySQLi\Connection.php(327): mysqli->query('SELECT `siswa`.*, `wilayah`.`nama_kecamatan`
FROM `siswa`
JOIN `wilayah` ON `wilayah`.`id` = `siswa`.`kecamatan_id`', 0)
 2 SYSTEMPATH\Database\BaseConnection.php(738): CodeIgniter\Database\MySQLi\Connection->execute('SELECT `siswa`.*, `wilayah`.`nama_kecamatan`
FROM `siswa`
JOIN `wilayah` ON `wilayah`.`id` = `siswa`.`kecamatan_id`')
 3 SYSTEMPATH\Database\BaseConnection.php(652): CodeIgniter\Database\BaseConnection->simpleQuery('SELECT `siswa`.*, `wilayah`.`nama_kecamatan`
FROM `siswa`
JOIN `wilayah` ON `wilayah`.`id` = `siswa`.`kecamatan_id`')
 4 SYSTEMPATH\Database\BaseBuilder.php(1649): CodeIgniter\Database\BaseConnection->query('SELECT `siswa`.*, `wilayah`.`nama_kecamatan`
FROM `siswa`
JOIN `wilayah` ON `wilayah`.`id` = `siswa`.`kecamatan_id`', [], false)
 5 SYSTEMPATH\Model.php(286): CodeIgniter\Database\BaseBuilder->get()
 6 SYSTEMPATH\BaseModel.php(679): CodeIgniter\Model->doFindAll(0, 0)
 7 APPPATH\Models\SiswaModel.php(26): CodeIgniter\BaseModel->findAll()
 8 APPPATH\Controllers\Siswa.php(26): App\Models\SiswaModel->getSiswaWithWilayah()
 9 SYSTEMPATH\CodeIgniter.php(933): App\Controllers\Siswa->index()
10 SYSTEMPATH\CodeIgniter.php(507): CodeIgniter\CodeIgniter->runController(Object(App\Controllers\Siswa))
11 SYSTEMPATH\CodeIgniter.php(354): CodeIgniter\CodeIgniter->handleRequest(null, Object(Config\Cache), false)
12 SYSTEMPATH\Boot.php(334): CodeIgniter\CodeIgniter->run()
13 SYSTEMPATH\Boot.php(67): CodeIgniter\Boot::runCodeIgniter(Object(CodeIgniter\CodeIgniter))
14 FCPATH\index.php(59): CodeIgniter\Boot::bootWeb(Object(Config\Paths))
DEBUG - 2025-07-14 17:50:51 --> Session: Class initialized using 'CodeIgniter\Session\Handlers\FileHandler' driver.
CRITICAL - 2025-07-14 17:50:51 --> CodeIgniter\View\Exceptions\ViewException: Invalid file: "layout/template.php"
[Method: GET, Route: siswa]
in SYSTEMPATH\Exceptions\FrameworkException.php on line 39.
 1 SYSTEMPATH\View\View.php(212): CodeIgniter\Exceptions\FrameworkException::forInvalidFile('layout/template.php')
 2 SYSTEMPATH\View\View.php(240): CodeIgniter\View\View->render('layout/template', [], true)
 3 SYSTEMPATH\Common.php(1173): CodeIgniter\View\View->render('siswa/index', [], true)
 4 APPPATH\Controllers\Siswa.php(30): view('siswa/index', [...])
 5 SYSTEMPATH\CodeIgniter.php(933): App\Controllers\Siswa->index()
 6 SYSTEMPATH\CodeIgniter.php(507): CodeIgniter\CodeIgniter->runController(Object(App\Controllers\Siswa))
 7 SYSTEMPATH\CodeIgniter.php(354): CodeIgniter\CodeIgniter->handleRequest(null, Object(Config\Cache), false)
 8 SYSTEMPATH\Boot.php(334): CodeIgniter\CodeIgniter->run()
 9 SYSTEMPATH\Boot.php(67): CodeIgniter\Boot::runCodeIgniter(Object(CodeIgniter\CodeIgniter))
10 FCPATH\index.php(59): CodeIgniter\Boot::bootWeb(Object(Config\Paths))
DEBUG - 2025-07-14 17:51:21 --> Session: Class initialized using 'CodeIgniter\Session\Handlers\FileHandler' driver.
CRITICAL - 2025-07-14 17:51:21 --> CodeIgniter\View\Exceptions\ViewException: Invalid file: "layout/template.php"
[Method: GET, Route: siswa]
in SYSTEMPATH\Exceptions\FrameworkException.php on line 39.
 1 SYSTEMPATH\View\View.php(212): CodeIgniter\Exceptions\FrameworkException::forInvalidFile('layout/template.php')
 2 SYSTEMPATH\View\View.php(240): CodeIgniter\View\View->render('layout/template', [], true)
 3 SYSTEMPATH\Common.php(1173): CodeIgniter\View\View->render('siswa/index', [], true)
 4 APPPATH\Controllers\Siswa.php(30): view('siswa/index', [...])
 5 SYSTEMPATH\CodeIgniter.php(933): App\Controllers\Siswa->index()
 6 SYSTEMPATH\CodeIgniter.php(507): CodeIgniter\CodeIgniter->runController(Object(App\Controllers\Siswa))
 7 SYSTEMPATH\CodeIgniter.php(354): CodeIgniter\CodeIgniter->handleRequest(null, Object(Config\Cache), false)
 8 SYSTEMPATH\Boot.php(334): CodeIgniter\CodeIgniter->run()
 9 SYSTEMPATH\Boot.php(67): CodeIgniter\Boot::runCodeIgniter(Object(CodeIgniter\CodeIgniter))
10 FCPATH\index.php(59): CodeIgniter\Boot::bootWeb(Object(Config\Paths))
DEBUG - 2025-07-14 17:51:45 --> Session: Class initialized using 'CodeIgniter\Session\Handlers\FileHandler' driver.
DEBUG - 2025-07-14 17:51:48 --> Session: Class initialized using 'CodeIgniter\Session\Handlers\FileHandler' driver.
DEBUG - 2025-07-14 17:51:49 --> Session: Class initialized using 'CodeIgniter\Session\Handlers\FileHandler' driver.
CRITICAL - 2025-07-14 17:51:52 --> ErrorException: Undefined array key "id_wilayah"
[Method: GET, Route: siswa/new]
in APPPATH\Views\siswa\new.php on line 16.
 1 APPPATH\Views\siswa\new.php(16): CodeIgniter\Debug\Exceptions->errorHandler(2, 'Undefined array key "id_wilayah"', 'C:\\laragon\\www\\montecarlo\\app\\Views\\siswa\\new.php', 16)
 2 SYSTEMPATH\View\View.php(224): include('C:\\laragon\\www\\montecarlo\\app\\Views\\siswa\\new.php')
 3 SYSTEMPATH\View\View.php(227): CodeIgniter\View\View->CodeIgniter\View\{closure}()
 4 SYSTEMPATH\Common.php(1173): CodeIgniter\View\View->render('siswa/new', [], true)
 5 APPPATH\Controllers\Siswa.php(44): view('siswa/new', [...])
 6 SYSTEMPATH\CodeIgniter.php(933): App\Controllers\Siswa->new()
 7 SYSTEMPATH\CodeIgniter.php(507): CodeIgniter\CodeIgniter->runController(Object(App\Controllers\Siswa))
 8 SYSTEMPATH\CodeIgniter.php(354): CodeIgniter\CodeIgniter->handleRequest(null, Object(Config\Cache), false)
 9 SYSTEMPATH\Boot.php(334): CodeIgniter\CodeIgniter->run()
10 SYSTEMPATH\Boot.php(67): CodeIgniter\Boot::runCodeIgniter(Object(CodeIgniter\CodeIgniter))
11 FCPATH\index.php(59): CodeIgniter\Boot::bootWeb(Object(Config\Paths))
DEBUG - 2025-07-14 17:52:25 --> Session: Class initialized using 'CodeIgniter\Session\Handlers\FileHandler' driver.
CRITICAL - 2025-07-14 17:52:25 --> ErrorException: Undefined array key "id_wilayah"
[Method: GET, Route: siswa/new]
in APPPATH\Views\siswa\new.php on line 16.
 1 APPPATH\Views\siswa\new.php(16): CodeIgniter\Debug\Exceptions->errorHandler(2, 'Undefined array key "id_wilayah"', 'C:\\laragon\\www\\montecarlo\\app\\Views\\siswa\\new.php', 16)
 2 SYSTEMPATH\View\View.php(224): include('C:\\laragon\\www\\montecarlo\\app\\Views\\siswa\\new.php')
 3 SYSTEMPATH\View\View.php(227): CodeIgniter\View\View->CodeIgniter\View\{closure}()
 4 SYSTEMPATH\Common.php(1173): CodeIgniter\View\View->render('siswa/new', [], true)
 5 APPPATH\Controllers\Siswa.php(44): view('siswa/new', [...])
 6 SYSTEMPATH\CodeIgniter.php(933): App\Controllers\Siswa->new()
 7 SYSTEMPATH\CodeIgniter.php(507): CodeIgniter\CodeIgniter->runController(Object(App\Controllers\Siswa))
 8 SYSTEMPATH\CodeIgniter.php(354): CodeIgniter\CodeIgniter->handleRequest(null, Object(Config\Cache), false)
 9 SYSTEMPATH\Boot.php(334): CodeIgniter\CodeIgniter->run()
10 SYSTEMPATH\Boot.php(67): CodeIgniter\Boot::runCodeIgniter(Object(CodeIgniter\CodeIgniter))
11 FCPATH\index.php(59): CodeIgniter\Boot::bootWeb(Object(Config\Paths))
DEBUG - 2025-07-14 17:52:28 --> Session: Class initialized using 'CodeIgniter\Session\Handlers\FileHandler' driver.
CRITICAL - 2025-07-14 17:52:28 --> ErrorException: Undefined array key "id_wilayah"
[Method: GET, Route: siswa/new]
in APPPATH\Views\siswa\new.php on line 16.
 1 APPPATH\Views\siswa\new.php(16): CodeIgniter\Debug\Exceptions->errorHandler(2, 'Undefined array key "id_wilayah"', 'C:\\laragon\\www\\montecarlo\\app\\Views\\siswa\\new.php', 16)
 2 SYSTEMPATH\View\View.php(224): include('C:\\laragon\\www\\montecarlo\\app\\Views\\siswa\\new.php')
 3 SYSTEMPATH\View\View.php(227): CodeIgniter\View\View->CodeIgniter\View\{closure}()
 4 SYSTEMPATH\Common.php(1173): CodeIgniter\View\View->render('siswa/new', [], true)
 5 APPPATH\Controllers\Siswa.php(44): view('siswa/new', [...])
 6 SYSTEMPATH\CodeIgniter.php(933): App\Controllers\Siswa->new()
 7 SYSTEMPATH\CodeIgniter.php(507): CodeIgniter\CodeIgniter->runController(Object(App\Controllers\Siswa))
 8 SYSTEMPATH\CodeIgniter.php(354): CodeIgniter\CodeIgniter->handleRequest(null, Object(Config\Cache), false)
 9 SYSTEMPATH\Boot.php(334): CodeIgniter\CodeIgniter->run()
10 SYSTEMPATH\Boot.php(67): CodeIgniter\Boot::runCodeIgniter(Object(CodeIgniter\CodeIgniter))
11 FCPATH\index.php(59): CodeIgniter\Boot::bootWeb(Object(Config\Paths))
DEBUG - 2025-07-14 17:52:47 --> Session: Class initialized using 'CodeIgniter\Session\Handlers\FileHandler' driver.
CRITICAL - 2025-07-14 17:52:47 --> ErrorException: Undefined array key "nama_kecamatan"
[Method: GET, Route: siswa/new]
in APPPATH\Views\siswa\new.php on line 16.
 1 APPPATH\Views\siswa\new.php(16): CodeIgniter\Debug\Exceptions->errorHandler(2, 'Undefined array key "nama_kecamatan"', 'C:\\laragon\\www\\montecarlo\\app\\Views\\siswa\\new.php', 16)
 2 SYSTEMPATH\View\View.php(224): include('C:\\laragon\\www\\montecarlo\\app\\Views\\siswa\\new.php')
 3 SYSTEMPATH\View\View.php(227): CodeIgniter\View\View->CodeIgniter\View\{closure}()
 4 SYSTEMPATH\Common.php(1173): CodeIgniter\View\View->render('siswa/new', [], true)
 5 APPPATH\Controllers\Siswa.php(44): view('siswa/new', [...])
 6 SYSTEMPATH\CodeIgniter.php(933): App\Controllers\Siswa->new()
 7 SYSTEMPATH\CodeIgniter.php(507): CodeIgniter\CodeIgniter->runController(Object(App\Controllers\Siswa))
 8 SYSTEMPATH\CodeIgniter.php(354): CodeIgniter\CodeIgniter->handleRequest(null, Object(Config\Cache), false)
 9 SYSTEMPATH\Boot.php(334): CodeIgniter\CodeIgniter->run()
10 SYSTEMPATH\Boot.php(67): CodeIgniter\Boot::runCodeIgniter(Object(CodeIgniter\CodeIgniter))
11 FCPATH\index.php(59): CodeIgniter\Boot::bootWeb(Object(Config\Paths))
DEBUG - 2025-07-14 17:53:00 --> Session: Class initialized using 'CodeIgniter\Session\Handlers\FileHandler' driver.
CRITICAL - 2025-07-14 17:53:00 --> CodeIgniter\View\Exceptions\ViewException: Invalid file: "layout/template.php"
[Method: GET, Route: siswa/new]
in SYSTEMPATH\Exceptions\FrameworkException.php on line 39.
 1 SYSTEMPATH\View\View.php(212): CodeIgniter\Exceptions\FrameworkException::forInvalidFile('layout/template.php')
 2 SYSTEMPATH\View\View.php(240): CodeIgniter\View\View->render('layout/template', [], true)
 3 SYSTEMPATH\Common.php(1173): CodeIgniter\View\View->render('siswa/new', [], true)
 4 APPPATH\Controllers\Siswa.php(44): view('siswa/new', [...])
 5 SYSTEMPATH\CodeIgniter.php(933): App\Controllers\Siswa->new()
 6 SYSTEMPATH\CodeIgniter.php(507): CodeIgniter\CodeIgniter->runController(Object(App\Controllers\Siswa))
 7 SYSTEMPATH\CodeIgniter.php(354): CodeIgniter\CodeIgniter->handleRequest(null, Object(Config\Cache), false)
 8 SYSTEMPATH\Boot.php(334): CodeIgniter\CodeIgniter->run()
 9 SYSTEMPATH\Boot.php(67): CodeIgniter\Boot::runCodeIgniter(Object(CodeIgniter\CodeIgniter))
10 FCPATH\index.php(59): CodeIgniter\Boot::bootWeb(Object(Config\Paths))
DEBUG - 2025-07-14 17:53:11 --> Session: Class initialized using 'CodeIgniter\Session\Handlers\FileHandler' driver.
DEBUG - 2025-07-14 17:53:32 --> Session: Class initialized using 'CodeIgniter\Session\Handlers\FileHandler' driver.
DEBUG - 2025-07-14 17:53:36 --> Session: Class initialized using 'CodeIgniter\Session\Handlers\FileHandler' driver.
DEBUG - 2025-07-14 17:53:52 --> Session: Class initialized using 'CodeIgniter\Session\Handlers\FileHandler' driver.
DEBUG - 2025-07-14 17:53:54 --> Session: Class initialized using 'CodeIgniter\Session\Handlers\FileHandler' driver.
DEBUG - 2025-07-14 17:54:05 --> Session: Class initialized using 'CodeIgniter\Session\Handlers\FileHandler' driver.
DEBUG - 2025-07-14 17:54:07 --> Session: Class initialized using 'CodeIgniter\Session\Handlers\FileHandler' driver.
DEBUG - 2025-07-14 17:54:11 --> Session: Class initialized using 'CodeIgniter\Session\Handlers\FileHandler' driver.
DEBUG - 2025-07-14 17:55:05 --> Session: Class initialized using 'CodeIgniter\Session\Handlers\FileHandler' driver.
DEBUG - 2025-07-14 17:55:06 --> Session: Class initialized using 'CodeIgniter\Session\Handlers\FileHandler' driver.
DEBUG - 2025-07-14 17:55:09 --> Session: Class initialized using 'CodeIgniter\Session\Handlers\FileHandler' driver.
DEBUG - 2025-07-14 17:55:10 --> Session: Class initialized using 'CodeIgniter\Session\Handlers\FileHandler' driver.
DEBUG - 2025-07-14 17:55:11 --> Session: Class initialized using 'CodeIgniter\Session\Handlers\FileHandler' driver.
DEBUG - 2025-07-14 17:55:36 --> Session: Class initialized using 'CodeIgniter\Session\Handlers\FileHandler' driver.
DEBUG - 2025-07-14 17:56:02 --> Session: Class initialized using 'CodeIgniter\Session\Handlers\FileHandler' driver.
DEBUG - 2025-07-14 17:56:10 --> Session: Class initialized using 'CodeIgniter\Session\Handlers\FileHandler' driver.
DEBUG - 2025-07-14 17:56:20 --> Session: Class initialized using 'CodeIgniter\Session\Handlers\FileHandler' driver.
DEBUG - 2025-07-14 17:56:28 --> Session: Class initialized using 'CodeIgniter\Session\Handlers\FileHandler' driver.
DEBUG - 2025-07-14 17:56:37 --> Session: Class initialized using 'CodeIgniter\Session\Handlers\FileHandler' driver.
DEBUG - 2025-07-14 17:56:39 --> Session: Class initialized using 'CodeIgniter\Session\Handlers\FileHandler' driver.
DEBUG - 2025-07-14 17:56:53 --> Session: Class initialized using 'CodeIgniter\Session\Handlers\FileHandler' driver.
DEBUG - 2025-07-14 17:56:55 --> Session: Class initialized using 'CodeIgniter\Session\Handlers\FileHandler' driver.
DEBUG - 2025-07-14 17:56:57 --> Session: Class initialized using 'CodeIgniter\Session\Handlers\FileHandler' driver.
DEBUG - 2025-07-14 17:57:49 --> Session: Class initialized using 'CodeIgniter\Session\Handlers\FileHandler' driver.
DEBUG - 2025-07-14 17:57:51 --> Session: Class initialized using 'CodeIgniter\Session\Handlers\FileHandler' driver.
DEBUG - 2025-07-14 17:57:52 --> Session: Class initialized using 'CodeIgniter\Session\Handlers\FileHandler' driver.
DEBUG - 2025-07-14 17:57:54 --> Session: Class initialized using 'CodeIgniter\Session\Handlers\FileHandler' driver.
DEBUG - 2025-07-14 17:57:55 --> Session: Class initialized using 'CodeIgniter\Session\Handlers\FileHandler' driver.
DEBUG - 2025-07-14 17:57:56 --> Session: Class initialized using 'CodeIgniter\Session\Handlers\FileHandler' driver.
DEBUG - 2025-07-14 17:57:59 --> Session: Class initialized using 'CodeIgniter\Session\Handlers\FileHandler' driver.
DEBUG - 2025-07-14 17:58:00 --> Session: Class initialized using 'CodeIgniter\Session\Handlers\FileHandler' driver.
DEBUG - 2025-07-14 17:58:31 --> Session: Class initialized using 'CodeIgniter\Session\Handlers\FileHandler' driver.
DEBUG - 2025-07-14 17:58:33 --> Session: Class initialized using 'CodeIgniter\Session\Handlers\FileHandler' driver.
DEBUG - 2025-07-14 17:58:34 --> Session: Class initialized using 'CodeIgniter\Session\Handlers\FileHandler' driver.
DEBUG - 2025-07-14 17:58:36 --> Session: Class initialized using 'CodeIgniter\Session\Handlers\FileHandler' driver.
DEBUG - 2025-07-14 17:58:37 --> Session: Class initialized using 'CodeIgniter\Session\Handlers\FileHandler' driver.
DEBUG - 2025-07-14 17:58:38 --> Session: Class initialized using 'CodeIgniter\Session\Handlers\FileHandler' driver.
DEBUG - 2025-07-14 17:58:39 --> Session: Class initialized using 'CodeIgniter\Session\Handlers\FileHandler' driver.
DEBUG - 2025-07-14 17:58:43 --> Session: Class initialized using 'CodeIgniter\Session\Handlers\FileHandler' driver.
DEBUG - 2025-07-14 17:59:40 --> Session: Class initialized using 'CodeIgniter\Session\Handlers\FileHandler' driver.
DEBUG - 2025-07-14 17:59:41 --> Session: Class initialized using 'CodeIgniter\Session\Handlers\FileHandler' driver.
DEBUG - 2025-07-14 17:59:42 --> Session: Class initialized using 'CodeIgniter\Session\Handlers\FileHandler' driver.
DEBUG - 2025-07-14 17:59:43 --> Session: Class initialized using 'CodeIgniter\Session\Handlers\FileHandler' driver.
DEBUG - 2025-07-14 17:59:45 --> Session: Class initialized using 'CodeIgniter\Session\Handlers\FileHandler' driver.
DEBUG - 2025-07-14 17:59:49 --> Session: Class initialized using 'CodeIgniter\Session\Handlers\FileHandler' driver.
DEBUG - 2025-07-14 18:00:16 --> Session: Class initialized using 'CodeIgniter\Session\Handlers\FileHandler' driver.
DEBUG - 2025-07-14 18:00:18 --> Session: Class initialized using 'CodeIgniter\Session\Handlers\FileHandler' driver.
DEBUG - 2025-07-14 18:00:24 --> Session: Class initialized using 'CodeIgniter\Session\Handlers\FileHandler' driver.
DEBUG - 2025-07-14 18:00:41 --> Session: Class initialized using 'CodeIgniter\Session\Handlers\FileHandler' driver.
CRITICAL - 2025-07-14 18:01:13 --> ErrorException: Undefined array key "id_wilayah"
[Method: GET, Route: siswa/new]
in APPPATH\Views\siswa\new.php on line 25.
 1 APPPATH\Views\siswa\new.php(25): CodeIgniter\Debug\Exceptions->errorHandler(2, 'Undefined array key "id_wilayah"', 'C:\\laragon\\www\\montecarlo\\app\\Views\\siswa\\new.php', 25)
 2 SYSTEMPATH\View\View.php(224): include('C:\\laragon\\www\\montecarlo\\app\\Views\\siswa\\new.php')
 3 SYSTEMPATH\View\View.php(227): CodeIgniter\View\View->CodeIgniter\View\{closure}()
 4 SYSTEMPATH\Common.php(1173): CodeIgniter\View\View->render('siswa/new', [], true)
 5 APPPATH\Controllers\Siswa.php(44): view('siswa/new', [...])
 6 SYSTEMPATH\CodeIgniter.php(933): App\Controllers\Siswa->new()
 7 SYSTEMPATH\CodeIgniter.php(507): CodeIgniter\CodeIgniter->runController(Object(App\Controllers\Siswa))
 8 SYSTEMPATH\CodeIgniter.php(354): CodeIgniter\CodeIgniter->handleRequest(null, Object(Config\Cache), false)
 9 SYSTEMPATH\Boot.php(334): CodeIgniter\CodeIgniter->run()
10 SYSTEMPATH\Boot.php(67): CodeIgniter\Boot::runCodeIgniter(Object(CodeIgniter\CodeIgniter))
11 FCPATH\index.php(59): CodeIgniter\Boot::bootWeb(Object(Config\Paths))
DEBUG - 2025-07-14 18:01:46 --> Session: Class initialized using 'CodeIgniter\Session\Handlers\FileHandler' driver.
DEBUG - 2025-07-14 18:01:58 --> Session: Class initialized using 'CodeIgniter\Session\Handlers\FileHandler' driver.
DEBUG - 2025-07-14 18:01:59 --> Session: Class initialized using 'CodeIgniter\Session\Handlers\FileHandler' driver.
DEBUG - 2025-07-14 18:02:01 --> Session: Class initialized using 'CodeIgniter\Session\Handlers\FileHandler' driver.
DEBUG - 2025-07-14 18:02:14 --> Session: Class initialized using 'CodeIgniter\Session\Handlers\FileHandler' driver.
DEBUG - 2025-07-14 18:03:40 --> Session: Class initialized using 'CodeIgniter\Session\Handlers\FileHandler' driver.
ERROR - 2025-07-14 18:03:44 --> mysqli_sql_exception: Unknown column 'created_at' in 'field list' in C:\laragon\www\montecarlo\vendor\codeigniter4\framework\system\Database\MySQLi\Connection.php:327
Stack trace:
#0 C:\laragon\www\montecarlo\vendor\codeigniter4\framework\system\Database\MySQLi\Connection.php(327): mysqli->query('INSERT INTO `si...', 0)
#1 C:\laragon\www\montecarlo\vendor\codeigniter4\framework\system\Database\BaseConnection.php(738): CodeIgniter\Database\MySQLi\Connection->execute('INSERT INTO `si...')
#2 C:\laragon\www\montecarlo\vendor\codeigniter4\framework\system\Database\BaseConnection.php(652): CodeIgniter\Database\BaseConnection->simpleQuery('INSERT INTO `si...')
#3 C:\laragon\www\montecarlo\vendor\codeigniter4\framework\system\Database\BaseBuilder.php(2345): CodeIgniter\Database\BaseConnection->query('INSERT INTO `si...', Array, false)
#4 C:\laragon\www\montecarlo\vendor\codeigniter4\framework\system\Model.php(394): CodeIgniter\Database\BaseBuilder->insert()
#5 C:\laragon\www\montecarlo\vendor\codeigniter4\framework\system\BaseModel.php(843): CodeIgniter\Model->doInsert(Array)
#6 C:\laragon\www\montecarlo\vendor\codeigniter4\framework\system\Model.php(800): CodeIgniter\BaseModel->insert(Array, false)
#7 C:\laragon\www\montecarlo\vendor\codeigniter4\framework\system\BaseModel.php(754): CodeIgniter\Model->insert(Array, false)
#8 C:\laragon\www\montecarlo\app\Controllers\Siswa.php(60): CodeIgniter\BaseModel->save(Array)
#9 C:\laragon\www\montecarlo\vendor\codeigniter4\framework\system\CodeIgniter.php(933): App\Controllers\Siswa->create()
#10 C:\laragon\www\montecarlo\vendor\codeigniter4\framework\system\CodeIgniter.php(507): CodeIgniter\CodeIgniter->runController(Object(App\Controllers\Siswa))
#11 C:\laragon\www\montecarlo\vendor\codeigniter4\framework\system\CodeIgniter.php(354): CodeIgniter\CodeIgniter->handleRequest(NULL, Object(Config\Cache), false)
#12 C:\laragon\www\montecarlo\vendor\codeigniter4\framework\system\Boot.php(334): CodeIgniter\CodeIgniter->run()
#13 C:\laragon\www\montecarlo\vendor\codeigniter4\framework\system\Boot.php(67): CodeIgniter\Boot::runCodeIgniter(Object(CodeIgniter\CodeIgniter))
#14 C:\laragon\www\montecarlo\index.php(59): CodeIgniter\Boot::bootWeb(Object(Config\Paths))
#15 {main}
CRITICAL - 2025-07-14 18:03:44 --> CodeIgniter\Database\Exceptions\DatabaseException: Unknown column 'created_at' in 'field list'
[Method: POST, Route: siswa]
in SYSTEMPATH\Database\BaseConnection.php on line 692.
 1 SYSTEMPATH\Database\BaseBuilder.php(2345): CodeIgniter\Database\BaseConnection->query('INSERT INTO `siswa` (`kecamatan_id`, `jumlah`, `created_at`, `updated_at`) VALUES (:kecamatan_id:, :jumlah:, :created_at:, :updated_at:)', [...], false)
 2 SYSTEMPATH\Model.php(394): CodeIgniter\Database\BaseBuilder->insert()
 3 SYSTEMPATH\BaseModel.php(843): CodeIgniter\Model->doInsert([...])
 4 SYSTEMPATH\Model.php(800): CodeIgniter\BaseModel->insert([...], false)
 5 SYSTEMPATH\BaseModel.php(754): CodeIgniter\Model->insert([...], false)
 6 APPPATH\Controllers\Siswa.php(60): CodeIgniter\BaseModel->save([...])
 7 SYSTEMPATH\CodeIgniter.php(933): App\Controllers\Siswa->create()
 8 SYSTEMPATH\CodeIgniter.php(507): CodeIgniter\CodeIgniter->runController(Object(App\Controllers\Siswa))
 9 SYSTEMPATH\CodeIgniter.php(354): CodeIgniter\CodeIgniter->handleRequest(null, Object(Config\Cache), false)
10 SYSTEMPATH\Boot.php(334): CodeIgniter\CodeIgniter->run()
11 SYSTEMPATH\Boot.php(67): CodeIgniter\Boot::runCodeIgniter(Object(CodeIgniter\CodeIgniter))
12 FCPATH\index.php(59): CodeIgniter\Boot::bootWeb(Object(Config\Paths))
CRITICAL - 2025-07-14 18:03:44 --> [Caused by] CodeIgniter\Database\Exceptions\DatabaseException: Unknown column 'created_at' in 'field list'
in SYSTEMPATH\Database\MySQLi\Connection.php on line 332.
 1 SYSTEMPATH\Database\BaseConnection.php(738): CodeIgniter\Database\MySQLi\Connection->execute('INSERT INTO `siswa` (`kecamatan_id`, `jumlah`, `created_at`, `updated_at`) VALUES (\'1\', \'1222\', \'2025-07-14 18:03:43\', \'2025-07-14 18:03:43\')')
 2 SYSTEMPATH\Database\BaseConnection.php(652): CodeIgniter\Database\BaseConnection->simpleQuery('INSERT INTO `siswa` (`kecamatan_id`, `jumlah`, `created_at`, `updated_at`) VALUES (\'1\', \'1222\', \'2025-07-14 18:03:43\', \'2025-07-14 18:03:43\')')
 3 SYSTEMPATH\Database\BaseBuilder.php(2345): CodeIgniter\Database\BaseConnection->query('INSERT INTO `siswa` (`kecamatan_id`, `jumlah`, `created_at`, `updated_at`) VALUES (:kecamatan_id:, :jumlah:, :created_at:, :updated_at:)', [...], false)
 4 SYSTEMPATH\Model.php(394): CodeIgniter\Database\BaseBuilder->insert()
 5 SYSTEMPATH\BaseModel.php(843): CodeIgniter\Model->doInsert([...])
 6 SYSTEMPATH\Model.php(800): CodeIgniter\BaseModel->insert([...], false)
 7 SYSTEMPATH\BaseModel.php(754): CodeIgniter\Model->insert([...], false)
 8 APPPATH\Controllers\Siswa.php(60): CodeIgniter\BaseModel->save([...])
 9 SYSTEMPATH\CodeIgniter.php(933): App\Controllers\Siswa->create()
10 SYSTEMPATH\CodeIgniter.php(507): CodeIgniter\CodeIgniter->runController(Object(App\Controllers\Siswa))
11 SYSTEMPATH\CodeIgniter.php(354): CodeIgniter\CodeIgniter->handleRequest(null, Object(Config\Cache), false)
12 SYSTEMPATH\Boot.php(334): CodeIgniter\CodeIgniter->run()
13 SYSTEMPATH\Boot.php(67): CodeIgniter\Boot::runCodeIgniter(Object(CodeIgniter\CodeIgniter))
14 FCPATH\index.php(59): CodeIgniter\Boot::bootWeb(Object(Config\Paths))
CRITICAL - 2025-07-14 18:03:44 --> [Caused by] mysqli_sql_exception: Unknown column 'created_at' in 'field list'
in SYSTEMPATH\Database\MySQLi\Connection.php on line 327.
 1 SYSTEMPATH\Database\MySQLi\Connection.php(327): mysqli->query('INSERT INTO `siswa` (`kecamatan_id`, `jumlah`, `created_at`, `updated_at`) VALUES (\'1\', \'1222\', \'2025-07-14 18:03:43\', \'2025-07-14 18:03:43\')', 0)
 2 SYSTEMPATH\Database\BaseConnection.php(738): CodeIgniter\Database\MySQLi\Connection->execute('INSERT INTO `siswa` (`kecamatan_id`, `jumlah`, `created_at`, `updated_at`) VALUES (\'1\', \'1222\', \'2025-07-14 18:03:43\', \'2025-07-14 18:03:43\')')
 3 SYSTEMPATH\Database\BaseConnection.php(652): CodeIgniter\Database\BaseConnection->simpleQuery('INSERT INTO `siswa` (`kecamatan_id`, `jumlah`, `created_at`, `updated_at`) VALUES (\'1\', \'1222\', \'2025-07-14 18:03:43\', \'2025-07-14 18:03:43\')')
 4 SYSTEMPATH\Database\BaseBuilder.php(2345): CodeIgniter\Database\BaseConnection->query('INSERT INTO `siswa` (`kecamatan_id`, `jumlah`, `created_at`, `updated_at`) VALUES (:kecamatan_id:, :jumlah:, :created_at:, :updated_at:)', [...], false)
 5 SYSTEMPATH\Model.php(394): CodeIgniter\Database\BaseBuilder->insert()
 6 SYSTEMPATH\BaseModel.php(843): CodeIgniter\Model->doInsert([...])
 7 SYSTEMPATH\Model.php(800): CodeIgniter\BaseModel->insert([...], false)
 8 SYSTEMPATH\BaseModel.php(754): CodeIgniter\Model->insert([...], false)
 9 APPPATH\Controllers\Siswa.php(60): CodeIgniter\BaseModel->save([...])
10 SYSTEMPATH\CodeIgniter.php(933): App\Controllers\Siswa->create()
11 SYSTEMPATH\CodeIgniter.php(507): CodeIgniter\CodeIgniter->runController(Object(App\Controllers\Siswa))
12 SYSTEMPATH\CodeIgniter.php(354): CodeIgniter\CodeIgniter->handleRequest(null, Object(Config\Cache), false)
13 SYSTEMPATH\Boot.php(334): CodeIgniter\CodeIgniter->run()
14 SYSTEMPATH\Boot.php(67): CodeIgniter\Boot::runCodeIgniter(Object(CodeIgniter\CodeIgniter))
15 FCPATH\index.php(59): CodeIgniter\Boot::bootWeb(Object(Config\Paths))
ERROR - 2025-07-14 18:04:08 --> mysqli_sql_exception: Unknown column 'created_at' in 'field list' in C:\laragon\www\montecarlo\vendor\codeigniter4\framework\system\Database\MySQLi\Connection.php:327
Stack trace:
#0 C:\laragon\www\montecarlo\vendor\codeigniter4\framework\system\Database\MySQLi\Connection.php(327): mysqli->query('INSERT INTO `si...', 0)
#1 C:\laragon\www\montecarlo\vendor\codeigniter4\framework\system\Database\BaseConnection.php(738): CodeIgniter\Database\MySQLi\Connection->execute('INSERT INTO `si...')
#2 C:\laragon\www\montecarlo\vendor\codeigniter4\framework\system\Database\BaseConnection.php(652): CodeIgniter\Database\BaseConnection->simpleQuery('INSERT INTO `si...')
#3 C:\laragon\www\montecarlo\vendor\codeigniter4\framework\system\Database\BaseBuilder.php(2345): CodeIgniter\Database\BaseConnection->query('INSERT INTO `si...', Array, false)
#4 C:\laragon\www\montecarlo\vendor\codeigniter4\framework\system\Model.php(394): CodeIgniter\Database\BaseBuilder->insert()
#5 C:\laragon\www\montecarlo\vendor\codeigniter4\framework\system\BaseModel.php(843): CodeIgniter\Model->doInsert(Array)
#6 C:\laragon\www\montecarlo\vendor\codeigniter4\framework\system\Model.php(800): CodeIgniter\BaseModel->insert(Array, false)
#7 C:\laragon\www\montecarlo\vendor\codeigniter4\framework\system\BaseModel.php(754): CodeIgniter\Model->insert(Array, false)
#8 C:\laragon\www\montecarlo\app\Controllers\Siswa.php(60): CodeIgniter\BaseModel->save(Array)
#9 C:\laragon\www\montecarlo\vendor\codeigniter4\framework\system\CodeIgniter.php(933): App\Controllers\Siswa->create()
#10 C:\laragon\www\montecarlo\vendor\codeigniter4\framework\system\CodeIgniter.php(507): CodeIgniter\CodeIgniter->runController(Object(App\Controllers\Siswa))
#11 C:\laragon\www\montecarlo\vendor\codeigniter4\framework\system\CodeIgniter.php(354): CodeIgniter\CodeIgniter->handleRequest(NULL, Object(Config\Cache), false)
#12 C:\laragon\www\montecarlo\vendor\codeigniter4\framework\system\Boot.php(334): CodeIgniter\CodeIgniter->run()
#13 C:\laragon\www\montecarlo\vendor\codeigniter4\framework\system\Boot.php(67): CodeIgniter\Boot::runCodeIgniter(Object(CodeIgniter\CodeIgniter))
#14 C:\laragon\www\montecarlo\index.php(59): CodeIgniter\Boot::bootWeb(Object(Config\Paths))
#15 {main}
CRITICAL - 2025-07-14 18:04:08 --> CodeIgniter\Database\Exceptions\DatabaseException: Unknown column 'created_at' in 'field list'
[Method: POST, Route: siswa]
in SYSTEMPATH\Database\BaseConnection.php on line 692.
 1 SYSTEMPATH\Database\BaseBuilder.php(2345): CodeIgniter\Database\BaseConnection->query('INSERT INTO `siswa` (`kecamatan_id`, `jumlah`, `created_at`, `updated_at`) VALUES (:kecamatan_id:, :jumlah:, :created_at:, :updated_at:)', [...], false)
 2 SYSTEMPATH\Model.php(394): CodeIgniter\Database\BaseBuilder->insert()
 3 SYSTEMPATH\BaseModel.php(843): CodeIgniter\Model->doInsert([...])
 4 SYSTEMPATH\Model.php(800): CodeIgniter\BaseModel->insert([...], false)
 5 SYSTEMPATH\BaseModel.php(754): CodeIgniter\Model->insert([...], false)
 6 APPPATH\Controllers\Siswa.php(60): CodeIgniter\BaseModel->save([...])
 7 SYSTEMPATH\CodeIgniter.php(933): App\Controllers\Siswa->create()
 8 SYSTEMPATH\CodeIgniter.php(507): CodeIgniter\CodeIgniter->runController(Object(App\Controllers\Siswa))
 9 SYSTEMPATH\CodeIgniter.php(354): CodeIgniter\CodeIgniter->handleRequest(null, Object(Config\Cache), false)
10 SYSTEMPATH\Boot.php(334): CodeIgniter\CodeIgniter->run()
11 SYSTEMPATH\Boot.php(67): CodeIgniter\Boot::runCodeIgniter(Object(CodeIgniter\CodeIgniter))
12 FCPATH\index.php(59): CodeIgniter\Boot::bootWeb(Object(Config\Paths))
CRITICAL - 2025-07-14 18:04:08 --> [Caused by] CodeIgniter\Database\Exceptions\DatabaseException: Unknown column 'created_at' in 'field list'
in SYSTEMPATH\Database\MySQLi\Connection.php on line 332.
 1 SYSTEMPATH\Database\BaseConnection.php(738): CodeIgniter\Database\MySQLi\Connection->execute('INSERT INTO `siswa` (`kecamatan_id`, `jumlah`, `created_at`, `updated_at`) VALUES (\'1\', \'1222\', \'2025-07-14 18:04:08\', \'2025-07-14 18:04:08\')')
 2 SYSTEMPATH\Database\BaseConnection.php(652): CodeIgniter\Database\BaseConnection->simpleQuery('INSERT INTO `siswa` (`kecamatan_id`, `jumlah`, `created_at`, `updated_at`) VALUES (\'1\', \'1222\', \'2025-07-14 18:04:08\', \'2025-07-14 18:04:08\')')
 3 SYSTEMPATH\Database\BaseBuilder.php(2345): CodeIgniter\Database\BaseConnection->query('INSERT INTO `siswa` (`kecamatan_id`, `jumlah`, `created_at`, `updated_at`) VALUES (:kecamatan_id:, :jumlah:, :created_at:, :updated_at:)', [...], false)
 4 SYSTEMPATH\Model.php(394): CodeIgniter\Database\BaseBuilder->insert()
 5 SYSTEMPATH\BaseModel.php(843): CodeIgniter\Model->doInsert([...])
 6 SYSTEMPATH\Model.php(800): CodeIgniter\BaseModel->insert([...], false)
 7 SYSTEMPATH\BaseModel.php(754): CodeIgniter\Model->insert([...], false)
 8 APPPATH\Controllers\Siswa.php(60): CodeIgniter\BaseModel->save([...])
 9 SYSTEMPATH\CodeIgniter.php(933): App\Controllers\Siswa->create()
10 SYSTEMPATH\CodeIgniter.php(507): CodeIgniter\CodeIgniter->runController(Object(App\Controllers\Siswa))
11 SYSTEMPATH\CodeIgniter.php(354): CodeIgniter\CodeIgniter->handleRequest(null, Object(Config\Cache), false)
12 SYSTEMPATH\Boot.php(334): CodeIgniter\CodeIgniter->run()
13 SYSTEMPATH\Boot.php(67): CodeIgniter\Boot::runCodeIgniter(Object(CodeIgniter\CodeIgniter))
14 FCPATH\index.php(59): CodeIgniter\Boot::bootWeb(Object(Config\Paths))
CRITICAL - 2025-07-14 18:04:08 --> [Caused by] mysqli_sql_exception: Unknown column 'created_at' in 'field list'
in SYSTEMPATH\Database\MySQLi\Connection.php on line 327.
 1 SYSTEMPATH\Database\MySQLi\Connection.php(327): mysqli->query('INSERT INTO `siswa` (`kecamatan_id`, `jumlah`, `created_at`, `updated_at`) VALUES (\'1\', \'1222\', \'2025-07-14 18:04:08\', \'2025-07-14 18:04:08\')', 0)
 2 SYSTEMPATH\Database\BaseConnection.php(738): CodeIgniter\Database\MySQLi\Connection->execute('INSERT INTO `siswa` (`kecamatan_id`, `jumlah`, `created_at`, `updated_at`) VALUES (\'1\', \'1222\', \'2025-07-14 18:04:08\', \'2025-07-14 18:04:08\')')
 3 SYSTEMPATH\Database\BaseConnection.php(652): CodeIgniter\Database\BaseConnection->simpleQuery('INSERT INTO `siswa` (`kecamatan_id`, `jumlah`, `created_at`, `updated_at`) VALUES (\'1\', \'1222\', \'2025-07-14 18:04:08\', \'2025-07-14 18:04:08\')')
 4 SYSTEMPATH\Database\BaseBuilder.php(2345): CodeIgniter\Database\BaseConnection->query('INSERT INTO `siswa` (`kecamatan_id`, `jumlah`, `created_at`, `updated_at`) VALUES (:kecamatan_id:, :jumlah:, :created_at:, :updated_at:)', [...], false)
 5 SYSTEMPATH\Model.php(394): CodeIgniter\Database\BaseBuilder->insert()
 6 SYSTEMPATH\BaseModel.php(843): CodeIgniter\Model->doInsert([...])
 7 SYSTEMPATH\Model.php(800): CodeIgniter\BaseModel->insert([...], false)
 8 SYSTEMPATH\BaseModel.php(754): CodeIgniter\Model->insert([...], false)
 9 APPPATH\Controllers\Siswa.php(60): CodeIgniter\BaseModel->save([...])
10 SYSTEMPATH\CodeIgniter.php(933): App\Controllers\Siswa->create()
11 SYSTEMPATH\CodeIgniter.php(507): CodeIgniter\CodeIgniter->runController(Object(App\Controllers\Siswa))
12 SYSTEMPATH\CodeIgniter.php(354): CodeIgniter\CodeIgniter->handleRequest(null, Object(Config\Cache), false)
13 SYSTEMPATH\Boot.php(334): CodeIgniter\CodeIgniter->run()
14 SYSTEMPATH\Boot.php(67): CodeIgniter\Boot::runCodeIgniter(Object(CodeIgniter\CodeIgniter))
15 FCPATH\index.php(59): CodeIgniter\Boot::bootWeb(Object(Config\Paths))
DEBUG - 2025-07-14 18:04:11 --> Session: Class initialized using 'CodeIgniter\Session\Handlers\FileHandler' driver.
DEBUG - 2025-07-14 18:05:34 --> Session: Class initialized using 'CodeIgniter\Session\Handlers\FileHandler' driver.
DEBUG - 2025-07-14 18:06:25 --> Session: Class initialized using 'CodeIgniter\Session\Handlers\FileHandler' driver.
DEBUG - 2025-07-14 18:06:29 --> Session: Class initialized using 'CodeIgniter\Session\Handlers\FileHandler' driver.
ERROR - 2025-07-14 18:06:29 --> mysqli_sql_exception: Unknown column 'created_at' in 'field list' in C:\laragon\www\montecarlo\vendor\codeigniter4\framework\system\Database\MySQLi\Connection.php:327
Stack trace:
#0 C:\laragon\www\montecarlo\vendor\codeigniter4\framework\system\Database\MySQLi\Connection.php(327): mysqli->query('INSERT INTO `si...', 0)
#1 C:\laragon\www\montecarlo\vendor\codeigniter4\framework\system\Database\BaseConnection.php(738): CodeIgniter\Database\MySQLi\Connection->execute('INSERT INTO `si...')
#2 C:\laragon\www\montecarlo\vendor\codeigniter4\framework\system\Database\BaseConnection.php(652): CodeIgniter\Database\BaseConnection->simpleQuery('INSERT INTO `si...')
#3 C:\laragon\www\montecarlo\vendor\codeigniter4\framework\system\Database\BaseBuilder.php(2345): CodeIgniter\Database\BaseConnection->query('INSERT INTO `si...', Array, false)
#4 C:\laragon\www\montecarlo\vendor\codeigniter4\framework\system\Model.php(394): CodeIgniter\Database\BaseBuilder->insert()
#5 C:\laragon\www\montecarlo\vendor\codeigniter4\framework\system\BaseModel.php(843): CodeIgniter\Model->doInsert(Array)
#6 C:\laragon\www\montecarlo\vendor\codeigniter4\framework\system\Model.php(800): CodeIgniter\BaseModel->insert(Array, false)
#7 C:\laragon\www\montecarlo\vendor\codeigniter4\framework\system\BaseModel.php(754): CodeIgniter\Model->insert(Array, false)
#8 C:\laragon\www\montecarlo\app\Controllers\Siswa.php(60): CodeIgniter\BaseModel->save(Array)
#9 C:\laragon\www\montecarlo\vendor\codeigniter4\framework\system\CodeIgniter.php(933): App\Controllers\Siswa->create()
#10 C:\laragon\www\montecarlo\vendor\codeigniter4\framework\system\CodeIgniter.php(507): CodeIgniter\CodeIgniter->runController(Object(App\Controllers\Siswa))
#11 C:\laragon\www\montecarlo\vendor\codeigniter4\framework\system\CodeIgniter.php(354): CodeIgniter\CodeIgniter->handleRequest(NULL, Object(Config\Cache), false)
#12 C:\laragon\www\montecarlo\vendor\codeigniter4\framework\system\Boot.php(334): CodeIgniter\CodeIgniter->run()
#13 C:\laragon\www\montecarlo\vendor\codeigniter4\framework\system\Boot.php(67): CodeIgniter\Boot::runCodeIgniter(Object(CodeIgniter\CodeIgniter))
#14 C:\laragon\www\montecarlo\index.php(59): CodeIgniter\Boot::bootWeb(Object(Config\Paths))
#15 {main}
CRITICAL - 2025-07-14 18:06:29 --> CodeIgniter\Database\Exceptions\DatabaseException: Unknown column 'created_at' in 'field list'
[Method: POST, Route: siswa]
in SYSTEMPATH\Database\BaseConnection.php on line 692.
 1 SYSTEMPATH\Database\BaseBuilder.php(2345): CodeIgniter\Database\BaseConnection->query('INSERT INTO `siswa` (`kecamatan_id`, `jumlah`, `created_at`, `updated_at`) VALUES (:kecamatan_id:, :jumlah:, :created_at:, :updated_at:)', [...], false)
 2 SYSTEMPATH\Model.php(394): CodeIgniter\Database\BaseBuilder->insert()
 3 SYSTEMPATH\BaseModel.php(843): CodeIgniter\Model->doInsert([...])
 4 SYSTEMPATH\Model.php(800): CodeIgniter\BaseModel->insert([...], false)
 5 SYSTEMPATH\BaseModel.php(754): CodeIgniter\Model->insert([...], false)
 6 APPPATH\Controllers\Siswa.php(60): CodeIgniter\BaseModel->save([...])
 7 SYSTEMPATH\CodeIgniter.php(933): App\Controllers\Siswa->create()
 8 SYSTEMPATH\CodeIgniter.php(507): CodeIgniter\CodeIgniter->runController(Object(App\Controllers\Siswa))
 9 SYSTEMPATH\CodeIgniter.php(354): CodeIgniter\CodeIgniter->handleRequest(null, Object(Config\Cache), false)
10 SYSTEMPATH\Boot.php(334): CodeIgniter\CodeIgniter->run()
11 SYSTEMPATH\Boot.php(67): CodeIgniter\Boot::runCodeIgniter(Object(CodeIgniter\CodeIgniter))
12 FCPATH\index.php(59): CodeIgniter\Boot::bootWeb(Object(Config\Paths))
CRITICAL - 2025-07-14 18:06:29 --> [Caused by] CodeIgniter\Database\Exceptions\DatabaseException: Unknown column 'created_at' in 'field list'
in SYSTEMPATH\Database\MySQLi\Connection.php on line 332.
 1 SYSTEMPATH\Database\BaseConnection.php(738): CodeIgniter\Database\MySQLi\Connection->execute('INSERT INTO `siswa` (`kecamatan_id`, `jumlah`, `created_at`, `updated_at`) VALUES (\'1\', \'1212\', \'2025-07-14 18:06:29\', \'2025-07-14 18:06:29\')')
 2 SYSTEMPATH\Database\BaseConnection.php(652): CodeIgniter\Database\BaseConnection->simpleQuery('INSERT INTO `siswa` (`kecamatan_id`, `jumlah`, `created_at`, `updated_at`) VALUES (\'1\', \'1212\', \'2025-07-14 18:06:29\', \'2025-07-14 18:06:29\')')
 3 SYSTEMPATH\Database\BaseBuilder.php(2345): CodeIgniter\Database\BaseConnection->query('INSERT INTO `siswa` (`kecamatan_id`, `jumlah`, `created_at`, `updated_at`) VALUES (:kecamatan_id:, :jumlah:, :created_at:, :updated_at:)', [...], false)
 4 SYSTEMPATH\Model.php(394): CodeIgniter\Database\BaseBuilder->insert()
 5 SYSTEMPATH\BaseModel.php(843): CodeIgniter\Model->doInsert([...])
 6 SYSTEMPATH\Model.php(800): CodeIgniter\BaseModel->insert([...], false)
 7 SYSTEMPATH\BaseModel.php(754): CodeIgniter\Model->insert([...], false)
 8 APPPATH\Controllers\Siswa.php(60): CodeIgniter\BaseModel->save([...])
 9 SYSTEMPATH\CodeIgniter.php(933): App\Controllers\Siswa->create()
10 SYSTEMPATH\CodeIgniter.php(507): CodeIgniter\CodeIgniter->runController(Object(App\Controllers\Siswa))
11 SYSTEMPATH\CodeIgniter.php(354): CodeIgniter\CodeIgniter->handleRequest(null, Object(Config\Cache), false)
12 SYSTEMPATH\Boot.php(334): CodeIgniter\CodeIgniter->run()
13 SYSTEMPATH\Boot.php(67): CodeIgniter\Boot::runCodeIgniter(Object(CodeIgniter\CodeIgniter))
14 FCPATH\index.php(59): CodeIgniter\Boot::bootWeb(Object(Config\Paths))
CRITICAL - 2025-07-14 18:06:29 --> [Caused by] mysqli_sql_exception: Unknown column 'created_at' in 'field list'
in SYSTEMPATH\Database\MySQLi\Connection.php on line 327.
 1 SYSTEMPATH\Database\MySQLi\Connection.php(327): mysqli->query('INSERT INTO `siswa` (`kecamatan_id`, `jumlah`, `created_at`, `updated_at`) VALUES (\'1\', \'1212\', \'2025-07-14 18:06:29\', \'2025-07-14 18:06:29\')', 0)
 2 SYSTEMPATH\Database\BaseConnection.php(738): CodeIgniter\Database\MySQLi\Connection->execute('INSERT INTO `siswa` (`kecamatan_id`, `jumlah`, `created_at`, `updated_at`) VALUES (\'1\', \'1212\', \'2025-07-14 18:06:29\', \'2025-07-14 18:06:29\')')
 3 SYSTEMPATH\Database\BaseConnection.php(652): CodeIgniter\Database\BaseConnection->simpleQuery('INSERT INTO `siswa` (`kecamatan_id`, `jumlah`, `created_at`, `updated_at`) VALUES (\'1\', \'1212\', \'2025-07-14 18:06:29\', \'2025-07-14 18:06:29\')')
 4 SYSTEMPATH\Database\BaseBuilder.php(2345): CodeIgniter\Database\BaseConnection->query('INSERT INTO `siswa` (`kecamatan_id`, `jumlah`, `created_at`, `updated_at`) VALUES (:kecamatan_id:, :jumlah:, :created_at:, :updated_at:)', [...], false)
 5 SYSTEMPATH\Model.php(394): CodeIgniter\Database\BaseBuilder->insert()
 6 SYSTEMPATH\BaseModel.php(843): CodeIgniter\Model->doInsert([...])
 7 SYSTEMPATH\Model.php(800): CodeIgniter\BaseModel->insert([...], false)
 8 SYSTEMPATH\BaseModel.php(754): CodeIgniter\Model->insert([...], false)
 9 APPPATH\Controllers\Siswa.php(60): CodeIgniter\BaseModel->save([...])
10 SYSTEMPATH\CodeIgniter.php(933): App\Controllers\Siswa->create()
11 SYSTEMPATH\CodeIgniter.php(507): CodeIgniter\CodeIgniter->runController(Object(App\Controllers\Siswa))
12 SYSTEMPATH\CodeIgniter.php(354): CodeIgniter\CodeIgniter->handleRequest(null, Object(Config\Cache), false)
13 SYSTEMPATH\Boot.php(334): CodeIgniter\CodeIgniter->run()
14 SYSTEMPATH\Boot.php(67): CodeIgniter\Boot::runCodeIgniter(Object(CodeIgniter\CodeIgniter))
15 FCPATH\index.php(59): CodeIgniter\Boot::bootWeb(Object(Config\Paths))
DEBUG - 2025-07-14 18:08:36 --> Session: Class initialized using 'CodeIgniter\Session\Handlers\FileHandler' driver.
DEBUG - 2025-07-14 18:08:36 --> Session: Class initialized using 'CodeIgniter\Session\Handlers\FileHandler' driver.
DEBUG - 2025-07-14 18:08:44 --> Session: Class initialized using 'CodeIgniter\Session\Handlers\FileHandler' driver.
DEBUG - 2025-07-14 18:08:45 --> Session: Class initialized using 'CodeIgniter\Session\Handlers\FileHandler' driver.
DEBUG - 2025-07-14 18:08:46 --> Session: Class initialized using 'CodeIgniter\Session\Handlers\FileHandler' driver.
DEBUG - 2025-07-14 18:08:53 --> Session: Class initialized using 'CodeIgniter\Session\Handlers\FileHandler' driver.
DEBUG - 2025-07-14 18:08:54 --> Session: Class initialized using 'CodeIgniter\Session\Handlers\FileHandler' driver.
DEBUG - 2025-07-14 18:08:57 --> Session: Class initialized using 'CodeIgniter\Session\Handlers\FileHandler' driver.
DEBUG - 2025-07-14 18:08:57 --> Session: Class initialized using 'CodeIgniter\Session\Handlers\FileHandler' driver.
DEBUG - 2025-07-14 18:09:00 --> Session: Class initialized using 'CodeIgniter\Session\Handlers\FileHandler' driver.
DEBUG - 2025-07-14 18:09:07 --> Session: Class initialized using 'CodeIgniter\Session\Handlers\FileHandler' driver.
DEBUG - 2025-07-14 18:09:08 --> Session: Class initialized using 'CodeIgniter\Session\Handlers\FileHandler' driver.
DEBUG - 2025-07-14 18:10:06 --> Session: Class initialized using 'CodeIgniter\Session\Handlers\FileHandler' driver.
DEBUG - 2025-07-14 18:10:56 --> Session: Class initialized using 'CodeIgniter\Session\Handlers\FileHandler' driver.
DEBUG - 2025-07-14 18:10:58 --> Session: Class initialized using 'CodeIgniter\Session\Handlers\FileHandler' driver.
DEBUG - 2025-07-14 18:10:59 --> Session: Class initialized using 'CodeIgniter\Session\Handlers\FileHandler' driver.
DEBUG - 2025-07-14 18:11:03 --> Session: Class initialized using 'CodeIgniter\Session\Handlers\FileHandler' driver.
DEBUG - 2025-07-14 18:11:04 --> Session: Class initialized using 'CodeIgniter\Session\Handlers\FileHandler' driver.
DEBUG - 2025-07-14 18:12:01 --> Session: Class initialized using 'CodeIgniter\Session\Handlers\FileHandler' driver.
DEBUG - 2025-07-14 18:12:02 --> Session: Class initialized using 'CodeIgniter\Session\Handlers\FileHandler' driver.
DEBUG - 2025-07-14 18:12:04 --> Session: Class initialized using 'CodeIgniter\Session\Handlers\FileHandler' driver.
DEBUG - 2025-07-14 18:12:05 --> Session: Class initialized using 'CodeIgniter\Session\Handlers\FileHandler' driver.
DEBUG - 2025-07-14 18:12:07 --> Session: Class initialized using 'CodeIgniter\Session\Handlers\FileHandler' driver.
DEBUG - 2025-07-14 18:12:14 --> Session: Class initialized using 'CodeIgniter\Session\Handlers\FileHandler' driver.
DEBUG - 2025-07-14 18:12:15 --> Session: Class initialized using 'CodeIgniter\Session\Handlers\FileHandler' driver.
DEBUG - 2025-07-14 18:13:06 --> Session: Class initialized using 'CodeIgniter\Session\Handlers\FileHandler' driver.
DEBUG - 2025-07-14 18:13:12 --> Session: Class initialized using 'CodeIgniter\Session\Handlers\FileHandler' driver.
DEBUG - 2025-07-14 18:13:13 --> Session: Class initialized using 'CodeIgniter\Session\Handlers\FileHandler' driver.
DEBUG - 2025-07-14 18:13:16 --> Session: Class initialized using 'CodeIgniter\Session\Handlers\FileHandler' driver.
DEBUG - 2025-07-14 18:13:22 --> Session: Class initialized using 'CodeIgniter\Session\Handlers\FileHandler' driver.
DEBUG - 2025-07-14 18:13:22 --> Session: Class initialized using 'CodeIgniter\Session\Handlers\FileHandler' driver.
DEBUG - 2025-07-14 18:13:26 --> Session: Class initialized using 'CodeIgniter\Session\Handlers\FileHandler' driver.
DEBUG - 2025-07-14 18:13:28 --> Session: Class initialized using 'CodeIgniter\Session\Handlers\FileHandler' driver.
DEBUG - 2025-07-14 18:13:37 --> Session: Class initialized using 'CodeIgniter\Session\Handlers\FileHandler' driver.
DEBUG - 2025-07-14 18:13:39 --> Session: Class initialized using 'CodeIgniter\Session\Handlers\FileHandler' driver.
DEBUG - 2025-07-14 18:13:41 --> Session: Class initialized using 'CodeIgniter\Session\Handlers\FileHandler' driver.
DEBUG - 2025-07-14 18:13:44 --> Session: Class initialized using 'CodeIgniter\Session\Handlers\FileHandler' driver.
DEBUG - 2025-07-14 18:14:42 --> Session: Class initialized using 'CodeIgniter\Session\Handlers\FileHandler' driver.
DEBUG - 2025-07-14 18:14:46 --> Session: Class initialized using 'CodeIgniter\Session\Handlers\FileHandler' driver.
DEBUG - 2025-07-14 18:15:43 --> Session: Class initialized using 'CodeIgniter\Session\Handlers\FileHandler' driver.
DEBUG - 2025-07-14 18:15:44 --> Session: Class initialized using 'CodeIgniter\Session\Handlers\FileHandler' driver.
CRITICAL - 2025-07-14 18:15:44 --> ErrorException: Undefined array key "id_wilayah"
[Method: GET, Route: siswa/2/edit]
in APPPATH\Views\siswa\edit.php on line 16.
 1 APPPATH\Views\siswa\edit.php(16): CodeIgniter\Debug\Exceptions->errorHandler(2, 'Undefined array key "id_wilayah"', 'C:\\laragon\\www\\montecarlo\\app\\Views\\siswa\\edit.php', 16)
 2 SYSTEMPATH\View\View.php(224): include('C:\\laragon\\www\\montecarlo\\app\\Views\\siswa\\edit.php')
 3 SYSTEMPATH\View\View.php(227): CodeIgniter\View\View->CodeIgniter\View\{closure}()
 4 SYSTEMPATH\Common.php(1173): CodeIgniter\View\View->render('siswa/edit', [], true)
 5 APPPATH\Controllers\Siswa.php(82): view('siswa/edit', [...])
 6 SYSTEMPATH\CodeIgniter.php(933): App\Controllers\Siswa->edit('2')
 7 SYSTEMPATH\CodeIgniter.php(507): CodeIgniter\CodeIgniter->runController(Object(App\Controllers\Siswa))
 8 SYSTEMPATH\CodeIgniter.php(354): CodeIgniter\CodeIgniter->handleRequest(null, Object(Config\Cache), false)
 9 SYSTEMPATH\Boot.php(334): CodeIgniter\CodeIgniter->run()
10 SYSTEMPATH\Boot.php(67): CodeIgniter\Boot::runCodeIgniter(Object(CodeIgniter\CodeIgniter))
11 FCPATH\index.php(59): CodeIgniter\Boot::bootWeb(Object(Config\Paths))
DEBUG - 2025-07-14 18:16:11 --> Session: Class initialized using 'CodeIgniter\Session\Handlers\FileHandler' driver.
CRITICAL - 2025-07-14 18:16:11 --> ErrorException: Undefined array key "id_wilayah"
[Method: GET, Route: siswa/2/edit]
in APPPATH\Views\siswa\edit.php on line 16.
 1 APPPATH\Views\siswa\edit.php(16): CodeIgniter\Debug\Exceptions->errorHandler(2, 'Undefined array key "id_wilayah"', 'C:\\laragon\\www\\montecarlo\\app\\Views\\siswa\\edit.php', 16)
 2 SYSTEMPATH\View\View.php(224): include('C:\\laragon\\www\\montecarlo\\app\\Views\\siswa\\edit.php')
 3 SYSTEMPATH\View\View.php(227): CodeIgniter\View\View->CodeIgniter\View\{closure}()
 4 SYSTEMPATH\Common.php(1173): CodeIgniter\View\View->render('siswa/edit', [], true)
 5 APPPATH\Controllers\Siswa.php(82): view('siswa/edit', [...])
 6 SYSTEMPATH\CodeIgniter.php(933): App\Controllers\Siswa->edit('2')
 7 SYSTEMPATH\CodeIgniter.php(507): CodeIgniter\CodeIgniter->runController(Object(App\Controllers\Siswa))
 8 SYSTEMPATH\CodeIgniter.php(354): CodeIgniter\CodeIgniter->handleRequest(null, Object(Config\Cache), false)
 9 SYSTEMPATH\Boot.php(334): CodeIgniter\CodeIgniter->run()
10 SYSTEMPATH\Boot.php(67): CodeIgniter\Boot::runCodeIgniter(Object(CodeIgniter\CodeIgniter))
11 FCPATH\index.php(59): CodeIgniter\Boot::bootWeb(Object(Config\Paths))
DEBUG - 2025-07-14 18:17:06 --> Session: Class initialized using 'CodeIgniter\Session\Handlers\FileHandler' driver.
CRITICAL - 2025-07-14 18:17:06 --> ErrorException: Undefined array key "id_wilayah"
[Method: GET, Route: siswa/2/edit]
in APPPATH\Views\siswa\edit.php on line 16.
 1 APPPATH\Views\siswa\edit.php(16): CodeIgniter\Debug\Exceptions->errorHandler(2, 'Undefined array key "id_wilayah"', 'C:\\laragon\\www\\montecarlo\\app\\Views\\siswa\\edit.php', 16)
 2 SYSTEMPATH\View\View.php(224): include('C:\\laragon\\www\\montecarlo\\app\\Views\\siswa\\edit.php')
 3 SYSTEMPATH\View\View.php(227): CodeIgniter\View\View->CodeIgniter\View\{closure}()
 4 SYSTEMPATH\Common.php(1173): CodeIgniter\View\View->render('siswa/edit', [], true)
 5 APPPATH\Controllers\Siswa.php(82): view('siswa/edit', [...])
 6 SYSTEMPATH\CodeIgniter.php(933): App\Controllers\Siswa->edit('2')
 7 SYSTEMPATH\CodeIgniter.php(507): CodeIgniter\CodeIgniter->runController(Object(App\Controllers\Siswa))
 8 SYSTEMPATH\CodeIgniter.php(354): CodeIgniter\CodeIgniter->handleRequest(null, Object(Config\Cache), false)
 9 SYSTEMPATH\Boot.php(334): CodeIgniter\CodeIgniter->run()
10 SYSTEMPATH\Boot.php(67): CodeIgniter\Boot::runCodeIgniter(Object(CodeIgniter\CodeIgniter))
11 FCPATH\index.php(59): CodeIgniter\Boot::bootWeb(Object(Config\Paths))
DEBUG - 2025-07-14 18:17:07 --> Session: Class initialized using 'CodeIgniter\Session\Handlers\FileHandler' driver.
DEBUG - 2025-07-14 18:17:09 --> Session: Class initialized using 'CodeIgniter\Session\Handlers\FileHandler' driver.
CRITICAL - 2025-07-14 18:17:09 --> ErrorException: Undefined array key "id_wilayah"
[Method: GET, Route: siswa/4/edit]
in APPPATH\Views\siswa\edit.php on line 16.
 1 APPPATH\Views\siswa\edit.php(16): CodeIgniter\Debug\Exceptions->errorHandler(2, 'Undefined array key "id_wilayah"', 'C:\\laragon\\www\\montecarlo\\app\\Views\\siswa\\edit.php', 16)
 2 SYSTEMPATH\View\View.php(224): include('C:\\laragon\\www\\montecarlo\\app\\Views\\siswa\\edit.php')
 3 SYSTEMPATH\View\View.php(227): CodeIgniter\View\View->CodeIgniter\View\{closure}()
 4 SYSTEMPATH\Common.php(1173): CodeIgniter\View\View->render('siswa/edit', [], true)
 5 APPPATH\Controllers\Siswa.php(82): view('siswa/edit', [...])
 6 SYSTEMPATH\CodeIgniter.php(933): App\Controllers\Siswa->edit('4')
 7 SYSTEMPATH\CodeIgniter.php(507): CodeIgniter\CodeIgniter->runController(Object(App\Controllers\Siswa))
 8 SYSTEMPATH\CodeIgniter.php(354): CodeIgniter\CodeIgniter->handleRequest(null, Object(Config\Cache), false)
 9 SYSTEMPATH\Boot.php(334): CodeIgniter\CodeIgniter->run()
10 SYSTEMPATH\Boot.php(67): CodeIgniter\Boot::runCodeIgniter(Object(CodeIgniter\CodeIgniter))
11 FCPATH\index.php(59): CodeIgniter\Boot::bootWeb(Object(Config\Paths))
DEBUG - 2025-07-14 18:17:52 --> Session: Class initialized using 'CodeIgniter\Session\Handlers\FileHandler' driver.
CRITICAL - 2025-07-14 18:17:52 --> ErrorException: Undefined array key "wilayah"
[Method: GET, Route: siswa/4/edit]
in APPPATH\Views\siswa\edit.php on line 16.
 1 APPPATH\Views\siswa\edit.php(16): CodeIgniter\Debug\Exceptions->errorHandler(2, 'Undefined array key "wilayah"', 'C:\\laragon\\www\\montecarlo\\app\\Views\\siswa\\edit.php', 16)
 2 SYSTEMPATH\View\View.php(224): include('C:\\laragon\\www\\montecarlo\\app\\Views\\siswa\\edit.php')
 3 SYSTEMPATH\View\View.php(227): CodeIgniter\View\View->CodeIgniter\View\{closure}()
 4 SYSTEMPATH\Common.php(1173): CodeIgniter\View\View->render('siswa/edit', [], true)
 5 APPPATH\Controllers\Siswa.php(82): view('siswa/edit', [...])
 6 SYSTEMPATH\CodeIgniter.php(933): App\Controllers\Siswa->edit('4')
 7 SYSTEMPATH\CodeIgniter.php(507): CodeIgniter\CodeIgniter->runController(Object(App\Controllers\Siswa))
 8 SYSTEMPATH\CodeIgniter.php(354): CodeIgniter\CodeIgniter->handleRequest(null, Object(Config\Cache), false)
 9 SYSTEMPATH\Boot.php(334): CodeIgniter\CodeIgniter->run()
10 SYSTEMPATH\Boot.php(67): CodeIgniter\Boot::runCodeIgniter(Object(CodeIgniter\CodeIgniter))
11 FCPATH\index.php(59): CodeIgniter\Boot::bootWeb(Object(Config\Paths))
DEBUG - 2025-07-14 18:18:21 --> Session: Class initialized using 'CodeIgniter\Session\Handlers\FileHandler' driver.
CRITICAL - 2025-07-14 18:18:21 --> ErrorException: Undefined array key "nama_kecamatan"
[Method: GET, Route: siswa/4/edit]
in APPPATH\Views\siswa\edit.php on line 16.
 1 APPPATH\Views\siswa\edit.php(16): CodeIgniter\Debug\Exceptions->errorHandler(2, 'Undefined array key "nama_kecamatan"', 'C:\\laragon\\www\\montecarlo\\app\\Views\\siswa\\edit.php', 16)
 2 SYSTEMPATH\View\View.php(224): include('C:\\laragon\\www\\montecarlo\\app\\Views\\siswa\\edit.php')
 3 SYSTEMPATH\View\View.php(227): CodeIgniter\View\View->CodeIgniter\View\{closure}()
 4 SYSTEMPATH\Common.php(1173): CodeIgniter\View\View->render('siswa/edit', [], true)
 5 APPPATH\Controllers\Siswa.php(82): view('siswa/edit', [...])
 6 SYSTEMPATH\CodeIgniter.php(933): App\Controllers\Siswa->edit('4')
 7 SYSTEMPATH\CodeIgniter.php(507): CodeIgniter\CodeIgniter->runController(Object(App\Controllers\Siswa))
 8 SYSTEMPATH\CodeIgniter.php(354): CodeIgniter\CodeIgniter->handleRequest(null, Object(Config\Cache), false)
 9 SYSTEMPATH\Boot.php(334): CodeIgniter\CodeIgniter->run()
10 SYSTEMPATH\Boot.php(67): CodeIgniter\Boot::runCodeIgniter(Object(CodeIgniter\CodeIgniter))
11 FCPATH\index.php(59): CodeIgniter\Boot::bootWeb(Object(Config\Paths))
DEBUG - 2025-07-14 18:18:36 --> Session: Class initialized using 'CodeIgniter\Session\Handlers\FileHandler' driver.
CRITICAL - 2025-07-14 18:18:36 --> CodeIgniter\View\Exceptions\ViewException: Invalid file: "layout/template.php"
[Method: GET, Route: siswa/4/edit]
in SYSTEMPATH\Exceptions\FrameworkException.php on line 39.
 1 SYSTEMPATH\View\View.php(212): CodeIgniter\Exceptions\FrameworkException::forInvalidFile('layout/template.php')
 2 SYSTEMPATH\View\View.php(240): CodeIgniter\View\View->render('layout/template', [], true)
 3 SYSTEMPATH\Common.php(1173): CodeIgniter\View\View->render('siswa/edit', [], true)
 4 APPPATH\Controllers\Siswa.php(82): view('siswa/edit', [...])
 5 SYSTEMPATH\CodeIgniter.php(933): App\Controllers\Siswa->edit('4')
 6 SYSTEMPATH\CodeIgniter.php(507): CodeIgniter\CodeIgniter->runController(Object(App\Controllers\Siswa))
 7 SYSTEMPATH\CodeIgniter.php(354): CodeIgniter\CodeIgniter->handleRequest(null, Object(Config\Cache), false)
 8 SYSTEMPATH\Boot.php(334): CodeIgniter\CodeIgniter->run()
 9 SYSTEMPATH\Boot.php(67): CodeIgniter\Boot::runCodeIgniter(Object(CodeIgniter\CodeIgniter))
10 FCPATH\index.php(59): CodeIgniter\Boot::bootWeb(Object(Config\Paths))
DEBUG - 2025-07-14 18:18:50 --> Session: Class initialized using 'CodeIgniter\Session\Handlers\FileHandler' driver.
DEBUG - 2025-07-14 18:18:57 --> Session: Class initialized using 'CodeIgniter\Session\Handlers\FileHandler' driver.
DEBUG - 2025-07-14 18:18:58 --> Session: Class initialized using 'CodeIgniter\Session\Handlers\FileHandler' driver.
DEBUG - 2025-07-14 18:19:00 --> Session: Class initialized using 'CodeIgniter\Session\Handlers\FileHandler' driver.
DEBUG - 2025-07-14 18:19:02 --> Session: Class initialized using 'CodeIgniter\Session\Handlers\FileHandler' driver.
DEBUG - 2025-07-14 18:19:03 --> Session: Class initialized using 'CodeIgniter\Session\Handlers\FileHandler' driver.
DEBUG - 2025-07-14 18:19:05 --> Session: Class initialized using 'CodeIgniter\Session\Handlers\FileHandler' driver.
DEBUG - 2025-07-14 18:19:06 --> Session: Class initialized using 'CodeIgniter\Session\Handlers\FileHandler' driver.
DEBUG - 2025-07-14 18:19:10 --> Session: Class initialized using 'CodeIgniter\Session\Handlers\FileHandler' driver.
DEBUG - 2025-07-14 18:19:10 --> Session: Class initialized using 'CodeIgniter\Session\Handlers\FileHandler' driver.
DEBUG - 2025-07-14 18:19:12 --> Session: Class initialized using 'CodeIgniter\Session\Handlers\FileHandler' driver.
DEBUG - 2025-07-14 18:19:15 --> Session: Class initialized using 'CodeIgniter\Session\Handlers\FileHandler' driver.
DEBUG - 2025-07-14 18:19:16 --> Session: Class initialized using 'CodeIgniter\Session\Handlers\FileHandler' driver.
DEBUG - 2025-07-14 18:19:39 --> Session: Class initialized using 'CodeIgniter\Session\Handlers\FileHandler' driver.
DEBUG - 2025-07-14 18:19:41 --> Session: Class initialized using 'CodeIgniter\Session\Handlers\FileHandler' driver.
DEBUG - 2025-07-14 18:19:41 --> Session: Class initialized using 'CodeIgniter\Session\Handlers\FileHandler' driver.
DEBUG - 2025-07-14 18:19:43 --> Session: Class initialized using 'CodeIgniter\Session\Handlers\FileHandler' driver.
DEBUG - 2025-07-14 18:20:03 --> Session: Class initialized using 'CodeIgniter\Session\Handlers\FileHandler' driver.
DEBUG - 2025-07-14 18:21:54 --> Session: Class initialized using 'CodeIgniter\Session\Handlers\FileHandler' driver.
DEBUG - 2025-07-14 18:21:59 --> Session: Class initialized using 'CodeIgniter\Session\Handlers\FileHandler' driver.
DEBUG - 2025-07-14 18:22:24 --> Session: Class initialized using 'CodeIgniter\Session\Handlers\FileHandler' driver.
DEBUG - 2025-07-14 18:22:29 --> Session: Class initialized using 'CodeIgniter\Session\Handlers\FileHandler' driver.
DEBUG - 2025-07-14 18:22:32 --> Session: Class initialized using 'CodeIgniter\Session\Handlers\FileHandler' driver.
DEBUG - 2025-07-14 18:22:33 --> Session: Class initialized using 'CodeIgniter\Session\Handlers\FileHandler' driver.
DEBUG - 2025-07-14 18:22:34 --> Session: Class initialized using 'CodeIgniter\Session\Handlers\FileHandler' driver.
DEBUG - 2025-07-14 18:22:38 --> Session: Class initialized using 'CodeIgniter\Session\Handlers\FileHandler' driver.
DEBUG - 2025-07-14 18:22:39 --> Session: Class initialized using 'CodeIgniter\Session\Handlers\FileHandler' driver.
DEBUG - 2025-07-14 18:22:40 --> Session: Class initialized using 'CodeIgniter\Session\Handlers\FileHandler' driver.
DEBUG - 2025-07-14 18:22:40 --> Session: Class initialized using 'CodeIgniter\Session\Handlers\FileHandler' driver.
DEBUG - 2025-07-14 18:22:42 --> Session: Class initialized using 'CodeIgniter\Session\Handlers\FileHandler' driver.
DEBUG - 2025-07-14 18:22:43 --> Session: Class initialized using 'CodeIgniter\Session\Handlers\FileHandler' driver.
DEBUG - 2025-07-14 18:22:47 --> Session: Class initialized using 'CodeIgniter\Session\Handlers\FileHandler' driver.
DEBUG - 2025-07-14 18:22:47 --> Session: Class initialized using 'CodeIgniter\Session\Handlers\FileHandler' driver.
DEBUG - 2025-07-14 18:22:49 --> Session: Class initialized using 'CodeIgniter\Session\Handlers\FileHandler' driver.
DEBUG - 2025-07-14 18:22:53 --> Session: Class initialized using 'CodeIgniter\Session\Handlers\FileHandler' driver.
DEBUG - 2025-07-14 18:22:54 --> Session: Class initialized using 'CodeIgniter\Session\Handlers\FileHandler' driver.
DEBUG - 2025-07-14 18:22:57 --> Session: Class initialized using 'CodeIgniter\Session\Handlers\FileHandler' driver.
DEBUG - 2025-07-14 18:24:16 --> Session: Class initialized using 'CodeIgniter\Session\Handlers\FileHandler' driver.
DEBUG - 2025-07-14 18:24:19 --> Session: Class initialized using 'CodeIgniter\Session\Handlers\FileHandler' driver.
DEBUG - 2025-07-14 18:24:53 --> Session: Class initialized using 'CodeIgniter\Session\Handlers\FileHandler' driver.
DEBUG - 2025-07-14 18:24:54 --> Session: Class initialized using 'CodeIgniter\Session\Handlers\FileHandler' driver.
DEBUG - 2025-07-14 18:24:54 --> Session: Class initialized using 'CodeIgniter\Session\Handlers\FileHandler' driver.
DEBUG - 2025-07-14 18:26:08 --> Session: Class initialized using 'CodeIgniter\Session\Handlers\FileHandler' driver.
DEBUG - 2025-07-14 18:26:09 --> Session: Class initialized using 'CodeIgniter\Session\Handlers\FileHandler' driver.
CRITICAL - 2025-07-14 18:26:09 --> ErrorException: Undefined variable $s
[Method: GET, Route: siswa/2/edit]
in APPPATH\Views\siswa\edit.php on line 8.
 1 APPPATH\Views\siswa\edit.php(8): CodeIgniter\Debug\Exceptions->errorHandler(2, 'Undefined variable $s', 'C:\\laragon\\www\\montecarlo\\app\\Views\\siswa\\edit.php', 8)
 2 SYSTEMPATH\View\View.php(224): include('C:\\laragon\\www\\montecarlo\\app\\Views\\siswa\\edit.php')
 3 SYSTEMPATH\View\View.php(227): CodeIgniter\View\View->CodeIgniter\View\{closure}()
 4 SYSTEMPATH\Common.php(1173): CodeIgniter\View\View->render('siswa/edit', [], true)
 5 APPPATH\Controllers\Siswa.php(82): view('siswa/edit', [...])
 6 SYSTEMPATH\CodeIgniter.php(933): App\Controllers\Siswa->edit('2')
 7 SYSTEMPATH\CodeIgniter.php(507): CodeIgniter\CodeIgniter->runController(Object(App\Controllers\Siswa))
 8 SYSTEMPATH\CodeIgniter.php(354): CodeIgniter\CodeIgniter->handleRequest(null, Object(Config\Cache), false)
 9 SYSTEMPATH\Boot.php(334): CodeIgniter\CodeIgniter->run()
10 SYSTEMPATH\Boot.php(67): CodeIgniter\Boot::runCodeIgniter(Object(CodeIgniter\CodeIgniter))
11 FCPATH\index.php(59): CodeIgniter\Boot::bootWeb(Object(Config\Paths))
DEBUG - 2025-07-14 18:26:25 --> Session: Class initialized using 'CodeIgniter\Session\Handlers\FileHandler' driver.
CRITICAL - 2025-07-14 18:26:25 --> ErrorException: Undefined variable $s
[Method: GET, Route: siswa/2/edit]
in APPPATH\Views\siswa\edit.php on line 8.
 1 APPPATH\Views\siswa\edit.php(8): CodeIgniter\Debug\Exceptions->errorHandler(2, 'Undefined variable $s', 'C:\\laragon\\www\\montecarlo\\app\\Views\\siswa\\edit.php', 8)
 2 SYSTEMPATH\View\View.php(224): include('C:\\laragon\\www\\montecarlo\\app\\Views\\siswa\\edit.php')
 3 SYSTEMPATH\View\View.php(227): CodeIgniter\View\View->CodeIgniter\View\{closure}()
 4 SYSTEMPATH\Common.php(1173): CodeIgniter\View\View->render('siswa/edit', [], true)
 5 APPPATH\Controllers\Siswa.php(82): view('siswa/edit', [...])
 6 SYSTEMPATH\CodeIgniter.php(933): App\Controllers\Siswa->edit('2')
 7 SYSTEMPATH\CodeIgniter.php(507): CodeIgniter\CodeIgniter->runController(Object(App\Controllers\Siswa))
 8 SYSTEMPATH\CodeIgniter.php(354): CodeIgniter\CodeIgniter->handleRequest(null, Object(Config\Cache), false)
 9 SYSTEMPATH\Boot.php(334): CodeIgniter\CodeIgniter->run()
10 SYSTEMPATH\Boot.php(67): CodeIgniter\Boot::runCodeIgniter(Object(CodeIgniter\CodeIgniter))
11 FCPATH\index.php(59): CodeIgniter\Boot::bootWeb(Object(Config\Paths))
DEBUG - 2025-07-14 18:26:54 --> Session: Class initialized using 'CodeIgniter\Session\Handlers\FileHandler' driver.
DEBUG - 2025-07-14 18:28:20 --> Session: Class initialized using 'CodeIgniter\Session\Handlers\FileHandler' driver.
DEBUG - 2025-07-14 18:28:21 --> Session: Class initialized using 'CodeIgniter\Session\Handlers\FileHandler' driver.
DEBUG - 2025-07-14 18:28:22 --> Session: Class initialized using 'CodeIgniter\Session\Handlers\FileHandler' driver.
DEBUG - 2025-07-14 18:28:24 --> Session: Class initialized using 'CodeIgniter\Session\Handlers\FileHandler' driver.
DEBUG - 2025-07-14 18:28:25 --> Session: Class initialized using 'CodeIgniter\Session\Handlers\FileHandler' driver.
DEBUG - 2025-07-14 18:28:26 --> Session: Class initialized using 'CodeIgniter\Session\Handlers\FileHandler' driver.
DEBUG - 2025-07-14 18:29:59 --> Session: Class initialized using 'CodeIgniter\Session\Handlers\FileHandler' driver.
DEBUG - 2025-07-14 18:30:00 --> Session: Class initialized using 'CodeIgniter\Session\Handlers\FileHandler' driver.
DEBUG - 2025-07-14 18:30:15 --> Session: Class initialized using 'CodeIgniter\Session\Handlers\FileHandler' driver.
DEBUG - 2025-07-14 18:30:16 --> Session: Class initialized using 'CodeIgniter\Session\Handlers\FileHandler' driver.
DEBUG - 2025-07-14 18:30:18 --> Session: Class initialized using 'CodeIgniter\Session\Handlers\FileHandler' driver.
DEBUG - 2025-07-14 18:30:20 --> Session: Class initialized using 'CodeIgniter\Session\Handlers\FileHandler' driver.
CRITICAL - 2025-07-14 18:30:20 --> ErrorException: Undefined array key "id_wilayah"
[Method: GET, Route: siswa/2/edit]
in APPPATH\Views\siswa\edit.php on line 25.
 1 APPPATH\Views\siswa\edit.php(25): CodeIgniter\Debug\Exceptions->errorHandler(2, 'Undefined array key "id_wilayah"', 'C:\\laragon\\www\\montecarlo\\app\\Views\\siswa\\edit.php', 25)
 2 SYSTEMPATH\View\View.php(224): include('C:\\laragon\\www\\montecarlo\\app\\Views\\siswa\\edit.php')
 3 SYSTEMPATH\View\View.php(227): CodeIgniter\View\View->CodeIgniter\View\{closure}()
 4 SYSTEMPATH\Common.php(1173): CodeIgniter\View\View->render('siswa/edit', [], true)
 5 APPPATH\Controllers\Siswa.php(82): view('siswa/edit', [...])
 6 SYSTEMPATH\CodeIgniter.php(933): App\Controllers\Siswa->edit('2')
 7 SYSTEMPATH\CodeIgniter.php(507): CodeIgniter\CodeIgniter->runController(Object(App\Controllers\Siswa))
 8 SYSTEMPATH\CodeIgniter.php(354): CodeIgniter\CodeIgniter->handleRequest(null, Object(Config\Cache), false)
 9 SYSTEMPATH\Boot.php(334): CodeIgniter\CodeIgniter->run()
10 SYSTEMPATH\Boot.php(67): CodeIgniter\Boot::runCodeIgniter(Object(CodeIgniter\CodeIgniter))
11 FCPATH\index.php(59): CodeIgniter\Boot::bootWeb(Object(Config\Paths))
DEBUG - 2025-07-14 18:30:41 --> Session: Class initialized using 'CodeIgniter\Session\Handlers\FileHandler' driver.
CRITICAL - 2025-07-14 18:30:41 --> ErrorException: Undefined array key "id_wilayah"
[Method: GET, Route: siswa/2/edit]
in APPPATH\Views\siswa\edit.php on line 25.
 1 APPPATH\Views\siswa\edit.php(25): CodeIgniter\Debug\Exceptions->errorHandler(2, 'Undefined array key "id_wilayah"', 'C:\\laragon\\www\\montecarlo\\app\\Views\\siswa\\edit.php', 25)
 2 SYSTEMPATH\View\View.php(224): include('C:\\laragon\\www\\montecarlo\\app\\Views\\siswa\\edit.php')
 3 SYSTEMPATH\View\View.php(227): CodeIgniter\View\View->CodeIgniter\View\{closure}()
 4 SYSTEMPATH\Common.php(1173): CodeIgniter\View\View->render('siswa/edit', [], true)
 5 APPPATH\Controllers\Siswa.php(82): view('siswa/edit', [...])
 6 SYSTEMPATH\CodeIgniter.php(933): App\Controllers\Siswa->edit('2')
 7 SYSTEMPATH\CodeIgniter.php(507): CodeIgniter\CodeIgniter->runController(Object(App\Controllers\Siswa))
 8 SYSTEMPATH\CodeIgniter.php(354): CodeIgniter\CodeIgniter->handleRequest(null, Object(Config\Cache), false)
 9 SYSTEMPATH\Boot.php(334): CodeIgniter\CodeIgniter->run()
10 SYSTEMPATH\Boot.php(67): CodeIgniter\Boot::runCodeIgniter(Object(CodeIgniter\CodeIgniter))
11 FCPATH\index.php(59): CodeIgniter\Boot::bootWeb(Object(Config\Paths))
DEBUG - 2025-07-14 18:31:02 --> Session: Class initialized using 'CodeIgniter\Session\Handlers\FileHandler' driver.
DEBUG - 2025-07-14 18:31:06 --> Session: Class initialized using 'CodeIgniter\Session\Handlers\FileHandler' driver.
DEBUG - 2025-07-14 18:31:06 --> Session: Class initialized using 'CodeIgniter\Session\Handlers\FileHandler' driver.
DEBUG - 2025-07-14 18:31:09 --> Session: Class initialized using 'CodeIgniter\Session\Handlers\FileHandler' driver.
DEBUG - 2025-07-14 18:31:12 --> Session: Class initialized using 'CodeIgniter\Session\Handlers\FileHandler' driver.
DEBUG - 2025-07-14 18:31:13 --> Session: Class initialized using 'CodeIgniter\Session\Handlers\FileHandler' driver.
DEBUG - 2025-07-14 18:31:15 --> Session: Class initialized using 'CodeIgniter\Session\Handlers\FileHandler' driver.
DEBUG - 2025-07-14 18:31:21 --> Session: Class initialized using 'CodeIgniter\Session\Handlers\FileHandler' driver.
DEBUG - 2025-07-14 18:31:21 --> Session: Class initialized using 'CodeIgniter\Session\Handlers\FileHandler' driver.
DEBUG - 2025-07-14 18:32:09 --> Session: Class initialized using 'CodeIgniter\Session\Handlers\FileHandler' driver.
DEBUG - 2025-07-14 18:32:12 --> Session: Class initialized using 'CodeIgniter\Session\Handlers\FileHandler' driver.
DEBUG - 2025-07-14 18:32:14 --> Session: Class initialized using 'CodeIgniter\Session\Handlers\FileHandler' driver.
DEBUG - 2025-07-14 18:32:15 --> Session: Class initialized using 'CodeIgniter\Session\Handlers\FileHandler' driver.
DEBUG - 2025-07-14 18:32:52 --> Session: Class initialized using 'CodeIgniter\Session\Handlers\FileHandler' driver.
DEBUG - 2025-07-14 18:32:55 --> Session: Class initialized using 'CodeIgniter\Session\Handlers\FileHandler' driver.
DEBUG - 2025-07-14 18:32:57 --> Session: Class initialized using 'CodeIgniter\Session\Handlers\FileHandler' driver.
DEBUG - 2025-07-14 18:32:57 --> Session: Class initialized using 'CodeIgniter\Session\Handlers\FileHandler' driver.
DEBUG - 2025-07-14 18:33:02 --> Session: Class initialized using 'CodeIgniter\Session\Handlers\FileHandler' driver.
DEBUG - 2025-07-14 18:33:04 --> Session: Class initialized using 'CodeIgniter\Session\Handlers\FileHandler' driver.
DEBUG - 2025-07-14 18:33:04 --> Session: Class initialized using 'CodeIgniter\Session\Handlers\FileHandler' driver.
DEBUG - 2025-07-14 18:33:24 --> Session: Class initialized using 'CodeIgniter\Session\Handlers\FileHandler' driver.
DEBUG - 2025-07-14 18:33:26 --> Session: Class initialized using 'CodeIgniter\Session\Handlers\FileHandler' driver.
DEBUG - 2025-07-14 18:33:26 --> Session: Class initialized using 'CodeIgniter\Session\Handlers\FileHandler' driver.
DEBUG - 2025-07-14 18:33:30 --> Session: Class initialized using 'CodeIgniter\Session\Handlers\FileHandler' driver.
DEBUG - 2025-07-14 18:33:32 --> Session: Class initialized using 'CodeIgniter\Session\Handlers\FileHandler' driver.
DEBUG - 2025-07-14 18:33:34 --> Session: Class initialized using 'CodeIgniter\Session\Handlers\FileHandler' driver.
DEBUG - 2025-07-14 18:33:34 --> Session: Class initialized using 'CodeIgniter\Session\Handlers\FileHandler' driver.
DEBUG - 2025-07-14 18:33:36 --> Session: Class initialized using 'CodeIgniter\Session\Handlers\FileHandler' driver.
DEBUG - 2025-07-14 18:33:38 --> Session: Class initialized using 'CodeIgniter\Session\Handlers\FileHandler' driver.
DEBUG - 2025-07-14 18:33:39 --> Session: Class initialized using 'CodeIgniter\Session\Handlers\FileHandler' driver.
DEBUG - 2025-07-14 18:33:41 --> Session: Class initialized using 'CodeIgniter\Session\Handlers\FileHandler' driver.
DEBUG - 2025-07-14 18:33:42 --> Session: Class initialized using 'CodeIgniter\Session\Handlers\FileHandler' driver.
DEBUG - 2025-07-14 18:33:44 --> Session: Class initialized using 'CodeIgniter\Session\Handlers\FileHandler' driver.
DEBUG - 2025-07-14 18:33:46 --> Session: Class initialized using 'CodeIgniter\Session\Handlers\FileHandler' driver.
DEBUG - 2025-07-14 18:33:47 --> Session: Class initialized using 'CodeIgniter\Session\Handlers\FileHandler' driver.
DEBUG - 2025-07-14 18:34:04 --> Session: Class initialized using 'CodeIgniter\Session\Handlers\FileHandler' driver.
DEBUG - 2025-07-14 18:34:06 --> Session: Class initialized using 'CodeIgniter\Session\Handlers\FileHandler' driver.
DEBUG - 2025-07-14 18:34:06 --> Session: Class initialized using 'CodeIgniter\Session\Handlers\FileHandler' driver.
DEBUG - 2025-07-14 18:34:07 --> Session: Class initialized using 'CodeIgniter\Session\Handlers\FileHandler' driver.
DEBUG - 2025-07-14 18:34:08 --> Session: Class initialized using 'CodeIgniter\Session\Handlers\FileHandler' driver.
DEBUG - 2025-07-14 18:34:30 --> Session: Class initialized using 'CodeIgniter\Session\Handlers\FileHandler' driver.
DEBUG - 2025-07-14 18:34:30 --> Session: Class initialized using 'CodeIgniter\Session\Handlers\FileHandler' driver.
DEBUG - 2025-07-14 18:34:39 --> Session: Class initialized using 'CodeIgniter\Session\Handlers\FileHandler' driver.
DEBUG - 2025-07-14 18:34:40 --> Session: Class initialized using 'CodeIgniter\Session\Handlers\FileHandler' driver.
DEBUG - 2025-07-14 18:34:42 --> Session: Class initialized using 'CodeIgniter\Session\Handlers\FileHandler' driver.
DEBUG - 2025-07-14 18:34:43 --> Session: Class initialized using 'CodeIgniter\Session\Handlers\FileHandler' driver.
DEBUG - 2025-07-14 18:34:44 --> Session: Class initialized using 'CodeIgniter\Session\Handlers\FileHandler' driver.
DEBUG - 2025-07-14 18:34:46 --> Session: Class initialized using 'CodeIgniter\Session\Handlers\FileHandler' driver.
DEBUG - 2025-07-14 18:34:55 --> Session: Class initialized using 'CodeIgniter\Session\Handlers\FileHandler' driver.
DEBUG - 2025-07-14 18:34:56 --> Session: Class initialized using 'CodeIgniter\Session\Handlers\FileHandler' driver.
DEBUG - 2025-07-14 18:35:07 --> Session: Class initialized using 'CodeIgniter\Session\Handlers\FileHandler' driver.
DEBUG - 2025-07-14 18:35:07 --> Session: Class initialized using 'CodeIgniter\Session\Handlers\FileHandler' driver.
DEBUG - 2025-07-14 18:35:12 --> Session: Class initialized using 'CodeIgniter\Session\Handlers\FileHandler' driver.
DEBUG - 2025-07-14 18:35:16 --> Session: Class initialized using 'CodeIgniter\Session\Handlers\FileHandler' driver.
DEBUG - 2025-07-14 18:35:17 --> Session: Class initialized using 'CodeIgniter\Session\Handlers\FileHandler' driver.
DEBUG - 2025-07-14 18:35:17 --> Session: Class initialized using 'CodeIgniter\Session\Handlers\FileHandler' driver.
DEBUG - 2025-07-14 18:35:19 --> Session: Class initialized using 'CodeIgniter\Session\Handlers\FileHandler' driver.
DEBUG - 2025-07-14 18:35:20 --> Session: Class initialized using 'CodeIgniter\Session\Handlers\FileHandler' driver.
DEBUG - 2025-07-14 18:35:25 --> Session: Class initialized using 'CodeIgniter\Session\Handlers\FileHandler' driver.
DEBUG - 2025-07-14 18:35:25 --> Session: Class initialized using 'CodeIgniter\Session\Handlers\FileHandler' driver.
DEBUG - 2025-07-14 18:35:29 --> Session: Class initialized using 'CodeIgniter\Session\Handlers\FileHandler' driver.
DEBUG - 2025-07-14 18:35:31 --> Session: Class initialized using 'CodeIgniter\Session\Handlers\FileHandler' driver.
DEBUG - 2025-07-14 18:35:34 --> Session: Class initialized using 'CodeIgniter\Session\Handlers\FileHandler' driver.
DEBUG - 2025-07-14 18:35:38 --> Session: Class initialized using 'CodeIgniter\Session\Handlers\FileHandler' driver.
DEBUG - 2025-07-14 18:35:40 --> Session: Class initialized using 'CodeIgniter\Session\Handlers\FileHandler' driver.
DEBUG - 2025-07-14 18:35:42 --> Session: Class initialized using 'CodeIgniter\Session\Handlers\FileHandler' driver.
DEBUG - 2025-07-14 18:35:47 --> Session: Class initialized using 'CodeIgniter\Session\Handlers\FileHandler' driver.
DEBUG - 2025-07-14 18:36:34 --> Session: Class initialized using 'CodeIgniter\Session\Handlers\FileHandler' driver.
DEBUG - 2025-07-14 18:36:35 --> Session: Class initialized using 'CodeIgniter\Session\Handlers\FileHandler' driver.
DEBUG - 2025-07-14 18:36:36 --> Session: Class initialized using 'CodeIgniter\Session\Handlers\FileHandler' driver.
DEBUG - 2025-07-14 18:36:41 --> Session: Class initialized using 'CodeIgniter\Session\Handlers\FileHandler' driver.
DEBUG - 2025-07-14 18:36:42 --> Session: Class initialized using 'CodeIgniter\Session\Handlers\FileHandler' driver.
DEBUG - 2025-07-14 18:36:47 --> Session: Class initialized using 'CodeIgniter\Session\Handlers\FileHandler' driver.
DEBUG - 2025-07-14 18:36:47 --> Session: Class initialized using 'CodeIgniter\Session\Handlers\FileHandler' driver.
DEBUG - 2025-07-14 18:36:50 --> Session: Class initialized using 'CodeIgniter\Session\Handlers\FileHandler' driver.
DEBUG - 2025-07-14 18:36:51 --> Session: Class initialized using 'CodeIgniter\Session\Handlers\FileHandler' driver.
